"fdr_adj","fdr_raw","fpr_adj","fpr_raw","power_adj","power_raw","bias","rmse","ci_coverage","n_genes_scored","n_true_de","scenario","seed","model"
1,1,0.005,0.088,NA,NA,NA,NA,NA,1000,0,"null","1","dream_blind"
1,1,0.003,0.07,NA,NA,NA,NA,NA,1000,0,"null","1","dream_napari"
1,1,0.003,0.07,NA,NA,NA,NA,NA,1000,0,"null","1","dream_quint"
1,1,0.617,0.79,NA,NA,NA,NA,NA,1000,0,"null","1","seurat_blind"
1,1,0.6,0.779,NA,NA,NA,NA,NA,1000,0,"null","1","seurat_napari"
1,1,0.6,0.779,NA,NA,NA,NA,NA,1000,0,"null","1","seurat_quint"
1,1,0.632,0.804,NA,NA,NA,NA,NA,1000,0,"null","1","wilcoxon"
NA,1,0,0.069,NA,NA,NA,NA,NA,1000,0,"null","1","deseq2_pb"
NA,1,0,0.082,NA,NA,NA,NA,NA,1000,0,"null","10","dream_napari"
NA,1,0,0.082,NA,NA,NA,NA,NA,1000,0,"null","10","dream_quint"
1,1,0.603,0.79,NA,NA,NA,NA,NA,1000,0,"null","10","seurat_blind"
1,1,0.607,0.776,NA,NA,NA,NA,NA,1000,0,"null","10","seurat_napari"
1,1,0.607,0.776,NA,NA,NA,NA,NA,1000,0,"null","10","seurat_quint"
1,1,0.624,0.808,NA,NA,NA,NA,NA,1000,0,"null","10","wilcoxon"
1,1,0.007,0.074,NA,NA,NA,NA,NA,1000,0,"null","10","deseq2_pb"
1,1,0.001,0.065,NA,NA,NA,NA,NA,1000,0,"null","11","dream_blind"
NA,1,0,0.052,NA,NA,NA,NA,NA,1000,0,"null","11","dream_napari"
NA,1,0,0.052,NA,NA,NA,NA,NA,1000,0,"null","11","dream_quint"
1,1,0.629,0.808,NA,NA,NA,NA,NA,1000,0,"null","11","seurat_blind"
1,1,0.609,0.757,NA,NA,NA,NA,NA,1000,0,"null","11","seurat_napari"
1,1,0.609,0.757,NA,NA,NA,NA,NA,1000,0,"null","11","seurat_quint"
1,1,0.636,0.804,NA,NA,NA,NA,NA,1000,0,"null","11","wilcoxon"
NA,1,0,0.074222668004012,NA,NA,NA,NA,NA,997,0,"null","11","deseq2_pb"
1,1,0.001,0.084,NA,NA,NA,NA,NA,1000,0,"null","12","dream_napari"
1,1,0.001,0.084,NA,NA,NA,NA,NA,1000,0,"null","12","dream_quint"
1,1,0.642,0.806,NA,NA,NA,NA,NA,1000,0,"null","12","seurat_blind"
1,1,0.632,0.793,NA,NA,NA,NA,NA,1000,0,"null","12","seurat_napari"
1,1,0.632,0.793,NA,NA,NA,NA,NA,1000,0,"null","12","seurat_quint"
1,1,0.656,0.819,NA,NA,NA,NA,NA,1000,0,"null","12","wilcoxon"
NA,1,0,0.084,NA,NA,NA,NA,NA,1000,0,"null","12","deseq2_pb"
1,1,0.01001001001001,0.0920920920920921,NA,NA,NA,NA,NA,999,0,"null","13","dream_blind"
1,1,0.002002002002002,0.0770770770770771,NA,NA,NA,NA,NA,999,0,"null","13","dream_napari"
1,1,0.002002002002002,0.0770770770770771,NA,NA,NA,NA,NA,999,0,"null","13","dream_quint"
1,1,0.599,0.78,NA,NA,NA,NA,NA,1000,0,"null","13","seurat_blind"
1,1,0.571,0.748,NA,NA,NA,NA,NA,1000,0,"null","13","seurat_napari"
1,1,0.571,0.748,NA,NA,NA,NA,NA,1000,0,"null","13","seurat_quint"
1,1,0.605,0.782,NA,NA,NA,NA,NA,1000,0,"null","13","wilcoxon"
NA,1,0,0.0722166499498496,NA,NA,NA,NA,NA,997,0,"null","13","deseq2_pb"
1,1,0.002,0.084,NA,NA,NA,NA,NA,1000,0,"null","14","dream_blind"
1,1,0.002,0.084,NA,NA,NA,NA,NA,1000,0,"null","14","dream_napari"
1,1,0.002,0.084,NA,NA,NA,NA,NA,1000,0,"null","14","dream_quint"
1,1,0.653,0.81,NA,NA,NA,NA,NA,1000,0,"null","14","seurat_blind"
1,1,0.627,0.793,NA,NA,NA,NA,NA,1000,0,"null","14","seurat_napari"
1,1,0.627,0.793,NA,NA,NA,NA,NA,1000,0,"null","14","seurat_quint"
1,1,0.667,0.831,NA,NA,NA,NA,NA,1000,0,"null","14","wilcoxon"
NA,1,0,0.0850850850850851,NA,NA,NA,NA,NA,999,0,"null","14","deseq2_pb"
1,1,0.003,0.088,NA,NA,NA,NA,NA,1000,0,"null","15","dream_blind"
NA,1,0,0.085,NA,NA,NA,NA,NA,1000,0,"null","15","dream_napari"
NA,1,0,0.085,NA,NA,NA,NA,NA,1000,0,"null","15","dream_quint"
1,1,0.631,0.792,NA,NA,NA,NA,NA,1000,0,"null","15","seurat_blind"
1,1,0.594,0.766,NA,NA,NA,NA,NA,1000,0,"null","15","seurat_napari"
1,1,0.594,0.766,NA,NA,NA,NA,NA,1000,0,"null","15","seurat_quint"
1,1,0.632,0.805,NA,NA,NA,NA,NA,1000,0,"null","15","wilcoxon"
1,1,0.002,0.083,NA,NA,NA,NA,NA,1000,0,"null","15","deseq2_pb"
1,1,0.003,0.094,NA,NA,NA,NA,NA,1000,0,"null","16","dream_blind"
NA,1,0,0.084,NA,NA,NA,NA,NA,1000,0,"null","16","dream_napari"
NA,1,0,0.084,NA,NA,NA,NA,NA,1000,0,"null","16","dream_quint"
1,1,0.638,0.809,NA,NA,NA,NA,NA,1000,0,"null","16","seurat_blind"
1,1,0.615,0.781,NA,NA,NA,NA,NA,1000,0,"null","16","seurat_napari"
1,1,0.615,0.781,NA,NA,NA,NA,NA,1000,0,"null","16","seurat_quint"
1,1,0.652,0.809,NA,NA,NA,NA,NA,1000,0,"null","16","wilcoxon"
1,1,0.00100200400801603,0.0811623246492986,NA,NA,NA,NA,NA,998,0,"null","16","deseq2_pb"
1,1,0.004,0.072,NA,NA,NA,NA,NA,1000,0,"null","17","dream_napari"
1,1,0.004,0.072,NA,NA,NA,NA,NA,1000,0,"null","17","dream_quint"
1,1,0.638,0.826,NA,NA,NA,NA,NA,1000,0,"null","17","seurat_blind"
1,1,0.611,0.784,NA,NA,NA,NA,NA,1000,0,"null","17","seurat_napari"
1,1,0.611,0.784,NA,NA,NA,NA,NA,1000,0,"null","17","seurat_quint"
1,1,0.649,0.816,NA,NA,NA,NA,NA,1000,0,"null","17","wilcoxon"
NA,1,0,0.077,NA,NA,NA,NA,NA,1000,0,"null","17","deseq2_pb"
1,1,0.001001001001001,0.11011011011011,NA,NA,NA,NA,NA,999,0,"null","18","dream_blind"
NA,1,0,0.0970970970970971,NA,NA,NA,NA,NA,999,0,"null","18","dream_napari"
NA,1,0,0.0970970970970971,NA,NA,NA,NA,NA,999,0,"null","18","dream_quint"
1,1,0.652,0.798,NA,NA,NA,NA,NA,1000,0,"null","18","seurat_blind"
1,1,0.636,0.771,NA,NA,NA,NA,NA,1000,0,"null","18","seurat_napari"
1,1,0.636,0.771,NA,NA,NA,NA,NA,1000,0,"null","18","seurat_quint"
1,1,0.648,0.804,NA,NA,NA,NA,NA,1000,0,"null","18","wilcoxon"
1,1,0.00501504513540622,0.078234704112337,NA,NA,NA,NA,NA,997,0,"null","18","deseq2_pb"
NA,1,0,0.084,NA,NA,NA,NA,NA,1000,0,"null","19","dream_blind"
NA,1,0,0.078,NA,NA,NA,NA,NA,1000,0,"null","19","dream_napari"
NA,1,0,0.078,NA,NA,NA,NA,NA,1000,0,"null","19","dream_quint"
1,1,0.618,0.805,NA,NA,NA,NA,NA,1000,0,"null","19","seurat_blind"
1,1,0.609,0.797,NA,NA,NA,NA,NA,1000,0,"null","19","seurat_napari"
1,1,0.609,0.797,NA,NA,NA,NA,NA,1000,0,"null","19","seurat_quint"
1,1,0.626,0.813,NA,NA,NA,NA,NA,1000,0,"null","19","wilcoxon"
1,1,0.00400801603206413,0.0731462925851703,NA,NA,NA,NA,NA,998,0,"null","19","deseq2_pb"
1,1,0.002,0.093,NA,NA,NA,NA,NA,1000,0,"null","2","dream_blind"
1,1,0.004,0.086,NA,NA,NA,NA,NA,1000,0,"null","2","dream_napari"
1,1,0.004,0.086,NA,NA,NA,NA,NA,1000,0,"null","2","dream_quint"
1,1,0.641,0.789,NA,NA,NA,NA,NA,1000,0,"null","2","seurat_blind"
1,1,0.617,0.764,NA,NA,NA,NA,NA,1000,0,"null","2","seurat_napari"
1,1,0.617,0.764,NA,NA,NA,NA,NA,1000,0,"null","2","seurat_quint"
1,1,0.656,0.8,NA,NA,NA,NA,NA,1000,0,"null","2","wilcoxon"
1,1,0.002,0.089,NA,NA,NA,NA,NA,1000,0,"null","2","deseq2_pb"
1,1,0.007,0.102,NA,NA,NA,NA,NA,1000,0,"null","20","dream_blind"
NA,1,0,0.097,NA,NA,NA,NA,NA,1000,0,"null","20","dream_napari"
NA,1,0,0.097,NA,NA,NA,NA,NA,1000,0,"null","20","dream_quint"
1,1,0.649,0.8,NA,NA,NA,NA,NA,1000,0,"null","20","seurat_blind"
1,1,0.637,0.796,NA,NA,NA,NA,NA,1000,0,"null","20","seurat_napari"
1,1,0.637,0.796,NA,NA,NA,NA,NA,1000,0,"null","20","seurat_quint"
1,1,0.662,0.812,NA,NA,NA,NA,NA,1000,0,"null","20","wilcoxon"
1,1,0.003,0.092,NA,NA,NA,NA,NA,1000,0,"null","20","deseq2_pb"
1,1,0.002,0.096,NA,NA,NA,NA,NA,1000,0,"null","21","dream_blind"
NA,1,0,0.097,NA,NA,NA,NA,NA,1000,0,"null","21","dream_napari"
NA,1,0,0.097,NA,NA,NA,NA,NA,1000,0,"null","21","dream_quint"
1,1,0.636,0.794,NA,NA,NA,NA,NA,1000,0,"null","21","seurat_blind"
1,1,0.632,0.8,NA,NA,NA,NA,NA,1000,0,"null","21","seurat_napari"
1,1,0.632,0.8,NA,NA,NA,NA,NA,1000,0,"null","21","seurat_quint"
1,1,0.653,0.809,NA,NA,NA,NA,NA,1000,0,"null","21","wilcoxon"
NA,1,0,0.084,NA,NA,NA,NA,NA,1000,0,"null","21","deseq2_pb"
1,1,0.001,0.083,NA,NA,NA,NA,NA,1000,0,"null","22","dream_blind"
NA,1,0,0.082,NA,NA,NA,NA,NA,1000,0,"null","22","dream_napari"
NA,1,0,0.082,NA,NA,NA,NA,NA,1000,0,"null","22","dream_quint"
1,1,0.626,0.8,NA,NA,NA,NA,NA,1000,0,"null","22","seurat_blind"
1,1,0.595,0.793,NA,NA,NA,NA,NA,1000,0,"null","22","seurat_napari"
1,1,0.595,0.793,NA,NA,NA,NA,NA,1000,0,"null","22","seurat_quint"
1,1,0.631,0.807,NA,NA,NA,NA,NA,1000,0,"null","22","wilcoxon"
NA,1,0,0.082,NA,NA,NA,NA,NA,1000,0,"null","22","deseq2_pb"
1,1,0.006,0.078,NA,NA,NA,NA,NA,1000,0,"null","23","dream_blind"
1,1,0.004,0.072,NA,NA,NA,NA,NA,1000,0,"null","23","dream_napari"
1,1,0.004,0.072,NA,NA,NA,NA,NA,1000,0,"null","23","dream_quint"
1,1,0.619,0.793,NA,NA,NA,NA,NA,1000,0,"null","23","seurat_blind"
1,1,0.608,0.769,NA,NA,NA,NA,NA,1000,0,"null","23","seurat_napari"
1,1,0.608,0.769,NA,NA,NA,NA,NA,1000,0,"null","23","seurat_quint"
1,1,0.627,0.792,NA,NA,NA,NA,NA,1000,0,"null","23","wilcoxon"
1,1,0.0030060120240481,0.0851703406813627,NA,NA,NA,NA,NA,998,0,"null","23","deseq2_pb"
NA,1,0,0.08,NA,NA,NA,NA,NA,1000,0,"null","24","dream_blind"
1,1,0.001,0.08,NA,NA,NA,NA,NA,1000,0,"null","24","dream_napari"
1,1,0.001,0.08,NA,NA,NA,NA,NA,1000,0,"null","24","dream_quint"
1,1,0.639,0.807,NA,NA,NA,NA,NA,1000,0,"null","24","seurat_blind"
1,1,0.619,0.769,NA,NA,NA,NA,NA,1000,0,"null","24","seurat_napari"
1,1,0.619,0.769,NA,NA,NA,NA,NA,1000,0,"null","24","seurat_quint"
1,1,0.649,0.803,NA,NA,NA,NA,NA,1000,0,"null","24","wilcoxon"
1,1,0.003003003003003,0.0770770770770771,NA,NA,NA,NA,NA,999,0,"null","24","deseq2_pb"
1,1,0.003,0.084,NA,NA,NA,NA,NA,1000,0,"null","25","dream_blind"
1,1,0.004,0.084,NA,NA,NA,NA,NA,1000,0,"null","25","dream_napari"
1,1,0.004,0.084,NA,NA,NA,NA,NA,1000,0,"null","25","dream_quint"
1,1,0.652,0.82,NA,NA,NA,NA,NA,1000,0,"null","25","seurat_blind"
1,1,0.636,0.792,NA,NA,NA,NA,NA,1000,0,"null","25","seurat_napari"
1,1,0.636,0.792,NA,NA,NA,NA,NA,1000,0,"null","25","seurat_quint"
1,1,0.689,0.828,NA,NA,NA,NA,NA,1000,0,"null","25","wilcoxon"
1,1,0.002,0.073,NA,NA,NA,NA,NA,1000,0,"null","25","deseq2_pb"
1,1,0.003,0.088,NA,NA,NA,NA,NA,1000,0,"null","26","dream_blind"
1,1,0.002,0.082,NA,NA,NA,NA,NA,1000,0,"null","26","dream_napari"
1,1,0.002,0.082,NA,NA,NA,NA,NA,1000,0,"null","26","dream_quint"
1,1,0.626,0.794,NA,NA,NA,NA,NA,1000,0,"null","26","seurat_blind"
1,1,0.622,0.803,NA,NA,NA,NA,NA,1000,0,"null","26","seurat_napari"
1,1,0.622,0.803,NA,NA,NA,NA,NA,1000,0,"null","26","seurat_quint"
1,1,0.645,0.805,NA,NA,NA,NA,NA,1000,0,"null","26","wilcoxon"
NA,1,0,0.084,NA,NA,NA,NA,NA,1000,0,"null","26","deseq2_pb"
1,1,0.001,0.074,NA,NA,NA,NA,NA,1000,0,"null","27","dream_blind"
1,1,0.001,0.077,NA,NA,NA,NA,NA,1000,0,"null","27","dream_napari"
1,1,0.001,0.077,NA,NA,NA,NA,NA,1000,0,"null","27","dream_quint"
1,1,0.618,0.789,NA,NA,NA,NA,NA,1000,0,"null","27","seurat_blind"
1,1,0.615,0.792,NA,NA,NA,NA,NA,1000,0,"null","27","seurat_napari"
1,1,0.615,0.792,NA,NA,NA,NA,NA,1000,0,"null","27","seurat_quint"
1,1,0.643,0.801,NA,NA,NA,NA,NA,1000,0,"null","27","wilcoxon"
NA,1,0,0.0781563126252505,NA,NA,NA,NA,NA,998,0,"null","27","deseq2_pb"
1,1,0.008,0.089,NA,NA,NA,NA,NA,1000,0,"null","28","dream_napari"
1,1,0.008,0.089,NA,NA,NA,NA,NA,1000,0,"null","28","dream_quint"
1,1,0.639,0.801,NA,NA,NA,NA,NA,1000,0,"null","28","seurat_blind"
1,1,0.622,0.776,NA,NA,NA,NA,NA,1000,0,"null","28","seurat_napari"
1,1,0.622,0.776,NA,NA,NA,NA,NA,1000,0,"null","28","seurat_quint"
1,1,0.646,0.814,NA,NA,NA,NA,NA,1000,0,"null","28","wilcoxon"
1,1,0.004,0.077,NA,NA,NA,NA,NA,1000,0,"null","28","deseq2_pb"
1,1,0.001001001001001,0.0970970970970971,NA,NA,NA,NA,NA,999,0,"null","29","dream_blind"
1,1,0.004004004004004,0.102102102102102,NA,NA,NA,NA,NA,999,0,"null","29","dream_napari"
1,1,0.004004004004004,0.102102102102102,NA,NA,NA,NA,NA,999,0,"null","29","dream_quint"
1,1,0.629,0.797,NA,NA,NA,NA,NA,1000,0,"null","29","seurat_blind"
1,1,0.618,0.788,NA,NA,NA,NA,NA,1000,0,"null","29","seurat_napari"
1,1,0.618,0.788,NA,NA,NA,NA,NA,1000,0,"null","29","seurat_quint"
1,1,0.651,0.819,NA,NA,NA,NA,NA,1000,0,"null","29","wilcoxon"
1,1,0.00601805416248746,0.0992978936810431,NA,NA,NA,NA,NA,997,0,"null","29","deseq2_pb"
1,1,0.011,0.09,NA,NA,NA,NA,NA,1000,0,"null","3","dream_blind"
1,1,0.01,0.084,NA,NA,NA,NA,NA,1000,0,"null","3","dream_napari"
1,1,0.01,0.084,NA,NA,NA,NA,NA,1000,0,"null","3","dream_quint"
1,1,0.692,0.831,NA,NA,NA,NA,NA,1000,0,"null","3","seurat_blind"
1,1,0.663,0.811,NA,NA,NA,NA,NA,1000,0,"null","3","seurat_napari"
1,1,0.663,0.811,NA,NA,NA,NA,NA,1000,0,"null","3","seurat_quint"
1,1,0.698,0.831,NA,NA,NA,NA,NA,1000,0,"null","3","wilcoxon"
1,1,0.002,0.093,NA,NA,NA,NA,NA,1000,0,"null","3","deseq2_pb"
1,1,0.008,0.078,NA,NA,NA,NA,NA,1000,0,"null","30","dream_blind"
1,1,0.012,0.077,NA,NA,NA,NA,NA,1000,0,"null","30","dream_napari"
1,1,0.012,0.077,NA,NA,NA,NA,NA,1000,0,"null","30","dream_quint"
1,1,0.589,0.761,NA,NA,NA,NA,NA,1000,0,"null","30","seurat_blind"
1,1,0.583,0.758,NA,NA,NA,NA,NA,1000,0,"null","30","seurat_napari"
1,1,0.583,0.758,NA,NA,NA,NA,NA,1000,0,"null","30","seurat_quint"
1,1,0.613,0.783,NA,NA,NA,NA,NA,1000,0,"null","30","wilcoxon"
1,1,0.00501002004008016,0.0731462925851703,NA,NA,NA,NA,NA,998,0,"null","30","deseq2_pb"
1,1,0.005,0.078,NA,NA,NA,NA,NA,1000,0,"null","31","dream_blind"
1,1,0.002,0.083,NA,NA,NA,NA,NA,1000,0,"null","31","dream_napari"
1,1,0.002,0.083,NA,NA,NA,NA,NA,1000,0,"null","31","dream_quint"
1,1,0.601,0.785,NA,NA,NA,NA,NA,1000,0,"null","31","seurat_blind"
1,1,0.595,0.769,NA,NA,NA,NA,NA,1000,0,"null","31","seurat_napari"
1,1,0.595,0.769,NA,NA,NA,NA,NA,1000,0,"null","31","seurat_quint"
1,1,0.61,0.802,NA,NA,NA,NA,NA,1000,0,"null","31","wilcoxon"
1,1,0.003,0.07,NA,NA,NA,NA,NA,1000,0,"null","31","deseq2_pb"
1,1,0.001,0.106,NA,NA,NA,NA,NA,1000,0,"null","32","dream_blind"
NA,1,0,0.093,NA,NA,NA,NA,NA,1000,0,"null","32","dream_napari"
NA,1,0,0.093,NA,NA,NA,NA,NA,1000,0,"null","32","dream_quint"
1,1,0.61,0.787,NA,NA,NA,NA,NA,1000,0,"null","32","seurat_blind"
1,1,0.608,0.766,NA,NA,NA,NA,NA,1000,0,"null","32","seurat_napari"
1,1,0.608,0.766,NA,NA,NA,NA,NA,1000,0,"null","32","seurat_quint"
1,1,0.619,0.785,NA,NA,NA,NA,NA,1000,0,"null","32","wilcoxon"
NA,1,0,0.088,NA,NA,NA,NA,NA,1000,0,"null","32","deseq2_pb"
1,1,0.004,0.099,NA,NA,NA,NA,NA,1000,0,"null","33","dream_blind"
1,1,0.004,0.092,NA,NA,NA,NA,NA,1000,0,"null","33","dream_napari"
1,1,0.004,0.092,NA,NA,NA,NA,NA,1000,0,"null","33","dream_quint"
1,1,0.637,0.795,NA,NA,NA,NA,NA,1000,0,"null","33","seurat_blind"
1,1,0.624,0.782,NA,NA,NA,NA,NA,1000,0,"null","33","seurat_napari"
1,1,0.624,0.782,NA,NA,NA,NA,NA,1000,0,"null","33","seurat_quint"
1,1,0.648,0.799,NA,NA,NA,NA,NA,1000,0,"null","33","wilcoxon"
1,1,0.001001001001001,0.0770770770770771,NA,NA,NA,NA,NA,999,0,"null","33","deseq2_pb"
1,1,0.003,0.088,NA,NA,NA,NA,NA,1000,0,"null","34","dream_blind"
1,1,0.005,0.079,NA,NA,NA,NA,NA,1000,0,"null","34","dream_napari"
1,1,0.005,0.079,NA,NA,NA,NA,NA,1000,0,"null","34","dream_quint"
1,1,0.671,0.838,NA,NA,NA,NA,NA,1000,0,"null","34","seurat_blind"
1,1,0.642,0.801,NA,NA,NA,NA,NA,1000,0,"null","34","seurat_napari"
1,1,0.642,0.801,NA,NA,NA,NA,NA,1000,0,"null","34","seurat_quint"
1,1,0.693,0.845,NA,NA,NA,NA,NA,1000,0,"null","34","wilcoxon"
1,1,0.003003003003003,0.0910910910910911,NA,NA,NA,NA,NA,999,0,"null","34","deseq2_pb"
1,1,0.001,0.084,NA,NA,NA,NA,NA,1000,0,"null","35","dream_blind"
NA,1,0,0.08,NA,NA,NA,NA,NA,1000,0,"null","35","dream_napari"
NA,1,0,0.08,NA,NA,NA,NA,NA,1000,0,"null","35","dream_quint"
1,1,0.634,0.801,NA,NA,NA,NA,NA,1000,0,"null","35","seurat_blind"
1,1,0.607,0.77,NA,NA,NA,NA,NA,1000,0,"null","35","seurat_napari"
1,1,0.607,0.77,NA,NA,NA,NA,NA,1000,0,"null","35","seurat_quint"
1,1,0.648,0.81,NA,NA,NA,NA,NA,1000,0,"null","35","wilcoxon"
1,1,0.005005005005005,0.0770770770770771,NA,NA,NA,NA,NA,999,0,"null","35","deseq2_pb"
1,1,0.005005005005005,0.0880880880880881,NA,NA,NA,NA,NA,999,0,"null","36","dream_blind"
1,1,0.004004004004004,0.0750750750750751,NA,NA,NA,NA,NA,999,0,"null","36","dream_napari"
1,1,0.004004004004004,0.0750750750750751,NA,NA,NA,NA,NA,999,0,"null","36","dream_quint"
1,1,0.646,0.82,NA,NA,NA,NA,NA,1000,0,"null","36","seurat_blind"
1,1,0.615,0.8,NA,NA,NA,NA,NA,1000,0,"null","36","seurat_napari"
1,1,0.615,0.8,NA,NA,NA,NA,NA,1000,0,"null","36","seurat_quint"
1,1,0.652,0.819,NA,NA,NA,NA,NA,1000,0,"null","36","wilcoxon"
1,1,0.00600600600600601,0.0790790790790791,NA,NA,NA,NA,NA,999,0,"null","36","deseq2_pb"
NA,1,0,0.081,NA,NA,NA,NA,NA,1000,0,"null","37","dream_blind"
1,1,0.001,0.071,NA,NA,NA,NA,NA,1000,0,"null","37","dream_napari"
1,1,0.001,0.071,NA,NA,NA,NA,NA,1000,0,"null","37","dream_quint"
1,1,0.597,0.787,NA,NA,NA,NA,NA,1000,0,"null","37","seurat_blind"
1,1,0.588,0.768,NA,NA,NA,NA,NA,1000,0,"null","37","seurat_napari"
1,1,0.588,0.768,NA,NA,NA,NA,NA,1000,0,"null","37","seurat_quint"
1,1,0.615,0.8,NA,NA,NA,NA,NA,1000,0,"null","37","wilcoxon"
1,1,0.003,0.078,NA,NA,NA,NA,NA,1000,0,"null","37","deseq2_pb"
1,1,0.004004004004004,0.0790790790790791,NA,NA,NA,NA,NA,999,0,"null","38","dream_blind"
1,1,0.003003003003003,0.0790790790790791,NA,NA,NA,NA,NA,999,0,"null","38","dream_napari"
1,1,0.003003003003003,0.0790790790790791,NA,NA,NA,NA,NA,999,0,"null","38","dream_quint"
1,1,0.587,0.775,NA,NA,NA,NA,NA,1000,0,"null","38","seurat_blind"
1,1,0.6,0.774,NA,NA,NA,NA,NA,1000,0,"null","38","seurat_napari"
1,1,0.6,0.774,NA,NA,NA,NA,NA,1000,0,"null","38","seurat_quint"
1,1,0.612,0.79,NA,NA,NA,NA,NA,1000,0,"null","38","wilcoxon"
NA,1,0,0.0773092369477912,NA,NA,NA,NA,NA,996,0,"null","38","deseq2_pb"
NA,1,0,0.063,NA,NA,NA,NA,NA,1000,0,"null","39","dream_blind"
1,1,0.001,0.054,NA,NA,NA,NA,NA,1000,0,"null","39","dream_napari"
1,1,0.001,0.054,NA,NA,NA,NA,NA,1000,0,"null","39","dream_quint"
1,1,0.595,0.782,NA,NA,NA,NA,NA,1000,0,"null","39","seurat_blind"
1,1,0.563,0.761,NA,NA,NA,NA,NA,1000,0,"null","39","seurat_napari"
1,1,0.563,0.761,NA,NA,NA,NA,NA,1000,0,"null","39","seurat_quint"
1,1,0.61,0.787,NA,NA,NA,NA,NA,1000,0,"null","39","wilcoxon"
1,1,0.001001001001001,0.0520520520520521,NA,NA,NA,NA,NA,999,0,"null","39","deseq2_pb"
1,1,0.001,0.067,NA,NA,NA,NA,NA,1000,0,"null","4","dream_blind"
1,1,0.001,0.054,NA,NA,NA,NA,NA,1000,0,"null","4","dream_napari"
1,1,0.001,0.054,NA,NA,NA,NA,NA,1000,0,"null","4","dream_quint"
1,1,0.639,0.807,NA,NA,NA,NA,NA,1000,0,"null","4","seurat_blind"
1,1,0.62,0.791,NA,NA,NA,NA,NA,1000,0,"null","4","seurat_napari"
1,1,0.62,0.791,NA,NA,NA,NA,NA,1000,0,"null","4","seurat_quint"
1,1,0.661,0.819,NA,NA,NA,NA,NA,1000,0,"null","4","wilcoxon"
NA,1,0,0.065,NA,NA,NA,NA,NA,1000,0,"null","4","deseq2_pb"
1,1,0.005,0.088,NA,NA,NA,NA,NA,1000,0,"null","40","dream_blind"
1,1,0.008,0.08,NA,NA,NA,NA,NA,1000,0,"null","40","dream_napari"
1,1,0.008,0.08,NA,NA,NA,NA,NA,1000,0,"null","40","dream_quint"
1,1,0.605,0.779,NA,NA,NA,NA,NA,1000,0,"null","40","seurat_blind"
1,1,0.596,0.764,NA,NA,NA,NA,NA,1000,0,"null","40","seurat_napari"
1,1,0.596,0.764,NA,NA,NA,NA,NA,1000,0,"null","40","seurat_quint"
1,1,0.631,0.805,NA,NA,NA,NA,NA,1000,0,"null","40","wilcoxon"
NA,1,0,0.0881763527054108,NA,NA,NA,NA,NA,998,0,"null","40","deseq2_pb"
1,1,0.009,0.092,NA,NA,NA,NA,NA,1000,0,"null","41","dream_blind"
1,1,0.004,0.075,NA,NA,NA,NA,NA,1000,0,"null","41","dream_napari"
1,1,0.004,0.075,NA,NA,NA,NA,NA,1000,0,"null","41","dream_quint"
1,1,0.632,0.787,NA,NA,NA,NA,NA,1000,0,"null","41","seurat_blind"
1,1,0.623,0.772,NA,NA,NA,NA,NA,1000,0,"null","41","seurat_napari"
1,1,0.623,0.772,NA,NA,NA,NA,NA,1000,0,"null","41","seurat_quint"
1,1,0.646,0.798,NA,NA,NA,NA,NA,1000,0,"null","41","wilcoxon"
NA,1,0,0.0671342685370741,NA,NA,NA,NA,NA,998,0,"null","41","deseq2_pb"
1,1,0.007,0.1,NA,NA,NA,NA,NA,1000,0,"null","42","dream_blind"
1,1,0.003,0.089,NA,NA,NA,NA,NA,1000,0,"null","42","dream_napari"
1,1,0.003,0.089,NA,NA,NA,NA,NA,1000,0,"null","42","dream_quint"
1,1,0.634,0.805,NA,NA,NA,NA,NA,1000,0,"null","42","seurat_blind"
1,1,0.62,0.779,NA,NA,NA,NA,NA,1000,0,"null","42","seurat_napari"
1,1,0.62,0.779,NA,NA,NA,NA,NA,1000,0,"null","42","seurat_quint"
1,1,0.644,0.819,NA,NA,NA,NA,NA,1000,0,"null","42","wilcoxon"
1,1,0.002,0.089,NA,NA,NA,NA,NA,1000,0,"null","42","deseq2_pb"
1,1,0.003,0.079,NA,NA,NA,NA,NA,1000,0,"null","43","dream_blind"
1,1,0.003,0.063,NA,NA,NA,NA,NA,1000,0,"null","43","dream_napari"
1,1,0.003,0.063,NA,NA,NA,NA,NA,1000,0,"null","43","dream_quint"
1,1,0.62,0.796,NA,NA,NA,NA,NA,1000,0,"null","43","seurat_blind"
1,1,0.581,0.754,NA,NA,NA,NA,NA,1000,0,"null","43","seurat_napari"
1,1,0.581,0.754,NA,NA,NA,NA,NA,1000,0,"null","43","seurat_quint"
1,1,0.63,0.8,NA,NA,NA,NA,NA,1000,0,"null","43","wilcoxon"
1,1,0.001,0.069,NA,NA,NA,NA,NA,1000,0,"null","43","deseq2_pb"
1,1,0.0030060120240481,0.0961923847695391,NA,NA,NA,NA,NA,998,0,"null","44","dream_blind"
NA,1,0,0.0821643286573146,NA,NA,NA,NA,NA,998,0,"null","44","dream_napari"
NA,1,0,0.0821643286573146,NA,NA,NA,NA,NA,998,0,"null","44","dream_quint"
1,1,0.632,0.808,NA,NA,NA,NA,NA,1000,0,"null","44","seurat_blind"
1,1,0.62,0.788,NA,NA,NA,NA,NA,1000,0,"null","44","seurat_napari"
1,1,0.62,0.788,NA,NA,NA,NA,NA,1000,0,"null","44","seurat_quint"
1,1,0.639,0.811,NA,NA,NA,NA,NA,1000,0,"null","44","wilcoxon"
1,1,0.00100300902708124,0.0892678034102307,NA,NA,NA,NA,NA,997,0,"null","44","deseq2_pb"
1,1,0.004,0.096,NA,NA,NA,NA,NA,1000,0,"null","45","dream_blind"
1,1,0.004,0.085,NA,NA,NA,NA,NA,1000,0,"null","45","dream_napari"
1,1,0.004,0.085,NA,NA,NA,NA,NA,1000,0,"null","45","dream_quint"
1,1,0.617,0.81,NA,NA,NA,NA,NA,1000,0,"null","45","seurat_blind"
1,1,0.605,0.791,NA,NA,NA,NA,NA,1000,0,"null","45","seurat_napari"
1,1,0.605,0.791,NA,NA,NA,NA,NA,1000,0,"null","45","seurat_quint"
1,1,0.637,0.809,NA,NA,NA,NA,NA,1000,0,"null","45","wilcoxon"
NA,1,0,0.085,NA,NA,NA,NA,NA,1000,0,"null","45","deseq2_pb"
1,1,0.002,0.098,NA,NA,NA,NA,NA,1000,0,"null","46","dream_blind"
NA,1,0,0.081,NA,NA,NA,NA,NA,1000,0,"null","46","dream_napari"
NA,1,0,0.081,NA,NA,NA,NA,NA,1000,0,"null","46","dream_quint"
1,1,0.634,0.828,NA,NA,NA,NA,NA,1000,0,"null","46","seurat_blind"
1,1,0.606,0.789,NA,NA,NA,NA,NA,1000,0,"null","46","seurat_napari"
1,1,0.606,0.789,NA,NA,NA,NA,NA,1000,0,"null","46","seurat_quint"
1,1,0.639,0.832,NA,NA,NA,NA,NA,1000,0,"null","46","wilcoxon"
1,1,0.004,0.082,NA,NA,NA,NA,NA,1000,0,"null","46","deseq2_pb"
1,1,0.005005005005005,0.0830830830830831,NA,NA,NA,NA,NA,999,0,"null","47","dream_blind"
1,1,0.00402010050251256,0.0733668341708543,NA,NA,NA,NA,NA,995,0,"null","47","dream_napari"
1,1,0.00402010050251256,0.0733668341708543,NA,NA,NA,NA,NA,995,0,"null","47","dream_quint"
1,1,0.627,0.798,NA,NA,NA,NA,NA,1000,0,"null","47","seurat_blind"
1,1,0.607,0.777,NA,NA,NA,NA,NA,1000,0,"null","47","seurat_napari"
1,1,0.607,0.777,NA,NA,NA,NA,NA,1000,0,"null","47","seurat_quint"
1,1,0.643,0.808,NA,NA,NA,NA,NA,1000,0,"null","47","wilcoxon"
1,1,0.00200400801603206,0.0831663326653307,NA,NA,NA,NA,NA,998,0,"null","47","deseq2_pb"
1,1,0.005,0.078,NA,NA,NA,NA,NA,1000,0,"null","48","dream_blind"
1,1,0.004,0.086,NA,NA,NA,NA,NA,1000,0,"null","48","dream_napari"
1,1,0.004,0.086,NA,NA,NA,NA,NA,1000,0,"null","48","dream_quint"
1,1,0.649,0.803,NA,NA,NA,NA,NA,1000,0,"null","48","seurat_blind"
1,1,0.643,0.802,NA,NA,NA,NA,NA,1000,0,"null","48","seurat_napari"
1,1,0.643,0.802,NA,NA,NA,NA,NA,1000,0,"null","48","seurat_quint"
1,1,0.656,0.816,NA,NA,NA,NA,NA,1000,0,"null","48","wilcoxon"
NA,1,0,0.093,NA,NA,NA,NA,NA,1000,0,"null","48","deseq2_pb"
1,1,0.005,0.087,NA,NA,NA,NA,NA,1000,0,"null","49","dream_blind"
1,1,0.003,0.083,NA,NA,NA,NA,NA,1000,0,"null","49","dream_napari"
1,1,0.003,0.083,NA,NA,NA,NA,NA,1000,0,"null","49","dream_quint"
1,1,0.635,0.803,NA,NA,NA,NA,NA,1000,0,"null","49","seurat_blind"
1,1,0.619,0.772,NA,NA,NA,NA,NA,1000,0,"null","49","seurat_napari"
1,1,0.619,0.772,NA,NA,NA,NA,NA,1000,0,"null","49","seurat_quint"
1,1,0.644,0.802,NA,NA,NA,NA,NA,1000,0,"null","49","wilcoxon"
1,1,0.004004004004004,0.0880880880880881,NA,NA,NA,NA,NA,999,0,"null","49","deseq2_pb"
NA,1,0,0.076,NA,NA,NA,NA,NA,1000,0,"null","5","dream_blind"
NA,1,0,0.063,NA,NA,NA,NA,NA,1000,0,"null","5","dream_napari"
NA,1,0,0.063,NA,NA,NA,NA,NA,1000,0,"null","5","dream_quint"
1,1,0.645,0.807,NA,NA,NA,NA,NA,1000,0,"null","5","seurat_blind"
1,1,0.62,0.781,NA,NA,NA,NA,NA,1000,0,"null","5","seurat_napari"
1,1,0.62,0.781,NA,NA,NA,NA,NA,1000,0,"null","5","seurat_quint"
1,1,0.645,0.82,NA,NA,NA,NA,NA,1000,0,"null","5","wilcoxon"
1,1,0.001,0.06,NA,NA,NA,NA,NA,1000,0,"null","5","deseq2_pb"
NA,1,0,0.0870870870870871,NA,NA,NA,NA,NA,999,0,"null","50","dream_blind"
NA,1,0,0.0830830830830831,NA,NA,NA,NA,NA,999,0,"null","50","dream_napari"
NA,1,0,0.0830830830830831,NA,NA,NA,NA,NA,999,0,"null","50","dream_quint"
1,1,0.655,0.798,NA,NA,NA,NA,NA,1000,0,"null","50","seurat_blind"
1,1,0.642,0.793,NA,NA,NA,NA,NA,1000,0,"null","50","seurat_napari"
1,1,0.642,0.793,NA,NA,NA,NA,NA,1000,0,"null","50","seurat_quint"
1,1,0.652,0.798,NA,NA,NA,NA,NA,1000,0,"null","50","wilcoxon"
1,1,0.00200601805416249,0.0842527582748245,NA,NA,NA,NA,NA,997,0,"null","50","deseq2_pb"
1,1,0.002,0.088,NA,NA,NA,NA,NA,1000,0,"null","6","dream_blind"
1,1,0.006,0.079,NA,NA,NA,NA,NA,1000,0,"null","6","dream_napari"
1,1,0.006,0.079,NA,NA,NA,NA,NA,1000,0,"null","6","dream_quint"
1,1,0.648,0.831,NA,NA,NA,NA,NA,1000,0,"null","6","seurat_blind"
1,1,0.639,0.798,NA,NA,NA,NA,NA,1000,0,"null","6","seurat_napari"
1,1,0.639,0.798,NA,NA,NA,NA,NA,1000,0,"null","6","seurat_quint"
1,1,0.65,0.831,NA,NA,NA,NA,NA,1000,0,"null","6","wilcoxon"
NA,1,0,0.0741482965931864,NA,NA,NA,NA,NA,998,0,"null","6","deseq2_pb"
1,1,0.003003003003003,0.0810810810810811,NA,NA,NA,NA,NA,999,0,"null","7","dream_blind"
1,1,0.003003003003003,0.0730730730730731,NA,NA,NA,NA,NA,999,0,"null","7","dream_napari"
1,1,0.003003003003003,0.0730730730730731,NA,NA,NA,NA,NA,999,0,"null","7","dream_quint"
1,1,0.63,0.794,NA,NA,NA,NA,NA,1000,0,"null","7","seurat_blind"
1,1,0.619,0.783,NA,NA,NA,NA,NA,1000,0,"null","7","seurat_napari"
1,1,0.619,0.783,NA,NA,NA,NA,NA,1000,0,"null","7","seurat_quint"
1,1,0.648,0.81,NA,NA,NA,NA,NA,1000,0,"null","7","wilcoxon"
NA,1,0,0.0682046138415246,NA,NA,NA,NA,NA,997,0,"null","7","deseq2_pb"
NA,1,0,0.0660660660660661,NA,NA,NA,NA,NA,999,0,"null","8","dream_napari"
NA,1,0,0.0660660660660661,NA,NA,NA,NA,NA,999,0,"null","8","dream_quint"
1,1,0.62,0.795,NA,NA,NA,NA,NA,1000,0,"null","8","seurat_blind"
1,1,0.608,0.795,NA,NA,NA,NA,NA,1000,0,"null","8","seurat_napari"
1,1,0.608,0.795,NA,NA,NA,NA,NA,1000,0,"null","8","seurat_quint"
1,1,0.642,0.806,NA,NA,NA,NA,NA,1000,0,"null","8","wilcoxon"
NA,1,0,0.0721442885771543,NA,NA,NA,NA,NA,998,0,"null","8","deseq2_pb"
1,1,0.003,0.091,NA,NA,NA,NA,NA,1000,0,"null","9","dream_blind"
NA,1,0,0.083,NA,NA,NA,NA,NA,1000,0,"null","9","dream_napari"
NA,1,0,0.083,NA,NA,NA,NA,NA,1000,0,"null","9","dream_quint"
1,1,0.636,0.826,NA,NA,NA,NA,NA,1000,0,"null","9","seurat_blind"
1,1,0.623,0.802,NA,NA,NA,NA,NA,1000,0,"null","9","seurat_napari"
1,1,0.623,0.802,NA,NA,NA,NA,NA,1000,0,"null","9","seurat_quint"
1,1,0.651,0.833,NA,NA,NA,NA,NA,1000,0,"null","9","wilcoxon"
NA,1,0,0.076,NA,NA,NA,NA,NA,1000,0,"null","9","deseq2_pb"
0.370629370629371,0.585470085470085,0.0588888888888889,0.152222222222222,0.9,0.97,-0.210772395832754,0.354854571652573,0.64,1000,100,"shared","1","dream_blind"
0.357142857142857,0.575221238938053,0.0555555555555556,0.144444444444444,0.9,0.96,-0.214333570718495,0.354351619269542,0.62,1000,100,"shared","1","dream_napari"
0.357142857142857,0.575221238938053,0.0555555555555556,0.144444444444444,0.9,0.96,-0.214333570718495,0.354351619269542,0.62,1000,100,"shared","1","dream_quint"
0.856115107913669,0.881376037959668,0.661111111111111,0.825555555555556,1,1,-0.0250969127775094,0.166551208518463,NA,1000,100,"shared","1","seurat_blind"
0.851632047477745,0.878345498783455,0.637777777777778,0.802222222222222,1,1,-0.0250969127775094,0.166551208518463,NA,1000,100,"shared","1","seurat_napari"
0.851632047477745,0.878345498783455,0.637777777777778,0.802222222222222,1,1,-0.0250969127775094,0.166551208518463,NA,1000,100,"shared","1","seurat_quint"
0.854651162790698,0.881093935790725,0.653333333333333,0.823333333333333,1,1,-0.0250969127775094,0.166551208518463,NA,1000,100,"shared","1","wilcoxon"
0.145299145299145,0.411764705882353,0.0188888888888889,0.0777777777777778,1,1,-0.0345067190074466,0.169925132744388,0.89,1000,100,"shared","1","deseq2_pb"
0.260504201680672,0.529126213592233,0.0344444444444444,0.121111111111111,0.88,0.97,-0.190091453887439,0.351237276645661,0.52,1000,100,"shared","10","dream_blind"
0.260504201680672,0.533653846153846,0.0344444444444444,0.123333333333333,0.88,0.97,-0.195972709928507,0.351586333614378,0.52,1000,100,"shared","10","dream_napari"
0.260504201680672,0.533653846153846,0.0344444444444444,0.123333333333333,0.88,0.97,-0.195972709928507,0.351586333614378,0.52,1000,100,"shared","10","dream_quint"
0.860335195530726,0.882903981264637,0.684444444444444,0.837777777777778,1,1,-0.0638407155168681,0.188029460589418,NA,1000,100,"shared","10","seurat_blind"
0.862258953168044,0.883449883449883,0.695555555555556,0.842222222222222,1,1,-0.0638407155168681,0.188029460589418,NA,1000,100,"shared","10","seurat_napari"
0.862258953168044,0.883449883449883,0.695555555555556,0.842222222222222,1,1,-0.0638407155168681,0.188029460589418,NA,1000,100,"shared","10","seurat_quint"
0.856733524355301,0.880382775119617,0.664444444444444,0.817777777777778,1,1,-0.0638407155168681,0.188029460589418,NA,1000,100,"shared","10","wilcoxon"
0.180327868852459,0.431818181818182,0.0244444444444444,0.0844444444444444,1,1,-0.0250370067714939,0.179528871830529,0.88,1000,100,"shared","10","deseq2_pb"
0.333333333333333,0.571428571428571,0.0477777777777778,0.142222222222222,0.86,0.96,-0.222161661475961,0.366412862788491,0.62,1000,100,"shared","11","dream_blind"
0.367647058823529,0.565610859728507,0.0555555555555556,0.138888888888889,0.86,0.96,-0.222646947360112,0.36661158015866,0.61,1000,100,"shared","11","dream_napari"
0.367647058823529,0.565610859728507,0.0555555555555556,0.138888888888889,0.86,0.96,-0.222646947360112,0.36661158015866,0.61,1000,100,"shared","11","dream_quint"
0.862258953168044,0.882766705744431,0.695555555555556,0.836666666666667,1,1,-0.0915889554766104,0.19760298787809,NA,1000,100,"shared","11","seurat_blind"
0.859747545582048,0.881093935790725,0.681111111111111,0.823333333333333,1,1,-0.0915889554766104,0.19760298787809,NA,1000,100,"shared","11","seurat_napari"
0.859747545582048,0.881093935790725,0.681111111111111,0.823333333333333,1,1,-0.0915889554766104,0.19760298787809,NA,1000,100,"shared","11","seurat_quint"
0.860335195530726,0.883449883449883,0.684444444444444,0.842222222222222,1,1,-0.0915889554766104,0.19760298787809,NA,1000,100,"shared","11","wilcoxon"
0.115044247787611,0.441340782122905,0.0144927536231884,0.0880713489409142,1,1,-0.058470567540351,0.184046993376252,0.81,997,100,"shared","11","deseq2_pb"
0.425806451612903,0.595833333333333,0.0733333333333333,0.158888888888889,0.89,0.97,-0.218319703535661,0.354646326046746,0.62,1000,100,"shared","12","dream_blind"
0.420382165605096,0.588983050847458,0.0733333333333333,0.154444444444444,0.91,0.97,-0.223644043828202,0.356311348894084,0.58,1000,100,"shared","12","dream_napari"
0.420382165605096,0.588983050847458,0.0733333333333333,0.154444444444444,0.91,0.97,-0.223644043828202,0.356311348894084,0.58,1000,100,"shared","12","dream_quint"
0.867197875166003,0.884792626728111,0.725555555555556,0.853333333333333,1,1,-0.126335491466216,0.221267950846285,NA,1000,100,"shared","12","seurat_blind"
0.866844207723036,0.885714285714286,0.723333333333333,0.861111111111111,1,1,-0.126335491466216,0.221267950846285,NA,1000,100,"shared","12","seurat_napari"
0.866844207723036,0.885714285714286,0.723333333333333,0.861111111111111,1,1,-0.126335491466216,0.221267950846285,NA,1000,100,"shared","12","seurat_quint"
0.861495844875346,0.882214369846879,0.691111111111111,0.832222222222222,1,1,-0.126335491466216,0.221267950846285,NA,1000,100,"shared","12","wilcoxon"
0.21259842519685,0.470899470899471,0.03,0.0988888888888889,1,1,-0.0662227374424018,0.193333085201063,0.82,1000,100,"shared","12","deseq2_pb"
0.398692810457516,0.605691056910569,0.067853170189099,0.165739710789766,0.92,0.97,-0.230137919645413,0.371977155610727,0.56,999,100,"shared","13","dream_blind"
0.414012738853503,0.594142259414226,0.0723025583982203,0.157953281423804,0.92,0.97,-0.236297443431792,0.373905414897373,0.54,999,100,"shared","13","dream_napari"
0.414012738853503,0.594142259414226,0.0723025583982203,0.157953281423804,0.92,0.97,-0.236297443431792,0.373905414897373,0.54,999,100,"shared","13","dream_quint"
0.846511627906977,0.876695437731196,0.606666666666667,0.79,0.99,1,-0.0748375052551896,0.178145418548002,NA,1000,100,"shared","13","seurat_blind"
0.852238805970149,0.875156054931336,0.634444444444444,0.778888888888889,0.99,1,-0.0748375052551896,0.178145418548002,NA,1000,100,"shared","13","seurat_napari"
0.852238805970149,0.875156054931336,0.634444444444444,0.778888888888889,0.99,1,-0.0748375052551896,0.178145418548002,NA,1000,100,"shared","13","seurat_quint"
0.844094488188976,0.874213836477987,0.595555555555556,0.772222222222222,0.99,1,-0.0748375052551896,0.178145418548002,NA,1000,100,"shared","13","wilcoxon"
0.175,0.444444444444444,0.0234113712374582,0.0891861761426979,0.99,1,-0.0720652170073677,0.178775304893844,0.86,997,100,"shared","13","deseq2_pb"
0.361702127659574,0.589958158995816,0.0566666666666667,0.156666666666667,0.9,0.98,-0.180616948598507,0.346589395138971,0.61,1000,100,"shared","14","dream_blind"
0.342857142857143,0.584745762711864,0.0533333333333333,0.153333333333333,0.92,0.98,-0.183482002634109,0.344889800289249,0.59,1000,100,"shared","14","dream_napari"
0.342857142857143,0.584745762711864,0.0533333333333333,0.153333333333333,0.92,0.98,-0.183482002634109,0.344889800289249,0.59,1000,100,"shared","14","dream_quint"
0.862637362637363,0.883585564610012,0.697777777777778,0.843333333333333,1,1,-0.042992506492398,0.194976862191448,NA,1000,100,"shared","14","seurat_blind"
0.858757062146893,0.880810488676996,0.675555555555556,0.821111111111111,1,1,-0.042992506492398,0.194976862191448,NA,1000,100,"shared","14","seurat_napari"
0.858757062146893,0.880810488676996,0.675555555555556,0.821111111111111,1,1,-0.042992506492398,0.194976862191448,NA,1000,100,"shared","14","seurat_quint"
0.858356940509915,0.882491186839013,0.673333333333333,0.834444444444444,1,1,-0.042992506492398,0.194976862191448,NA,1000,100,"shared","14","wilcoxon"
0.130434782608696,0.462365591397849,0.0166852057842047,0.0956618464961068,1,1,-0.0190504623979234,0.190964504273482,0.84,999,100,"shared","14","deseq2_pb"
0.401315789473684,0.62,0.0677777777777778,0.172222222222222,0.91,0.95,-0.217642987814073,0.367531699888099,0.5,1000,100,"shared","15","dream_blind"
0.368055555555556,0.601659751037344,0.0588888888888889,0.161111111111111,0.91,0.96,-0.22497000306819,0.368747822681908,0.49,1000,100,"shared","15","dream_napari"
0.368055555555556,0.601659751037344,0.0588888888888889,0.161111111111111,0.91,0.96,-0.22497000306819,0.368747822681908,0.49,1000,100,"shared","15","dream_quint"
0.864010989010989,0.884659746251442,0.698888888888889,0.852222222222222,0.99,1,-0.0981868412186088,0.207882275551738,NA,1000,100,"shared","15","seurat_blind"
0.859773371104816,0.881796690307329,0.674444444444444,0.828888888888889,0.99,1,-0.0981868412186088,0.207882275551738,NA,1000,100,"shared","15","seurat_napari"
0.859773371104816,0.881796690307329,0.674444444444444,0.828888888888889,0.99,1,-0.0981868412186088,0.207882275551738,NA,1000,100,"shared","15","seurat_quint"
0.857142857142857,0.879518072289157,0.66,0.811111111111111,0.99,1,-0.0981868412186088,0.207882275551738,NA,1000,100,"shared","15","wilcoxon"
0.188524590163934,0.456521739130435,0.0255555555555556,0.0933333333333333,0.99,1,-0.0573612407956733,0.191092498326925,0.82,1000,100,"shared","15","deseq2_pb"
0.241935483870968,0.611111111111111,0.0333333333333333,0.171111111111111,0.94,0.98,-0.177586473298466,0.316914499344045,0.58,1000,100,"shared","16","dream_blind"
0.265625,0.604838709677419,0.0377777777777778,0.166666666666667,0.94,0.98,-0.185843846297099,0.318344402963435,0.53,1000,100,"shared","16","dream_napari"
0.265625,0.604838709677419,0.0377777777777778,0.166666666666667,0.94,0.98,-0.185843846297099,0.318344402963435,0.53,1000,100,"shared","16","dream_quint"
0.857962697274032,0.882214369846879,0.664444444444444,0.832222222222222,0.99,1,-0.0316039453384043,0.162244905780131,NA,1000,100,"shared","16","seurat_blind"
0.856104651162791,0.879081015719468,0.654444444444444,0.807777777777778,0.99,1,-0.0316039453384043,0.162244905780131,NA,1000,100,"shared","16","seurat_napari"
0.856104651162791,0.879081015719468,0.654444444444444,0.807777777777778,0.99,1,-0.0316039453384043,0.162244905780131,NA,1000,100,"shared","16","seurat_quint"
0.86056338028169,0.880095923261391,0.678888888888889,0.815555555555556,0.99,1,-0.0316039453384043,0.162244905780131,NA,1000,100,"shared","16","wilcoxon"
0.173553719008264,0.470899470899471,0.0233853006681514,0.099109131403118,1,1,-0.0243022143880897,0.160863385034698,0.86,998,100,"shared","16","deseq2_pb"
0.338461538461538,0.593073593073593,0.0488888888888889,0.152222222222222,0.86,0.94,-0.260548698647085,0.407022280159081,0.56,1000,100,"shared","17","dream_blind"
0.3125,0.594827586206897,0.0444444444444444,0.153333333333333,0.88,0.94,-0.262439668517222,0.40752662180364,0.53,1000,100,"shared","17","dream_napari"
0.3125,0.594827586206897,0.0444444444444444,0.153333333333333,0.88,0.94,-0.262439668517222,0.40752662180364,0.53,1000,100,"shared","17","dream_quint"
0.863128491620112,0.882978723404255,0.686666666666667,0.83,0.98,0.99,-0.071871352638954,0.178492764600543,NA,1000,100,"shared","17","seurat_blind"
0.858789625360231,0.881009615384615,0.662222222222222,0.814444444444444,0.98,0.99,-0.071871352638954,0.178492764600543,NA,1000,100,"shared","17","seurat_napari"
0.858789625360231,0.881009615384615,0.662222222222222,0.814444444444444,0.98,0.99,-0.071871352638954,0.178492764600543,NA,1000,100,"shared","17","seurat_quint"
0.861031518624642,0.881861575178998,0.667777777777778,0.821111111111111,0.97,0.99,-0.071871352638954,0.178492764600543,NA,1000,100,"shared","17","wilcoxon"
0.181818181818182,0.476190476190476,0.0244444444444444,0.1,0.99,0.99,-0.0523186333919502,0.171691741254058,0.92,1000,100,"shared","17","deseq2_pb"
0.387755102040816,0.603238866396761,0.0634037819799778,0.165739710789766,0.9,0.98,-0.235577698500142,0.350345087807875,0.53,999,100,"shared","18","dream_blind"
0.385135135135135,0.603238866396761,0.0634037819799778,0.165739710789766,0.91,0.98,-0.241079068244168,0.352773710641451,0.49,999,100,"shared","18","dream_napari"
0.385135135135135,0.603238866396761,0.0634037819799778,0.165739710789766,0.91,0.98,-0.241079068244168,0.352773710641451,0.49,999,100,"shared","18","dream_quint"
0.861878453038674,0.882491186839013,0.693333333333333,0.834444444444444,1,1,-0.126593994961,0.214324534480751,NA,1000,100,"shared","18","seurat_blind"
0.858956276445698,0.881376037959668,0.676666666666667,0.825555555555556,1,1,-0.126593994961,0.214324534480751,NA,1000,100,"shared","18","seurat_napari"
0.858956276445698,0.881376037959668,0.676666666666667,0.825555555555556,1,1,-0.126593994961,0.214324534480751,NA,1000,100,"shared","18","seurat_quint"
0.859943977591036,0.881376037959668,0.682222222222222,0.825555555555556,1,1,-0.126593994961,0.214324534480751,NA,1000,100,"shared","18","wilcoxon"
0.166666666666667,0.49238578680203,0.0222965440356745,0.108138238573021,1,1,-0.0833603210946094,0.192302571810906,0.85,997,100,"shared","18","deseq2_pb"
0.333333333333333,0.576271186440678,0.0522222222222222,0.151111111111111,0.94,1,-0.209971096756731,0.364571888258572,0.6,1000,100,"shared","19","dream_blind"
0.318840579710145,0.565217391304348,0.0488888888888889,0.144444444444444,0.94,1,-0.214988586511265,0.364804554760419,0.55,1000,100,"shared","19","dream_napari"
0.318840579710145,0.565217391304348,0.0488888888888889,0.144444444444444,0.94,1,-0.214988586511265,0.364804554760419,0.55,1000,100,"shared","19","dream_quint"
0.862880886426593,0.883116883116883,0.692222222222222,0.831111111111111,0.99,0.99,-0.0700566979599617,0.196913169299674,NA,1000,100,"shared","19","seurat_blind"
0.857348703170029,0.879415347137637,0.661111111111111,0.802222222222222,0.99,0.99,-0.0700566979599617,0.196913169299674,NA,1000,100,"shared","19","seurat_napari"
0.857348703170029,0.879415347137637,0.661111111111111,0.802222222222222,0.99,0.99,-0.0700566979599617,0.196913169299674,NA,1000,100,"shared","19","seurat_quint"
0.860597439544808,0.882562277580071,0.672222222222222,0.826666666666667,0.98,0.99,-0.0700566979599617,0.196913169299674,NA,1000,100,"shared","19","wilcoxon"
0.183333333333333,0.470588235294118,0.0244716351501669,0.0978865406006674,0.98,0.99,-0.0302222893625727,0.184359564276628,0.9,999,100,"shared","19","deseq2_pb"
0.416107382550336,0.59915611814346,0.0688888888888889,0.157777777777778,0.87,0.95,-0.260062223176891,0.400882633932893,0.51,1000,100,"shared","2","dream_blind"
0.380281690140845,0.609756097560976,0.06,0.166666666666667,0.88,0.96,-0.265311339478682,0.402325325387237,0.49,1000,100,"shared","2","dream_napari"
0.380281690140845,0.609756097560976,0.06,0.166666666666667,0.88,0.96,-0.265311339478682,0.402325325387237,0.49,1000,100,"shared","2","dream_quint"
0.860917941585535,0.883585564610012,0.687777777777778,0.843333333333333,1,1,-0.0792014794658362,0.193388402733446,NA,1000,100,"shared","2","seurat_blind"
0.858356940509915,0.881656804733728,0.673333333333333,0.827777777777778,1,1,-0.0792014794658362,0.193388402733446,NA,1000,100,"shared","2","seurat_napari"
0.858356940509915,0.881656804733728,0.673333333333333,0.827777777777778,1,1,-0.0792014794658362,0.193388402733446,NA,1000,100,"shared","2","seurat_quint"
0.858557284299859,0.881516587677725,0.674444444444444,0.826666666666667,1,1,-0.0792014794658362,0.193388402733446,NA,1000,100,"shared","2","wilcoxon"
0.24812030075188,0.462365591397849,0.0366666666666667,0.0955555555555556,1,1,-0.0670643211058194,0.189203956233231,0.81,1000,100,"shared","2","deseq2_pb"
0.416107382550336,0.636015325670498,0.0688888888888889,0.184444444444444,0.87,0.95,-0.251156750540672,0.42784744972795,0.57,1000,100,"shared","20","dream_blind"
0.450617283950617,0.625,0.0811111111111111,0.177777777777778,0.89,0.96,-0.258098686375837,0.429942715794016,0.55,1000,100,"shared","20","dream_napari"
0.450617283950617,0.625,0.0811111111111111,0.177777777777778,0.89,0.96,-0.258098686375837,0.429942715794016,0.55,1000,100,"shared","20","dream_quint"
0.860597439544808,0.883254716981132,0.672222222222222,0.832222222222222,0.98,0.99,-0.0427174077331583,0.191697072790059,NA,1000,100,"shared","20","seurat_blind"
0.860795454545455,0.881437125748503,0.673333333333333,0.817777777777778,0.98,0.99,-0.0427174077331583,0.191697072790059,NA,1000,100,"shared","20","seurat_napari"
0.860795454545455,0.881437125748503,0.673333333333333,0.817777777777778,0.98,0.99,-0.0427174077331583,0.191697072790059,NA,1000,100,"shared","20","seurat_quint"
0.865248226950355,0.884345794392523,0.677777777777778,0.841111111111111,0.95,0.99,-0.0427174077331583,0.191697072790059,NA,1000,100,"shared","20","wilcoxon"
0.216,0.487046632124352,0.03,0.104444444444444,0.98,0.99,-0.0207566827264512,0.182862196162078,0.86,1000,100,"shared","20","deseq2_pb"
0.451219512195122,0.611111111111111,0.0822222222222222,0.171111111111111,0.9,0.98,-0.214781006421621,0.364324888104248,0.49,1000,100,"shared","21","dream_blind"
0.473988439306358,0.621621621621622,0.0911111111111111,0.178888888888889,0.91,0.98,-0.220849602649528,0.366712395527889,0.49,1000,100,"shared","21","dream_napari"
0.473988439306358,0.621621621621622,0.0911111111111111,0.178888888888889,0.91,0.98,-0.220849602649528,0.366712395527889,0.49,1000,100,"shared","21","dream_quint"
0.863888888888889,0.883666274970623,0.691111111111111,0.835555555555556,0.98,0.99,-0.0899206620520231,0.224390321998776,NA,1000,100,"shared","21","seurat_blind"
0.864077669902913,0.884074941451991,0.692222222222222,0.838888888888889,0.98,0.99,-0.0899206620520231,0.224390321998776,NA,1000,100,"shared","21","seurat_napari"
0.864077669902913,0.884074941451991,0.692222222222222,0.838888888888889,0.98,0.99,-0.0899206620520231,0.224390321998776,NA,1000,100,"shared","21","seurat_quint"
0.861386138613861,0.881152460984394,0.676666666666667,0.815555555555556,0.98,0.99,-0.0899206620520231,0.224390321998776,NA,1000,100,"shared","21","wilcoxon"
0.19672131147541,0.45,0.0266666666666667,0.09,0.98,0.99,-0.0592988459124752,0.212417173614947,0.82,1000,100,"shared","21","deseq2_pb"
0.376811594202899,0.573333333333333,0.0577777777777778,0.143333333333333,0.86,0.96,-0.210108135365977,0.374450772347368,0.59,1000,100,"shared","22","dream_blind"
0.36231884057971,0.575221238938053,0.0555555555555556,0.144444444444444,0.88,0.96,-0.217471434750435,0.375155612634893,0.58,1000,100,"shared","22","dream_napari"
0.36231884057971,0.575221238938053,0.0555555555555556,0.144444444444444,0.88,0.96,-0.217471434750435,0.375155612634893,0.58,1000,100,"shared","22","dream_quint"
0.869220607661823,0.88594470046083,0.731111111111111,0.854444444444444,0.99,0.99,-0.106926902248045,0.214053215968567,NA,1000,100,"shared","22","seurat_blind"
0.869393139841689,0.887882219705549,0.732222222222222,0.871111111111111,0.99,0.99,-0.106926902248045,0.214053215968567,NA,1000,100,"shared","22","seurat_napari"
0.869393139841689,0.887882219705549,0.732222222222222,0.871111111111111,0.99,0.99,-0.106926902248045,0.214053215968567,NA,1000,100,"shared","22","seurat_quint"
0.868808567603748,0.885283893395133,0.721111111111111,0.848888888888889,0.98,0.99,-0.106926902248045,0.214053215968567,NA,1000,100,"shared","22","wilcoxon"
0.201612903225806,0.476190476190476,0.0277777777777778,0.1,0.99,0.99,-0.0517692284556979,0.191403358425158,0.84,1000,100,"shared","22","deseq2_pb"
0.138613861386139,0.467032967032967,0.0155555555555556,0.0944444444444444,0.87,0.97,-0.240340176841255,0.374932844688217,0.46,1000,100,"shared","23","dream_blind"
0.13,0.486772486772487,0.0144444444444444,0.102222222222222,0.87,0.97,-0.248368597988272,0.376521801382653,0.44,1000,100,"shared","23","dream_napari"
0.13,0.486772486772487,0.0144444444444444,0.102222222222222,0.87,0.97,-0.248368597988272,0.376521801382653,0.44,1000,100,"shared","23","dream_quint"
0.865047233468286,0.884259259259259,0.712222222222222,0.848888888888889,1,1,-0.127065997084189,0.226401701676078,NA,1000,100,"shared","23","seurat_blind"
0.865591397849462,0.885321100917431,0.715555555555556,0.857777777777778,1,1,-0.127065997084189,0.226401701676078,NA,1000,100,"shared","23","seurat_napari"
0.865591397849462,0.885321100917431,0.715555555555556,0.857777777777778,1,1,-0.127065997084189,0.226401701676078,NA,1000,100,"shared","23","seurat_quint"
0.861878453038674,0.884259259259259,0.693333333333333,0.848888888888889,1,1,-0.127065997084189,0.226401701676078,NA,1000,100,"shared","23","wilcoxon"
0.0909090909090909,0.468085106382979,0.0111358574610245,0.0979955456570156,1,1,-0.0852191081642756,0.205712794932397,0.79,998,100,"shared","23","deseq2_pb"
0.180952380952381,0.517412935323383,0.0211111111111111,0.115555555555556,0.86,0.97,-0.234486503527002,0.391587559196804,0.56,1000,100,"shared","24","dream_blind"
0.19047619047619,0.507537688442211,0.0222222222222222,0.112222222222222,0.85,0.98,-0.239528451044608,0.392394102226832,0.51,1000,100,"shared","24","dream_napari"
0.19047619047619,0.507537688442211,0.0222222222222222,0.112222222222222,0.85,0.98,-0.239528451044608,0.392394102226832,0.51,1000,100,"shared","24","dream_quint"
0.858757062146893,0.882491186839013,0.675555555555556,0.834444444444444,1,1,-0.0303085041644677,0.186449113488737,NA,1000,100,"shared","24","seurat_blind"
0.854439592430859,0.8805256869773,0.652222222222222,0.818888888888889,1,1,-0.0303085041644677,0.186449113488737,NA,1000,100,"shared","24","seurat_napari"
0.854439592430859,0.8805256869773,0.652222222222222,0.818888888888889,1,1,-0.0303085041644677,0.186449113488737,NA,1000,100,"shared","24","seurat_quint"
0.855072463768116,0.883449883449883,0.655555555555556,0.842222222222222,1,1,-0.0303085041644677,0.186449113488737,NA,1000,100,"shared","24","wilcoxon"
0.166666666666667,0.459459459459459,0.0222469410456062,0.0945494994438265,1,1,-0.0330167814497519,0.187295466464614,0.87,999,100,"shared","24","deseq2_pb"
0.4,0.563876651982379,0.0644444444444444,0.142222222222222,0.87,0.99,-0.23523956807077,0.35437528025153,0.53,1000,100,"shared","25","dream_blind"
0.405405405405405,0.573275862068966,0.0666666666666667,0.147777777777778,0.88,0.99,-0.247915431696029,0.35949114169813,0.5,1000,100,"shared","25","dream_napari"
0.405405405405405,0.573275862068966,0.0666666666666667,0.147777777777778,0.88,0.99,-0.247915431696029,0.35949114169813,0.5,1000,100,"shared","25","dream_quint"
0.864640883977901,0.882701421800948,0.695555555555556,0.827777777777778,0.98,0.99,-0.100890227653199,0.225341117349814,NA,1000,100,"shared","25","seurat_blind"
0.863888888888889,0.882701421800948,0.691111111111111,0.827777777777778,0.98,0.99,-0.100890227653199,0.225341117349814,NA,1000,100,"shared","25","seurat_napari"
0.863888888888889,0.882701421800948,0.691111111111111,0.827777777777778,0.98,0.99,-0.100890227653199,0.225341117349814,NA,1000,100,"shared","25","seurat_quint"
0.865199449793673,0.882701421800948,0.698888888888889,0.827777777777778,0.98,0.99,-0.100890227653199,0.225341117349814,NA,1000,100,"shared","25","wilcoxon"
0.161016949152542,0.427745664739884,0.0211111111111111,0.0822222222222222,0.99,0.99,-0.0714620433705805,0.209714556602044,0.86,1000,100,"shared","25","deseq2_pb"
0.396103896103896,0.583690987124464,0.0677777777777778,0.151111111111111,0.93,0.97,-0.203831509201083,0.320403761089742,0.65,1000,100,"shared","26","dream_blind"
0.425925925925926,0.578260869565217,0.0766666666666667,0.147777777777778,0.93,0.97,-0.21047331729208,0.321472653459937,0.62,1000,100,"shared","26","dream_napari"
0.425925925925926,0.578260869565217,0.0766666666666667,0.147777777777778,0.93,0.97,-0.21047331729208,0.321472653459937,0.62,1000,100,"shared","26","dream_quint"
0.86230876216968,0.882214369846879,0.688888888888889,0.832222222222222,0.99,1,-0.0552211266267011,0.181000476807663,NA,1000,100,"shared","26","seurat_blind"
0.861344537815126,0.883040935672515,0.683333333333333,0.838888888888889,0.99,1,-0.0552211266267011,0.181000476807663,NA,1000,100,"shared","26","seurat_napari"
0.861344537815126,0.883040935672515,0.683333333333333,0.838888888888889,0.99,1,-0.0552211266267011,0.181000476807663,NA,1000,100,"shared","26","seurat_quint"
0.861150070126227,0.883802816901408,0.682222222222222,0.836666666666667,0.99,0.99,-0.0552211266267011,0.181000476807663,NA,1000,100,"shared","26","wilcoxon"
0.181818181818182,0.453551912568306,0.0244444444444444,0.0922222222222222,0.99,1,-0.0508680743144871,0.179154475469768,0.87,1000,100,"shared","26","deseq2_pb"
0.265625,0.53953488372093,0.0377777777777778,0.128888888888889,0.94,0.99,-0.178761602751194,0.344036541985648,0.62,1000,100,"shared","27","dream_blind"
0.265625,0.53953488372093,0.0377777777777778,0.128888888888889,0.94,0.99,-0.181682830992116,0.343904981993387,0.61,1000,100,"shared","27","dream_napari"
0.265625,0.53953488372093,0.0377777777777778,0.128888888888889,0.94,0.99,-0.181682830992116,0.343904981993387,0.61,1000,100,"shared","27","dream_quint"
0.860366713681241,0.882491186839013,0.677777777777778,0.834444444444444,0.99,1,-0.0559337744390785,0.174793562345262,NA,1000,100,"shared","27","seurat_blind"
0.858974358974359,0.881516587677725,0.67,0.826666666666667,0.99,1,-0.0559337744390785,0.174793562345262,NA,1000,100,"shared","27","seurat_napari"
0.858974358974359,0.881516587677725,0.67,0.826666666666667,0.99,1,-0.0559337744390785,0.174793562345262,NA,1000,100,"shared","27","seurat_quint"
0.860759493670886,0.880668257756563,0.68,0.82,0.99,1,-0.0559337744390785,0.174793562345262,NA,1000,100,"shared","27","wilcoxon"
0.188524590163934,0.450549450549451,0.0256124721603563,0.0913140311804009,0.99,1,-0.01788199641351,0.163195293033953,0.9,998,100,"shared","27","deseq2_pb"
0.338028169014085,0.570815450643777,0.0533333333333333,0.147777777777778,0.94,1,-0.238864734855554,0.369946870459108,0.59,1000,100,"shared","28","dream_blind"
0.313868613138686,0.572649572649573,0.0477777777777778,0.148888888888889,0.94,1,-0.245685609512132,0.372355033819592,0.55,1000,100,"shared","28","dream_napari"
0.313868613138686,0.572649572649573,0.0477777777777778,0.148888888888889,0.94,1,-0.245685609512132,0.372355033819592,0.55,1000,100,"shared","28","dream_quint"
0.854651162790698,0.882629107981221,0.653333333333333,0.835555555555556,1,1,-0.0543178238336627,0.169487779740171,NA,1000,100,"shared","28","seurat_blind"
0.852289512555391,0.879951980792317,0.641111111111111,0.814444444444444,1,1,-0.0543178238336627,0.169487779740171,NA,1000,100,"shared","28","seurat_napari"
0.852289512555391,0.879951980792317,0.641111111111111,0.814444444444444,1,1,-0.0543178238336627,0.169487779740171,NA,1000,100,"shared","28","seurat_quint"
0.856938483547926,0.882214369846879,0.665555555555556,0.832222222222222,1,1,-0.0543178238336627,0.169487779740171,NA,1000,100,"shared","28","wilcoxon"
0.152542372881356,0.431818181818182,0.02,0.0844444444444444,1,1,-0.0726759403646609,0.176048088551216,0.86,1000,100,"shared","28","deseq2_pb"
0.41358024691358,0.593360995850622,0.0745272525027809,0.159065628476085,0.95,0.98,-0.12858462439828,0.293904244558215,0.65,999,100,"shared","29","dream_blind"
0.427710843373494,0.591666666666667,0.0789766407119021,0.157953281423804,0.95,0.98,-0.132655547681247,0.294056412246729,0.65,999,100,"shared","29","dream_napari"
0.427710843373494,0.591666666666667,0.0789766407119021,0.157953281423804,0.95,0.98,-0.132655547681247,0.294056412246729,0.65,999,100,"shared","29","dream_quint"
0.850523168908819,0.876543209876543,0.632222222222222,0.788888888888889,1,1,0.0111488663763662,0.177004574688668,NA,1000,100,"shared","29","seurat_blind"
0.852941176470588,0.875621890547264,0.644444444444444,0.782222222222222,1,1,0.0111488663763662,0.177004574688668,NA,1000,100,"shared","29","seurat_napari"
0.852941176470588,0.875621890547264,0.644444444444444,0.782222222222222,1,1,0.0111488663763662,0.177004574688668,NA,1000,100,"shared","29","seurat_quint"
0.848714069591528,0.877899877899878,0.623333333333333,0.798888888888889,1,1,0.0111488663763662,0.177004574688668,NA,1000,100,"shared","29","wilcoxon"
0.230769230769231,0.49748743718593,0.0334448160535117,0.110367892976589,1,1,-0.00036177993182316,0.177468060054808,0.87,997,100,"shared","29","deseq2_pb"
0.409395973154362,0.578947368421053,0.0677777777777778,0.146666666666667,0.88,0.96,-0.228423030832181,0.386439427200644,0.6,1000,100,"shared","3","dream_blind"
0.394557823129252,0.578947368421053,0.0644444444444444,0.146666666666667,0.89,0.96,-0.232499187783025,0.388048534598855,0.56,1000,100,"shared","3","dream_napari"
0.394557823129252,0.578947368421053,0.0644444444444444,0.146666666666667,0.89,0.96,-0.232499187783025,0.388048534598855,0.56,1000,100,"shared","3","dream_quint"
0.863070539419087,0.881936245572609,0.693333333333333,0.83,0.99,1,-0.0617505958871527,0.186565734229797,NA,1000,100,"shared","3","seurat_blind"
0.865122615803815,0.882491186839013,0.705555555555556,0.834444444444444,0.99,1,-0.0617505958871527,0.186565734229797,NA,1000,100,"shared","3","seurat_napari"
0.865122615803815,0.882491186839013,0.705555555555556,0.834444444444444,0.99,1,-0.0617505958871527,0.186565734229797,NA,1000,100,"shared","3","seurat_quint"
0.861150070126227,0.880952380952381,0.682222222222222,0.822222222222222,0.99,1,-0.0617505958871527,0.186565734229797,NA,1000,100,"shared","3","wilcoxon"
0.201612903225806,0.487046632124352,0.0277777777777778,0.104444444444444,0.99,0.99,-0.0468688628180039,0.184819691734588,0.84,1000,100,"shared","3","deseq2_pb"
0.45679012345679,0.604838709677419,0.0822222222222222,0.166666666666667,0.88,0.98,-0.229183358809312,0.374739235090619,0.55,1000,100,"shared","30","dream_blind"
0.45,0.601626016260163,0.08,0.164444444444444,0.88,0.98,-0.234768427042115,0.372084506242908,0.53,1000,100,"shared","30","dream_napari"
0.45,0.601626016260163,0.08,0.164444444444444,0.88,0.98,-0.234768427042115,0.372084506242908,0.53,1000,100,"shared","30","dream_quint"
0.859574468085106,0.881376037959668,0.673333333333333,0.825555555555556,0.99,1,-0.116441962400453,0.229442911896298,NA,1000,100,"shared","30","seurat_blind"
0.861731843575419,0.882629107981221,0.685555555555556,0.835555555555556,0.99,1,-0.116441962400453,0.229442911896298,NA,1000,100,"shared","30","seurat_napari"
0.861731843575419,0.882629107981221,0.685555555555556,0.835555555555556,0.99,1,-0.116441962400453,0.229442911896298,NA,1000,100,"shared","30","seurat_quint"
0.86039886039886,0.880382775119617,0.671111111111111,0.817777777777778,0.98,1,-0.116441962400453,0.229442911896298,NA,1000,100,"shared","30","wilcoxon"
0.100917431192661,0.407185628742515,0.0122494432071269,0.0757238307349666,0.98,0.99,-0.0800465769676326,0.212566805887113,0.82,998,100,"shared","30","deseq2_pb"
0.348993288590604,0.597560975609756,0.0577777777777778,0.163333333333333,0.97,0.99,-0.215902304936971,0.344371388842385,0.6,1000,100,"shared","31","dream_blind"
0.37012987012987,0.594262295081967,0.0633333333333333,0.161111111111111,0.97,0.99,-0.2186535061538,0.342471184578167,0.58,1000,100,"shared","31","dream_napari"
0.37012987012987,0.594262295081967,0.0633333333333333,0.161111111111111,0.97,0.99,-0.2186535061538,0.342471184578167,0.58,1000,100,"shared","31","dream_quint"
0.859747545582048,0.882766705744431,0.681111111111111,0.836666666666667,1,1,-0.0563311287044749,0.162201613982029,NA,1000,100,"shared","31","seurat_blind"
0.858356940509915,0.881235154394299,0.673333333333333,0.824444444444444,1,1,-0.0563311287044749,0.162201613982029,NA,1000,100,"shared","31","seurat_napari"
0.858356940509915,0.881235154394299,0.673333333333333,0.824444444444444,1,1,-0.0563311287044749,0.162201613982029,NA,1000,100,"shared","31","seurat_quint"
0.856527977044476,0.879807692307692,0.663333333333333,0.813333333333333,1,1,-0.0563311287044749,0.162201613982029,NA,1000,100,"shared","31","wilcoxon"
0.159663865546218,0.453551912568306,0.0211111111111111,0.0922222222222222,1,1,-0.0395922855796627,0.15682969921742,0.9,1000,100,"shared","31","deseq2_pb"
0.198019801980198,0.507853403141361,0.0222222222222222,0.107777777777778,0.81,0.94,-0.226238814305427,0.37688146701384,0.57,1000,100,"shared","32","dream_blind"
0.238532110091743,0.520408163265306,0.0288888888888889,0.113333333333333,0.83,0.94,-0.231071575809102,0.375424718207589,0.56,1000,100,"shared","32","dream_napari"
0.238532110091743,0.520408163265306,0.0288888888888889,0.113333333333333,0.83,0.94,-0.231071575809102,0.375424718207589,0.56,1000,100,"shared","32","dream_quint"
0.865229110512129,0.882629107981221,0.713333333333333,0.835555555555556,1,1,-0.111475179664369,0.215941116893629,NA,1000,100,"shared","32","seurat_blind"
0.86449864498645,0.884526558891455,0.708888888888889,0.851111111111111,1,1,-0.111475179664369,0.215941116893629,NA,1000,100,"shared","32","seurat_napari"
0.86449864498645,0.884526558891455,0.708888888888889,0.851111111111111,1,1,-0.111475179664369,0.215941116893629,NA,1000,100,"shared","32","seurat_quint"
0.863636363636364,0.883585564610012,0.696666666666667,0.843333333333333,0.99,1,-0.111475179664369,0.215941116893629,NA,1000,100,"shared","32","wilcoxon"
0.2,0.46524064171123,0.0277777777777778,0.0966666666666667,1,1,-0.0684705121905649,0.198296439171683,0.81,1000,100,"shared","32","deseq2_pb"
0.237704918032787,0.514705882352941,0.0322222222222222,0.116666666666667,0.93,0.99,-0.22716976271307,0.371583207017306,0.54,1000,100,"shared","33","dream_blind"
0.24390243902439,0.492307692307692,0.0333333333333333,0.106666666666667,0.93,0.99,-0.231630465527115,0.373181835044249,0.51,1000,100,"shared","33","dream_napari"
0.24390243902439,0.492307692307692,0.0333333333333333,0.106666666666667,0.93,0.99,-0.231630465527115,0.373181835044249,0.51,1000,100,"shared","33","dream_quint"
0.859574468085106,0.880668257756563,0.673333333333333,0.82,0.99,1,-0.0620210443221624,0.273197905417515,NA,1000,100,"shared","33","seurat_blind"
0.859375,0.879807692307692,0.672222222222222,0.813333333333333,0.99,1,-0.0620210443221624,0.273197905417515,NA,1000,100,"shared","33","seurat_napari"
0.859375,0.879807692307692,0.672222222222222,0.813333333333333,0.99,1,-0.0620210443221624,0.273197905417515,NA,1000,100,"shared","33","seurat_quint"
0.857962697274032,0.880952380952381,0.664444444444444,0.822222222222222,0.99,1,-0.0620210443221624,0.273197905417515,NA,1000,100,"shared","33","wilcoxon"
0.201612903225806,0.446927374301676,0.0277777777777778,0.0888888888888889,1,1,-0.0387829535257187,0.173062844782234,0.848484848484849,999,99,"shared","33","deseq2_pb"
0.415584415584416,0.612,0.0711111111111111,0.17,0.9,0.97,-0.248359747275087,0.380361095457734,0.49,1000,100,"shared","34","dream_blind"
0.401315789473684,0.604081632653061,0.0677777777777778,0.164444444444444,0.91,0.97,-0.253074324345545,0.380853242395956,0.46,1000,100,"shared","34","dream_napari"
0.401315789473684,0.604081632653061,0.0677777777777778,0.164444444444444,0.91,0.97,-0.253074324345545,0.380853242395956,0.46,1000,100,"shared","34","dream_quint"
0.864130434782609,0.883040935672515,0.706666666666667,0.838888888888889,1,1,-0.0738760265015502,0.187393506648978,NA,1000,100,"shared","34","seurat_blind"
0.866131191432396,0.883585564610012,0.718888888888889,0.843333333333333,1,1,-0.0738760265015502,0.187393506648978,NA,1000,100,"shared","34","seurat_napari"
0.866131191432396,0.883585564610012,0.718888888888889,0.843333333333333,1,1,-0.0738760265015502,0.187393506648978,NA,1000,100,"shared","34","seurat_quint"
0.862637362637363,0.882075471698113,0.697777777777778,0.831111111111111,1,1,-0.0738760265015502,0.187393506648978,NA,1000,100,"shared","34","wilcoxon"
0.193548387096774,0.484536082474227,0.0266963292547275,0.104560622914349,1,1,-0.0510061712091356,0.182653479984806,0.86,999,100,"shared","34","deseq2_pb"
0.427672955974843,0.61328125,0.0755555555555556,0.174444444444444,0.91,0.99,-0.205074845435005,0.3322365008432,0.59,1000,100,"shared","35","dream_blind"
0.44311377245509,0.61328125,0.0822222222222222,0.174444444444444,0.93,0.99,-0.211063733103918,0.33354720613539,0.55,1000,100,"shared","35","dream_napari"
0.44311377245509,0.61328125,0.0822222222222222,0.174444444444444,0.93,0.99,-0.211063733103918,0.33354720613539,0.55,1000,100,"shared","35","dream_quint"
0.863448275862069,0.883990719257541,0.695555555555556,0.846666666666667,0.99,1,-0.0909548453203317,0.18236980354008,NA,1000,100,"shared","35","seurat_blind"
0.860366713681241,0.882075471698113,0.677777777777778,0.831111111111111,0.99,1,-0.0909548453203317,0.18236980354008,NA,1000,100,"shared","35","seurat_napari"
0.860366713681241,0.882075471698113,0.677777777777778,0.831111111111111,0.99,1,-0.0909548453203317,0.18236980354008,NA,1000,100,"shared","35","seurat_quint"
0.862116991643454,0.881936245572609,0.687777777777778,0.83,0.99,1,-0.0909548453203317,0.18236980354008,NA,1000,100,"shared","35","wilcoxon"
0.181818181818182,0.476190476190476,0.0244444444444444,0.1,1,1,-0.0382274591804155,0.156836884445037,0.868686868686869,999,99,"shared","35","deseq2_pb"
0.426751592356688,0.584745762711864,0.0745272525027809,0.153503893214683,0.9,0.98,-0.165453905515932,0.314452296452804,0.63,999,100,"shared","36","dream_blind"
0.403973509933775,0.591666666666667,0.067853170189099,0.157953281423804,0.9,0.98,-0.172397918752736,0.313369356886326,0.63,999,100,"shared","36","dream_napari"
0.403973509933775,0.591666666666667,0.067853170189099,0.157953281423804,0.9,0.98,-0.172397918752736,0.313369356886326,0.63,999,100,"shared","36","dream_quint"
0.870967741935484,0.886104783599089,0.75,0.864444444444444,1,1,-0.106813712481671,0.222288483731853,NA,1000,100,"shared","36","seurat_blind"
0.869451697127937,0.886492622020431,0.74,0.867777777777778,1,1,-0.106813712481671,0.222288483731853,NA,1000,100,"shared","36","seurat_napari"
0.869451697127937,0.886492622020431,0.74,0.867777777777778,1,1,-0.106813712481671,0.222288483731853,NA,1000,100,"shared","36","seurat_quint"
0.868766404199475,0.886877828054299,0.735555555555556,0.871111111111111,1,1,-0.106813712481671,0.222288483731853,NA,1000,100,"shared","36","wilcoxon"
0.145299145299145,0.441340782122905,0.0189098998887653,0.0878754171301446,1,1,-0.022954613248942,0.195749513684995,0.81,999,100,"shared","36","deseq2_pb"
0.38961038961039,0.561946902654867,0.0666666666666667,0.141111111111111,0.94,0.99,-0.219988470199351,0.365655370220506,0.51,1000,100,"shared","37","dream_blind"
0.391025641025641,0.580508474576271,0.0677777777777778,0.152222222222222,0.95,0.99,-0.227939898957074,0.366366106903112,0.46,1000,100,"shared","37","dream_napari"
0.391025641025641,0.580508474576271,0.0677777777777778,0.152222222222222,0.95,0.99,-0.227939898957074,0.366366106903112,0.46,1000,100,"shared","37","dream_quint"
0.870418848167539,0.88545246277205,0.738888888888889,0.858888888888889,0.99,1,-0.123457814117969,0.209421796399888,NA,1000,100,"shared","37","seurat_blind"
0.869565217391304,0.886104783599089,0.733333333333333,0.864444444444444,0.99,1,-0.123457814117969,0.209421796399888,NA,1000,100,"shared","37","seurat_napari"
0.869565217391304,0.886104783599089,0.733333333333333,0.864444444444444,0.99,1,-0.123457814117969,0.209421796399888,NA,1000,100,"shared","37","seurat_quint"
0.865853658536585,0.884259259259259,0.71,0.848888888888889,0.99,1,-0.123457814117969,0.209421796399888,NA,1000,100,"shared","37","wilcoxon"
0.180327868852459,0.431818181818182,0.0244444444444444,0.0844444444444444,1,1,-0.0432525267613188,0.175716949236918,0.86,1000,100,"shared","37","deseq2_pb"
0.473053892215569,0.612648221343874,0.0878754171301446,0.172413793103448,0.88,0.98,-0.279729496310188,0.453879136489453,0.54,999,100,"shared","38","dream_blind"
0.464285714285714,0.621621621621622,0.0867630700778643,0.17908787541713,0.9,0.98,-0.28804443172006,0.45568710472091,0.53,999,100,"shared","38","dream_napari"
0.464285714285714,0.621621621621622,0.0867630700778643,0.17908787541713,0.9,0.98,-0.28804443172006,0.45568710472091,0.53,999,100,"shared","38","dream_quint"
0.859574468085106,0.880145278450363,0.673333333333333,0.807777777777778,0.99,0.99,-0.0556492704389713,0.18909559300833,NA,1000,100,"shared","38","seurat_blind"
0.854411764705882,0.87956204379562,0.645555555555556,0.803333333333333,0.99,0.99,-0.0556492704389713,0.18909559300833,NA,1000,100,"shared","38","seurat_napari"
0.854411764705882,0.87956204379562,0.645555555555556,0.803333333333333,0.99,0.99,-0.0556492704389713,0.18909559300833,NA,1000,100,"shared","38","seurat_quint"
0.857764876632801,0.880145278450363,0.656666666666667,0.807777777777778,0.98,0.99,-0.0556492704389713,0.18909559300833,NA,1000,100,"shared","38","wilcoxon"
0.161016949152542,0.4375,0.0212053571428571,0.0859375,0.99,0.99,-0.0418947260702977,0.187775826897726,0.85,996,100,"shared","38","deseq2_pb"
0.37410071942446,0.601659751037344,0.0577777777777778,0.161111111111111,0.87,0.96,-0.245406648352423,0.388418687034856,0.59,1000,100,"shared","39","dream_blind"
0.345864661654135,0.58008658008658,0.0511111111111111,0.148888888888889,0.87,0.97,-0.250707372409921,0.389478841230418,0.54,1000,100,"shared","39","dream_napari"
0.345864661654135,0.58008658008658,0.0511111111111111,0.148888888888889,0.87,0.97,-0.250707372409921,0.389478841230418,0.54,1000,100,"shared","39","dream_quint"
0.864383561643836,0.884883720930233,0.701111111111111,0.845555555555556,0.99,0.99,-0.125298388071824,0.226689516429782,NA,1000,100,"shared","39","seurat_blind"
0.857142857142857,0.880722891566265,0.66,0.812222222222222,0.99,0.99,-0.125298388071824,0.226689516429782,NA,1000,100,"shared","39","seurat_napari"
0.857142857142857,0.880722891566265,0.66,0.812222222222222,0.99,0.99,-0.125298388071824,0.226689516429782,NA,1000,100,"shared","39","seurat_quint"
0.857962697274032,0.881437125748503,0.664444444444444,0.817777777777778,0.99,0.99,-0.125298388071824,0.226689516429782,NA,1000,100,"shared","39","wilcoxon"
0.131578947368421,0.392638036809816,0.0166852057842047,0.0711902113459399,0.99,0.99,-0.060815316562187,0.18564135176864,0.86,999,100,"shared","39","deseq2_pb"
0.160377358490566,0.49738219895288,0.0188888888888889,0.105555555555556,0.89,0.96,-0.20887456987805,0.34867741168391,0.63,1000,100,"shared","4","dream_blind"
0.142857142857143,0.505154639175258,0.0166666666666667,0.108888888888889,0.9,0.96,-0.215437148022662,0.350187265016529,0.63,1000,100,"shared","4","dream_napari"
0.142857142857143,0.505154639175258,0.0166666666666667,0.108888888888889,0.9,0.96,-0.215437148022662,0.350187265016529,0.63,1000,100,"shared","4","dream_quint"
0.863387978142076,0.883990719257541,0.702222222222222,0.846666666666667,1,1,-0.106683985670868,0.218878582244158,NA,1000,100,"shared","4","seurat_blind"
0.861687413554634,0.883585564610012,0.692222222222222,0.843333333333333,1,1,-0.106683985670868,0.218878582244158,NA,1000,100,"shared","4","seurat_napari"
0.861687413554634,0.883585564610012,0.692222222222222,0.843333333333333,1,1,-0.106683985670868,0.218878582244158,NA,1000,100,"shared","4","seurat_quint"
0.861687413554634,0.882214369846879,0.692222222222222,0.832222222222222,1,1,-0.106683985670868,0.218878582244158,NA,1000,100,"shared","4","wilcoxon"
0.107142857142857,0.425287356321839,0.0133333333333333,0.0822222222222222,1,1,-0.049083650497857,0.198662410412496,0.81,1000,100,"shared","4","deseq2_pb"
0.380952380952381,0.579399141630901,0.0622222222222222,0.15,0.91,0.98,-0.223329831458494,0.401751026363056,0.59,1000,100,"shared","40","dream_blind"
0.402597402597403,0.586497890295359,0.0688888888888889,0.154444444444444,0.92,0.98,-0.232576633012446,0.4040104237163,0.57,1000,100,"shared","40","dream_napari"
0.402597402597403,0.586497890295359,0.0688888888888889,0.154444444444444,0.92,0.98,-0.232576633012446,0.4040104237163,0.57,1000,100,"shared","40","dream_quint"
0.863380281690141,0.883194278903456,0.681111111111111,0.823333333333333,0.97,0.98,-0.0599655513883827,0.243915247622131,NA,1000,100,"shared","40","seurat_blind"
0.860431654676259,0.881152460984394,0.664444444444444,0.815555555555556,0.97,0.99,-0.0599655513883827,0.243915247622131,NA,1000,100,"shared","40","seurat_napari"
0.860431654676259,0.881152460984394,0.664444444444444,0.815555555555556,0.97,0.99,-0.0599655513883827,0.243915247622131,NA,1000,100,"shared","40","seurat_quint"
0.855007473841555,0.882494004796163,0.635555555555556,0.817777777777778,0.97,0.98,-0.0599655513883827,0.243915247622131,NA,1000,100,"shared","40","wilcoxon"
0.118181818181818,0.443181818181818,0.0144444444444444,0.0866666666666667,0.97979797979798,0.98989898989899,0.00819366960415513,0.337853344553506,0.828282828282828,999,99,"shared","40","deseq2_pb"
0.453488372093023,0.608695652173913,0.0866666666666667,0.171111111111111,0.94,0.99,-0.179876033346167,0.339963144071987,0.6,1000,100,"shared","41","dream_blind"
0.435294117647059,0.602409638554217,0.0822222222222222,0.166666666666667,0.96,0.99,-0.191000382173654,0.343072310989306,0.57,1000,100,"shared","41","dream_napari"
0.435294117647059,0.602409638554217,0.0822222222222222,0.166666666666667,0.96,0.99,-0.191000382173654,0.343072310989306,0.57,1000,100,"shared","41","dream_quint"
0.864864864864865,0.883177570093458,0.711111111111111,0.84,1,1,-0.0146218912764659,0.173226989786744,NA,1000,100,"shared","41","seurat_blind"
0.861538461538462,0.881656804733728,0.684444444444444,0.827777777777778,0.99,1,-0.0146218912764659,0.173226989786744,NA,1000,100,"shared","41","seurat_napari"
0.861538461538462,0.881656804733728,0.684444444444444,0.827777777777778,0.99,1,-0.0146218912764659,0.173226989786744,NA,1000,100,"shared","41","seurat_quint"
0.857752489331437,0.880952380952381,0.67,0.822222222222222,1,1,-0.0146218912764659,0.173226989786744,NA,1000,100,"shared","41","wilcoxon"
0.145299145299145,0.425287356321839,0.0189309576837416,0.0824053452115813,1,1,-0.0082181507122338,0.173395312825479,0.86,998,100,"shared","41","deseq2_pb"
0.455089820359281,0.62781954887218,0.0844444444444444,0.185555555555556,0.91,0.99,-0.220770318194917,0.379769676892085,0.49,1000,100,"shared","42","dream_blind"
0.43125,0.620689655172414,0.0766666666666667,0.18,0.91,0.99,-0.227709478610698,0.381786986001574,0.47,1000,100,"shared","42","dream_napari"
0.43125,0.620689655172414,0.0766666666666667,0.18,0.91,0.99,-0.227709478610698,0.381786986001574,0.47,1000,100,"shared","42","dream_quint"
0.863509749303621,0.882491186839013,0.688888888888889,0.834444444444444,0.98,1,-0.0648740782113245,0.203113792077157,NA,1000,100,"shared","42","seurat_blind"
0.860992907801418,0.882491186839013,0.674444444444444,0.834444444444444,0.98,1,-0.0648740782113245,0.203113792077157,NA,1000,100,"shared","42","seurat_napari"
0.860992907801418,0.882491186839013,0.674444444444444,0.834444444444444,0.98,1,-0.0648740782113245,0.203113792077157,NA,1000,100,"shared","42","seurat_quint"
0.859598853868195,0.883666274970623,0.666666666666667,0.835555555555556,0.98,0.99,-0.0648740782113245,0.203113792077157,NA,1000,100,"shared","42","wilcoxon"
0.176470588235294,0.462365591397849,0.0233333333333333,0.0955555555555556,0.98,1,-0.0335274855829277,0.196409252534181,0.8,1000,100,"shared","42","deseq2_pb"
0.258333333333333,0.561085972850679,0.0344444444444444,0.137777777777778,0.89,0.97,-0.240514337358616,0.385345087949485,0.57,1000,100,"shared","43","dream_blind"
0.25,0.531400966183575,0.0333333333333333,0.122222222222222,0.9,0.97,-0.245094791315505,0.385610028471224,0.54,1000,100,"shared","43","dream_napari"
0.25,0.531400966183575,0.0333333333333333,0.122222222222222,0.9,0.97,-0.245094791315505,0.385610028471224,0.54,1000,100,"shared","43","dream_quint"
0.860366713681241,0.884615384615385,0.677777777777778,0.843333333333333,0.99,0.99,-0.0974809224422335,0.212635663461039,NA,1000,100,"shared","43","seurat_blind"
0.856729377713459,0.880290205562273,0.657777777777778,0.808888888888889,0.99,0.99,-0.0974809224422335,0.212635663461039,NA,1000,100,"shared","43","seurat_napari"
0.856729377713459,0.880290205562273,0.657777777777778,0.808888888888889,0.99,0.99,-0.0974809224422335,0.212635663461039,NA,1000,100,"shared","43","seurat_quint"
0.857962697274032,0.881578947368421,0.664444444444444,0.818888888888889,0.99,0.99,-0.0974809224422335,0.212635663461039,NA,1000,100,"shared","43","wilcoxon"
0.108108108108108,0.4,0.0133333333333333,0.0733333333333333,0.99,0.99,-0.0407295935488292,0.180223369944508,0.87,1000,100,"shared","43","deseq2_pb"
0.429447852760736,0.615079365079365,0.0779510022271715,0.17260579064588,0.93,0.97,-0.226393123120569,0.362423691393258,0.59,998,100,"shared","44","dream_blind"
0.44311377245509,0.603238866396761,0.0824053452115813,0.165924276169265,0.93,0.98,-0.227439408357451,0.360609678200848,0.57,998,100,"shared","44","dream_napari"
0.44311377245509,0.603238866396761,0.0824053452115813,0.165924276169265,0.93,0.98,-0.227439408357451,0.360609678200848,0.57,998,100,"shared","44","dream_quint"
0.861344537815126,0.880382775119617,0.683333333333333,0.817777777777778,0.99,1,-0.0738598256665695,0.207368204677247,NA,1000,100,"shared","44","seurat_blind"
0.859574468085106,0.877750611246944,0.673333333333333,0.797777777777778,0.99,1,-0.0738598256665695,0.207368204677247,NA,1000,100,"shared","44","seurat_napari"
0.859574468085106,0.877750611246944,0.673333333333333,0.797777777777778,0.99,1,-0.0738598256665695,0.207368204677247,NA,1000,100,"shared","44","seurat_quint"
0.857758620689655,0.88,0.663333333333333,0.806666666666667,0.99,0.99,-0.0738598256665695,0.207368204677247,NA,1000,100,"shared","44","wilcoxon"
0.175,0.50251256281407,0.0234113712374582,0.111482720178372,0.99,0.99,-0.0576142158899642,0.20181878467235,0.84,997,100,"shared","44","deseq2_pb"
0.373239436619718,0.612648221343874,0.0588888888888889,0.172222222222222,0.89,0.98,-0.237864226042204,0.38200474310449,0.62,1000,100,"shared","45","dream_blind"
0.325757575757576,0.612648221343874,0.0477777777777778,0.172222222222222,0.89,0.98,-0.241692924736042,0.38131265962804,0.62,1000,100,"shared","45","dream_napari"
0.325757575757576,0.612648221343874,0.0477777777777778,0.172222222222222,0.89,0.98,-0.241692924736042,0.38131265962804,0.62,1000,100,"shared","45","dream_quint"
0.856521739130435,0.880145278450363,0.656666666666667,0.807777777777778,0.99,0.99,-0.00998348035780878,0.161180995427205,NA,1000,100,"shared","45","seurat_blind"
0.857142857142857,0.880290205562273,0.66,0.808888888888889,0.99,0.99,-0.00998348035780878,0.161180995427205,NA,1000,100,"shared","45","seurat_napari"
0.857142857142857,0.880290205562273,0.66,0.808888888888889,0.99,0.99,-0.00998348035780878,0.161180995427205,NA,1000,100,"shared","45","seurat_quint"
0.856313497822932,0.882978723404255,0.655555555555556,0.83,0.99,0.99,-0.00998348035780878,0.161180995427205,NA,1000,100,"shared","45","wilcoxon"
0.168067226890756,0.49746192893401,0.0222222222222222,0.108888888888889,0.99,0.99,-0.0414841043697206,0.163686609113542,0.91,1000,100,"shared","45","deseq2_pb"
0.426751592356688,0.625954198473282,0.0744444444444444,0.182222222222222,0.9,0.98,-0.212525235170271,0.356053690310291,0.54,1000,100,"shared","46","dream_blind"
0.43125,0.608,0.0766666666666667,0.168888888888889,0.91,0.98,-0.215106413519877,0.355660233523636,0.52,1000,100,"shared","46","dream_napari"
0.43125,0.608,0.0766666666666667,0.168888888888889,0.91,0.98,-0.215106413519877,0.355660233523636,0.52,1000,100,"shared","46","dream_quint"
0.862448418156809,0.882352941176471,0.696666666666667,0.833333333333333,1,1,-0.0375667886721591,0.174690994547603,NA,1000,100,"shared","46","seurat_blind"
0.856115107913669,0.878934624697337,0.661111111111111,0.806666666666667,1,1,-0.0375667886721591,0.174690994547603,NA,1000,100,"shared","46","seurat_napari"
0.856115107913669,0.878934624697337,0.661111111111111,0.806666666666667,1,1,-0.0375667886721591,0.174690994547603,NA,1000,100,"shared","46","seurat_quint"
0.857752489331437,0.882766705744431,0.67,0.836666666666667,1,1,-0.0375667886721591,0.174690994547603,NA,1000,100,"shared","46","wilcoxon"
0.173553719008264,0.450549450549451,0.0233333333333333,0.0911111111111111,1,1,-0.041086972142169,0.175094502630965,0.86,1000,100,"shared","46","deseq2_pb"
0.263565891472868,0.553571428571429,0.0378197997775306,0.137931034482759,0.95,1,-0.239335251349735,0.358614503432822,0.49,999,100,"shared","47","dream_blind"
0.274809160305344,0.54954954954955,0.0400444938820912,0.135706340378198,0.95,1,-0.241019323216823,0.356017123598675,0.48,999,100,"shared","47","dream_napari"
0.274809160305344,0.54954954954955,0.0400444938820912,0.135706340378198,0.95,1,-0.241019323216823,0.356017123598675,0.48,999,100,"shared","47","dream_quint"
0.853372434017595,0.880668257756563,0.646666666666667,0.82,1,1,-0.0808045428124567,0.205186104509263,NA,1000,100,"shared","47","seurat_blind"
0.851411589895988,0.877750611246944,0.636666666666667,0.797777777777778,1,1,-0.0808045428124567,0.205186104509263,NA,1000,100,"shared","47","seurat_napari"
0.851411589895988,0.877750611246944,0.636666666666667,0.797777777777778,1,1,-0.0808045428124567,0.205186104509263,NA,1000,100,"shared","47","seurat_quint"
0.853157121879589,0.877899877899878,0.645555555555556,0.798888888888889,1,1,-0.0808045428124567,0.205186104509263,NA,1000,100,"shared","47","wilcoxon"
0.180327868852459,0.481865284974093,0.0244988864142539,0.103563474387528,1,1,-0.0653667242080616,0.199435942720791,0.81,998,100,"shared","47","deseq2_pb"
0.377483443708609,0.575221238938053,0.0633333333333333,0.144444444444444,0.94,0.96,-0.2405192453369,0.383973376819468,0.58,1000,100,"shared","48","dream_blind"
0.419753086419753,0.597510373443983,0.0755555555555556,0.16,0.94,0.97,-0.246839356657656,0.385906059193351,0.55,1000,100,"shared","48","dream_napari"
0.419753086419753,0.597510373443983,0.0755555555555556,0.16,0.94,0.97,-0.246839356657656,0.385906059193351,0.55,1000,100,"shared","48","dream_quint"
0.873563218390805,0.886206896551724,0.76,0.856666666666667,0.99,0.99,-0.124514341094579,0.231308179144857,NA,1000,100,"shared","48","seurat_blind"
0.87007874015748,0.886857142857143,0.736666666666667,0.862222222222222,0.99,0.99,-0.124514341094579,0.231308179144857,NA,1000,100,"shared","48","seurat_napari"
0.87007874015748,0.886857142857143,0.736666666666667,0.862222222222222,0.99,0.99,-0.124514341094579,0.231308179144857,NA,1000,100,"shared","48","seurat_quint"
0.869908015768725,0.885416666666667,0.735555555555556,0.85,0.99,0.99,-0.124514341094579,0.231308179144857,NA,1000,100,"shared","48","wilcoxon"
0.181818181818182,0.481675392670157,0.0244444444444444,0.102222222222222,0.99,0.99,-0.0578219671311307,0.205890638137452,0.83,1000,100,"shared","48","deseq2_pb"
0.427710843373494,0.596774193548387,0.0788888888888889,0.164444444444444,0.95,1,-0.179840986791262,0.336267839036384,0.62,1000,100,"shared","49","dream_blind"
0.414634146341463,0.59349593495935,0.0755555555555556,0.162222222222222,0.96,1,-0.187967042181463,0.336923867669452,0.6,1000,100,"shared","49","dream_napari"
0.414634146341463,0.59349593495935,0.0755555555555556,0.162222222222222,0.96,1,-0.187967042181463,0.336923867669452,0.6,1000,100,"shared","49","dream_quint"
0.856104651162791,0.879854368932039,0.654444444444444,0.805555555555556,0.99,0.99,-0.0402069252685939,0.190041004990658,NA,1000,100,"shared","49","seurat_blind"
0.854838709677419,0.87956204379562,0.647777777777778,0.803333333333333,0.99,0.99,-0.0402069252685939,0.190041004990658,NA,1000,100,"shared","49","seurat_napari"
0.854838709677419,0.87956204379562,0.647777777777778,0.803333333333333,0.99,0.99,-0.0402069252685939,0.190041004990658,NA,1000,100,"shared","49","seurat_quint"
0.855243722304284,0.879415347137637,0.643333333333333,0.802222222222222,0.98,0.99,-0.0402069252685939,0.190041004990658,NA,1000,100,"shared","49","wilcoxon"
0.181818181818182,0.489690721649485,0.0244716351501669,0.10567296996663,0.99,0.99,-0.0290059977696549,0.175895325017031,0.91,999,100,"shared","49","deseq2_pb"
0.323529411764706,0.567685589519651,0.0488888888888889,0.144444444444444,0.92,0.99,-0.1631980885689,0.298057747145516,0.64,1000,100,"shared","5","dream_blind"
0.313432835820896,0.543778801843318,0.0466666666666667,0.131111111111111,0.92,0.99,-0.164440596238723,0.298239656361716,0.64,1000,100,"shared","5","dream_napari"
0.313432835820896,0.543778801843318,0.0466666666666667,0.131111111111111,0.92,0.99,-0.164440596238723,0.298239656361716,0.64,1000,100,"shared","5","dream_quint"
0.862068965517241,0.882629107981221,0.694444444444444,0.835555555555556,1,1,-0.0633233601493272,0.183271834311746,NA,1000,100,"shared","5","seurat_blind"
0.860724233983287,0.884259259259259,0.686666666666667,0.848888888888889,1,1,-0.0633233601493272,0.183271834311746,NA,1000,100,"shared","5","seurat_napari"
0.860724233983287,0.884259259259259,0.686666666666667,0.848888888888889,1,1,-0.0633233601493272,0.183271834311746,NA,1000,100,"shared","5","seurat_quint"
0.857142857142857,0.881516587677725,0.666666666666667,0.826666666666667,1,1,-0.0633233601493272,0.183271834311746,NA,1000,100,"shared","5","wilcoxon"
0.130434782608696,0.397590361445783,0.0166666666666667,0.0733333333333333,1,1,-0.0260320665054894,0.174148669779547,0.89,1000,100,"shared","5","deseq2_pb"
0.267241379310345,0.537735849056604,0.0344444444444444,0.126666666666667,0.85,0.98,-0.219504403566233,0.371264618768427,0.66,1000,100,"shared","50","dream_blind"
0.267241379310345,0.526570048309179,0.0344444444444444,0.121111111111111,0.85,0.98,-0.223599670772962,0.371581053513283,0.65,1000,100,"shared","50","dream_napari"
0.267241379310345,0.526570048309179,0.0344444444444444,0.121111111111111,0.85,0.98,-0.223599670772962,0.371581053513283,0.65,1000,100,"shared","50","dream_quint"
0.863319386331939,0.881376037959668,0.687777777777778,0.825555555555556,0.98,1,0.00927793089097744,0.669908182084664,NA,1000,100,"shared","50","seurat_blind"
0.860199714693295,0.881437125748503,0.67,0.817777777777778,0.98,0.99,0.00927793089097744,0.669908182084664,NA,1000,100,"shared","50","seurat_napari"
0.860199714693295,0.881437125748503,0.67,0.817777777777778,0.98,0.99,0.00927793089097744,0.669908182084664,NA,1000,100,"shared","50","seurat_quint"
0.86,0.881656804733728,0.668888888888889,0.827777777777778,0.98,1,0.00927793089097744,0.669908182084664,NA,1000,100,"shared","50","wilcoxon"
0.153846153846154,0.476190476190476,0.0200445434298441,0.10022271714922,0.99,0.99,0.0581152538930006,1.07124957016938,0.91,998,100,"shared","50","deseq2_pb"
0.252173913043478,0.568181818181818,0.0322222222222222,0.138888888888889,0.86,0.95,-0.18912203676383,0.356176529217819,0.63,1000,100,"shared","6","dream_blind"
0.239316239316239,0.54066985645933,0.0311111111111111,0.125555555555556,0.89,0.96,-0.194025155466842,0.357378719931078,0.61,1000,100,"shared","6","dream_napari"
0.239316239316239,0.54066985645933,0.0311111111111111,0.125555555555556,0.89,0.96,-0.194025155466842,0.357378719931078,0.61,1000,100,"shared","6","dream_quint"
0.86530612244898,0.88568129330254,0.706666666666667,0.852222222222222,0.99,0.99,-0.0279957824707171,0.650162447298497,NA,1000,100,"shared","6","seurat_blind"
0.86056338028169,0.881009615384615,0.678888888888889,0.814444444444444,0.99,0.99,-0.0279957824707171,0.650162447298497,NA,1000,100,"shared","6","seurat_napari"
0.86056338028169,0.881009615384615,0.678888888888889,0.814444444444444,0.99,0.99,-0.0279957824707171,0.650162447298497,NA,1000,100,"shared","6","seurat_quint"
0.861344537815126,0.882840236686391,0.683333333333333,0.828888888888889,0.99,0.99,-0.0279957824707171,0.650162447298497,NA,1000,100,"shared","6","wilcoxon"
0.116071428571429,0.453038674033149,0.014460511679644,0.0912124582869855,0.99,0.99,0.0437683511458945,0.811842130545822,0.83,999,100,"shared","6","deseq2_pb"
0.353741496598639,0.54337899543379,0.0578420467185762,0.132369299221357,0.95,1,-0.202372643808014,0.337320961405073,0.57,999,100,"shared","7","dream_blind"
0.306569343065693,0.541284403669725,0.0467185761957731,0.131256952169077,0.95,1,-0.206927599907175,0.338730893628901,0.54,999,100,"shared","7","dream_napari"
0.306569343065693,0.541284403669725,0.0467185761957731,0.131256952169077,0.95,1,-0.206927599907175,0.338730893628901,0.54,999,100,"shared","7","dream_quint"
0.859195402298851,0.883040935672515,0.664444444444444,0.838888888888889,0.98,1,-0.0634645252810958,0.190298693845644,NA,1000,100,"shared","7","seurat_blind"
0.853512705530643,0.878197320341047,0.634444444444444,0.801111111111111,0.98,1,-0.0634645252810958,0.190298693845644,NA,1000,100,"shared","7","seurat_napari"
0.853512705530643,0.878197320341047,0.634444444444444,0.801111111111111,0.98,1,-0.0634645252810958,0.190298693845644,NA,1000,100,"shared","7","seurat_quint"
0.854166666666667,0.878824969400245,0.637777777777778,0.797777777777778,0.98,0.99,-0.0634645252810958,0.190298693845644,NA,1000,100,"shared","7","wilcoxon"
0.0990990990990991,0.408284023668639,0.012263099219621,0.0769230769230769,1,1,-0.0492161991571763,0.188762874565129,0.84,997,100,"shared","7","deseq2_pb"
0.335766423357664,0.581196581196581,0.0511679644048943,0.151279199110122,0.91,0.98,-0.249314079709639,0.38419827188715,0.49,999,100,"shared","8","dream_blind"
0.32089552238806,0.572052401746725,0.0478309232480534,0.145717463848721,0.91,0.98,-0.254838254687882,0.384200992828413,0.49,999,100,"shared","8","dream_napari"
0.32089552238806,0.572052401746725,0.0478309232480534,0.145717463848721,0.91,0.98,-0.254838254687882,0.384200992828413,0.49,999,100,"shared","8","dream_quint"
0.861150070126227,0.88339222614841,0.682222222222222,0.833333333333333,0.99,0.99,-0.0981195203115813,0.203875307991412,NA,1000,100,"shared","8","seurat_blind"
0.860169491525424,0.88339222614841,0.676666666666667,0.833333333333333,0.99,0.99,-0.0981195203115813,0.203875307991412,NA,1000,100,"shared","8","seurat_napari"
0.860169491525424,0.88339222614841,0.676666666666667,0.833333333333333,0.99,0.99,-0.0981195203115813,0.203875307991412,NA,1000,100,"shared","8","seurat_quint"
0.86230876216968,0.881093935790725,0.688888888888889,0.823333333333333,0.99,1,-0.0981195203115813,0.203875307991412,NA,1000,100,"shared","8","wilcoxon"
0.175,0.424418604651163,0.0233853006681514,0.0812917594654788,0.99,0.99,-0.0853428451135895,0.197150832713777,0.8,998,100,"shared","8","deseq2_pb"
0.168141592920354,0.475675675675676,0.0211111111111111,0.0977777777777778,0.94,0.97,-0.176233413135022,0.343928074283763,0.57,1000,100,"shared","9","dream_blind"
0.160714285714286,0.475675675675676,0.02,0.0977777777777778,0.94,0.97,-0.185321850531417,0.345117559707283,0.54,1000,100,"shared","9","dream_napari"
0.160714285714286,0.475675675675676,0.02,0.0977777777777778,0.94,0.97,-0.185321850531417,0.345117559707283,0.54,1000,100,"shared","9","dream_quint"
0.853801169590643,0.879227053140097,0.648888888888889,0.808888888888889,1,1,-0.00683757732921318,0.21217314706778,NA,1000,100,"shared","9","seurat_blind"
0.854651162790698,0.879372738238842,0.653333333333333,0.81,1,1,-0.00683757732921318,0.21217314706778,NA,1000,100,"shared","9","seurat_napari"
0.854651162790698,0.879372738238842,0.653333333333333,0.81,1,1,-0.00683757732921318,0.21217314706778,NA,1000,100,"shared","9","seurat_quint"
0.854383358098068,0.879081015719468,0.638888888888889,0.807777777777778,0.98,1,-0.00683757732921318,0.21217314706778,NA,1000,100,"shared","9","wilcoxon"
0.0747663551401869,0.421965317919075,0.00888888888888889,0.0811111111111111,0.99,1,-0.0297549089329806,0.213891468390397,0.8,1000,100,"shared","9","deseq2_pb"
0.32,0.529411764705882,0.00888888888888889,0.1,0.17,0.8,-1.04382184208776,1.06413171081769,0,1000,100,"region_specific","1","dream_blind"
0.32,0.496503496503497,0.00888888888888889,0.0788888888888889,0.17,0.72,-1.08892299122728,1.10892130107197,0,1000,100,"region_specific","1","dream_napari"
0.32,0.496503496503497,0.00888888888888889,0.0788888888888889,0.17,0.72,-1.08892299122728,1.10892130107197,0,1000,100,"region_specific","1","dream_quint"
0.367741935483871,0.5625,0.0633333333333333,0.14,0.98,0.98,-0.320421109931989,0.486827066799312,0.64,1000,100,"region_specific","1","dream_interaction"
0.855457227138643,0.880952380952381,0.644444444444444,0.822222222222222,0.98,1,-0.792369344808251,0.812876249791208,NA,1000,100,"region_specific","1","seurat_blind"
0.853030303030303,0.87960687960688,0.625555555555556,0.795555555555556,0.97,0.98,-0.792369344808251,0.812876249791208,NA,1000,100,"region_specific","1","seurat_napari"
0.853030303030303,0.87960687960688,0.625555555555556,0.795555555555556,0.97,0.98,-0.792369344808251,0.812876249791208,NA,1000,100,"region_specific","1","seurat_quint"
0.855457227138643,0.882211538461538,0.644444444444444,0.815555555555556,0.98,0.98,-0.792369344808251,0.812876249791208,NA,1000,100,"region_specific","1","wilcoxon"
0.12037037037037,0.412121212121212,0.0144444444444444,0.0755555555555556,0.95,0.97,-0.77409796755983,0.796022842970121,0.01,1000,100,"region_specific","1","deseq2_pb"
0.304347826086957,0.496894409937888,0.0155555555555556,0.0888888888888889,0.32,0.81,-1.03881807774029,1.06207157091696,0,1000,100,"region_specific","10","dream_blind"
0.297297297297297,0.512658227848101,0.0122222222222222,0.09,0.26,0.77,-1.0881438660115,1.10911447705737,0,1000,100,"region_specific","10","dream_napari"
0.297297297297297,0.512658227848101,0.0122222222222222,0.09,0.26,0.77,-1.0881438660115,1.10911447705737,0,1000,100,"region_specific","10","dream_quint"
0.454545454545455,0.628787878787879,0.0888888888888889,0.184444444444444,0.96,0.98,-0.339702966280399,0.514115929490485,0.46,1000,100,"region_specific","10","dream_interaction"
0.856093979441997,0.878934624697337,0.647777777777778,0.806666666666667,0.98,1,-0.835690815844059,0.860905049225402,NA,1000,100,"region_specific","10","seurat_blind"
0.855223880597015,0.878048780487805,0.636666666666667,0.8,0.97,1,-0.835690815844059,0.860905049225402,NA,1000,100,"region_specific","10","seurat_napari"
0.855223880597015,0.878048780487805,0.636666666666667,0.8,0.97,1,-0.835690815844059,0.860905049225402,NA,1000,100,"region_specific","10","seurat_quint"
0.861070911722142,0.878048780487805,0.661111111111111,0.8,0.96,1,-0.835690815844059,0.860905049225402,NA,1000,100,"region_specific","10","wilcoxon"
0.184210526315789,0.428571428571429,0.0233333333333333,0.0833333333333333,0.93,1,-0.757538544933207,0.786993756777487,0.02,1000,100,"region_specific","10","deseq2_pb"
0.0952380952380952,0.525974025974026,0.00222222222222222,0.09,0.19,0.73,-1.053104998107,1.074883654322,0,1000,100,"region_specific","11","dream_blind"
0,0.488549618320611,0,0.0711111111111111,0.08,0.67,-1.10180209393793,1.12236013410634,0,1000,100,"region_specific","11","dream_napari"
0,0.488549618320611,0,0.0711111111111111,0.08,0.67,-1.10180209393793,1.12236013410634,0,1000,100,"region_specific","11","dream_quint"
0.342465753424658,0.592436974789916,0.0555555555555556,0.156666666666667,0.96,0.97,-0.328448639959089,0.503359085365068,0.62,1000,100,"region_specific","11","dream_interaction"
0.86039886039886,0.881516587677725,0.671111111111111,0.826666666666667,0.98,1,-0.870972419561439,0.890362311841594,NA,1000,100,"region_specific","11","seurat_blind"
0.856083086053412,0.879081015719468,0.641111111111111,0.807777777777778,0.97,1,-0.870972419561439,0.890362311841594,NA,1000,100,"region_specific","11","seurat_napari"
0.856083086053412,0.879081015719468,0.641111111111111,0.807777777777778,0.97,1,-0.870972419561439,0.890362311841594,NA,1000,100,"region_specific","11","seurat_quint"
0.866760168302945,0.883720930232558,0.686666666666667,0.844444444444444,0.95,1,-0.870972419561439,0.890362311841594,NA,1000,100,"region_specific","11","wilcoxon"
0.123809523809524,0.438202247191011,0.0144927536231884,0.0869565217391304,0.92,1,-0.812636993144312,0.833833262758933,0.01,997,100,"region_specific","11","deseq2_pb"
0.348837209302326,0.605555555555556,0.0166666666666667,0.121111111111111,0.28,0.71,-1.06092689666674,1.08094907399523,0,1000,100,"region_specific","12","dream_blind"
0.366666666666667,0.588957055214724,0.0122222222222222,0.106666666666667,0.19,0.67,-1.10657218645365,1.12484640734507,0,1000,100,"region_specific","12","dream_napari"
0.366666666666667,0.588957055214724,0.0122222222222222,0.106666666666667,0.19,0.67,-1.10657218645365,1.12484640734507,0,1000,100,"region_specific","12","dream_quint"
0.857558139534884,0.880810488676996,0.655555555555556,0.821111111111111,0.98,1,-0.877361601639709,0.900313244777774,NA,1000,100,"region_specific","12","seurat_blind"
0.85258358662614,0.880778588807786,0.623333333333333,0.804444444444444,0.97,0.98,-0.877361601639709,0.900313244777774,NA,1000,100,"region_specific","12","seurat_napari"
0.85258358662614,0.880778588807786,0.623333333333333,0.804444444444444,0.97,0.98,-0.877361601639709,0.900313244777774,NA,1000,100,"region_specific","12","seurat_quint"
0.859649122807018,0.881418092909535,0.653333333333333,0.801111111111111,0.96,0.97,-0.877361601639709,0.900313244777774,NA,1000,100,"region_specific","12","wilcoxon"
0.191304347826087,0.468085106382979,0.0244444444444444,0.0977777777777778,0.93,1,-0.79592175918604,0.822608135738842,0.01,1000,100,"region_specific","12","deseq2_pb"
0.363636363636364,0.535714285714286,0.017797552836485,0.100111234705228,0.28,0.78,-1.0622173285479,1.08243522098816,0,999,100,"region_specific","13","dream_blind"
0.19047619047619,0.506944444444444,0.00444938820912125,0.0812013348164627,0.17,0.71,-1.10592957165627,1.12457226401332,0,999,100,"region_specific","13","dream_napari"
0.19047619047619,0.506944444444444,0.00444938820912125,0.0812013348164627,0.17,0.71,-1.10592957165627,1.12457226401332,0,999,100,"region_specific","13","dream_quint"
0.50253807106599,0.65,0.110122358175751,0.202447163515017,0.98,0.98,-0.350848019151749,0.524264685846141,0.59,999,100,"region_specific","13","dream_interaction"
0.841423948220065,0.872935196950445,0.577777777777778,0.763333333333333,0.98,1,-0.821068813240821,0.840722721870871,NA,1000,100,"region_specific","13","seurat_blind"
0.842715231788079,0.871261378413524,0.565555555555556,0.744444444444444,0.95,0.99,-0.821068813240821,0.840722721870871,NA,1000,100,"region_specific","13","seurat_napari"
0.842715231788079,0.871261378413524,0.565555555555556,0.744444444444444,0.95,0.99,-0.821068813240821,0.840722721870871,NA,1000,100,"region_specific","13","seurat_quint"
0.848242811501597,0.872773536895674,0.59,0.762222222222222,0.95,1,-0.821068813240821,0.840722721870871,NA,1000,100,"region_specific","13","wilcoxon"
0.184210526315789,0.445714285714286,0.0234113712374582,0.0869565217391304,0.93,0.97,-0.821384659963986,0.841534225999797,0,997,100,"region_specific","13","deseq2_pb"
0.290909090909091,0.55,0.0177777777777778,0.11,0.39,0.81,-1.01866822128944,1.04393763170021,0,1000,100,"region_specific","14","dream_blind"
0.204545454545455,0.552795031055901,0.01,0.0988888888888889,0.35,0.72,-1.06414465741516,1.08754633804807,0,1000,100,"region_specific","14","dream_napari"
0.204545454545455,0.552795031055901,0.01,0.0988888888888889,0.35,0.72,-1.06414465741516,1.08754633804807,0,1000,100,"region_specific","14","dream_quint"
0.857558139534884,0.879372738238842,0.655555555555556,0.81,0.98,1,-0.822650850955492,0.849319498787596,NA,1000,100,"region_specific","14","seurat_blind"
0.852187028657617,0.877300613496933,0.627777777777778,0.794444444444444,0.98,1,-0.822650850955492,0.849319498787596,NA,1000,100,"region_specific","14","seurat_napari"
0.852187028657617,0.877300613496933,0.627777777777778,0.794444444444444,0.98,1,-0.822650850955492,0.849319498787596,NA,1000,100,"region_specific","14","seurat_quint"
0.861671469740634,0.88086642599278,0.664444444444444,0.813333333333333,0.96,0.99,-0.822650850955492,0.849319498787596,NA,1000,100,"region_specific","14","wilcoxon"
0.119266055045872,0.464864864864865,0.014460511679644,0.0956618464961068,0.96,0.99,-0.761535028906613,0.791360217587528,0.02,999,100,"region_specific","14","deseq2_pb"
0.290322580645161,0.553571428571429,0.01,0.103333333333333,0.22,0.75,-1.05575427132248,1.07777106115257,0,1000,100,"region_specific","15","dream_blind"
0.25,0.514492753623188,0.00666666666666667,0.0788888888888889,0.18,0.67,-1.10826934596416,1.12859269879615,0,1000,100,"region_specific","15","dream_napari"
0.25,0.514492753623188,0.00666666666666667,0.0788888888888889,0.18,0.67,-1.10826934596416,1.12859269879615,0,1000,100,"region_specific","15","dream_quint"
0.427710843373494,0.612648221343874,0.0788888888888889,0.172222222222222,0.95,0.98,-0.332504581933849,0.508960840339079,0.57,1000,100,"region_specific","15","dream_interaction"
0.856093979441997,0.882002383790226,0.647777777777778,0.822222222222222,0.98,0.99,-0.883619107798139,0.907974658874091,NA,1000,100,"region_specific","15","seurat_blind"
0.851393188854489,0.878228782287823,0.611111111111111,0.793333333333333,0.96,0.99,-0.883619107798139,0.907974658874091,NA,1000,100,"region_specific","15","seurat_napari"
0.851393188854489,0.878228782287823,0.611111111111111,0.793333333333333,0.96,0.99,-0.883619107798139,0.907974658874091,NA,1000,100,"region_specific","15","seurat_quint"
0.854354354354354,0.879081015719468,0.632222222222222,0.807777777777778,0.97,1,-0.883619107798139,0.907974658874091,NA,1000,100,"region_specific","15","wilcoxon"
0.190909090909091,0.441860465116279,0.0233333333333333,0.0844444444444444,0.89,0.96,-0.805512515631018,0.833709074024234,0.01,1000,100,"region_specific","15","deseq2_pb"
0.258064516129032,0.558011049723757,0.00888888888888889,0.112222222222222,0.23,0.8,-1.02573835769994,1.04440988083986,0,1000,100,"region_specific","16","dream_blind"
0.136363636363636,0.550295857988166,0.00333333333333333,0.103333333333333,0.19,0.76,-1.07832120620323,1.09551224249796,0,1000,100,"region_specific","16","dream_napari"
0.136363636363636,0.550295857988166,0.00333333333333333,0.103333333333333,0.19,0.76,-1.07832120620323,1.09551224249796,0,1000,100,"region_specific","16","dream_quint"
0.427745664739884,0.633333333333333,0.0822222222222222,0.19,0.99,0.99,-0.286790892924819,0.441197539267492,0.59,1000,100,"region_specific","16","dream_interaction"
0.856521739130435,0.880668257756563,0.656666666666667,0.82,0.99,1,-0.773615016544665,0.792116325938177,NA,1000,100,"region_specific","16","seurat_blind"
0.85,0.878934624697337,0.623333333333333,0.806666666666667,0.99,1,-0.773615016544665,0.792116325938177,NA,1000,100,"region_specific","16","seurat_napari"
0.85,0.878934624697337,0.623333333333333,0.806666666666667,0.99,1,-0.773615016544665,0.792116325938177,NA,1000,100,"region_specific","16","seurat_quint"
0.860632183908046,0.881936245572609,0.665555555555556,0.83,0.97,1,-0.773615016544665,0.792116325938177,NA,1000,100,"region_specific","16","wilcoxon"
0.172413793103448,0.468085106382979,0.022271714922049,0.0979955456570156,0.96,1,-0.755068458973391,0.774350447989417,0,998,100,"region_specific","16","deseq2_pb"
0.431372549019608,0.538461538461538,0.0244444444444444,0.101111111111111,0.29,0.78,-1.08158950085526,1.10156413383741,0,1000,100,"region_specific","17","dream_blind"
0.344827586206897,0.532467532467532,0.0111111111111111,0.0911111111111111,0.19,0.72,-1.1295704340002,1.14759178995683,0,1000,100,"region_specific","17","dream_napari"
0.344827586206897,0.532467532467532,0.0111111111111111,0.0911111111111111,0.19,0.72,-1.1295704340002,1.14759178995683,0,1000,100,"region_specific","17","dream_quint"
0.468571428571429,0.641509433962264,0.0911111111111111,0.188888888888889,0.93,0.95,-0.39729829274994,0.58760211293334,0.5,1000,100,"region_specific","17","dream_interaction"
0.861313868613139,0.880095923261391,0.655555555555556,0.815555555555556,0.95,1,-0.843214035989433,0.859026577577965,NA,1000,100,"region_specific","17","seurat_blind"
0.857142857142857,0.878109452736318,0.626666666666667,0.784444444444444,0.94,0.98,-0.843214035989433,0.859026577577965,NA,1000,100,"region_specific","17","seurat_napari"
0.857142857142857,0.878109452736318,0.626666666666667,0.784444444444444,0.94,0.98,-0.843214035989433,0.859026577577965,NA,1000,100,"region_specific","17","seurat_quint"
0.863570391872279,0.882775119617225,0.661111111111111,0.82,0.94,0.98,-0.843214035989433,0.859026577577965,NA,1000,100,"region_specific","17","wilcoxon"
0.18018018018018,0.464864864864865,0.0222222222222222,0.0955555555555556,0.91,0.99,-0.793131015471839,0.810662276254615,0.01,1000,100,"region_specific","17","deseq2_pb"
0.548387096774194,0.63768115942029,0.0378197997775306,0.146829810901001,0.28,0.75,-1.07774632876594,1.09574559523302,0,999,100,"region_specific","18","dream_blind"
0.5,0.652173913043478,0.0255839822024472,0.133481646273637,0.23,0.64,-1.12434914522605,1.14065496432234,0,999,100,"region_specific","18","dream_napari"
0.5,0.652173913043478,0.0255839822024472,0.133481646273637,0.23,0.64,-1.12434914522605,1.14065496432234,0,999,100,"region_specific","18","dream_quint"
0.478723404255319,0.65625,0.100111234705228,0.210233592880979,0.98,0.99,-0.337462334154279,0.476488724770789,0.49,999,100,"region_specific","18","dream_interaction"
0.859195402298851,0.882562277580071,0.664444444444444,0.826666666666667,0.98,0.99,-0.891095961152814,0.910792949354557,NA,1000,100,"region_specific","18","seurat_blind"
0.854545454545454,0.87807881773399,0.626666666666667,0.792222222222222,0.96,0.99,-0.891095961152814,0.910792949354557,NA,1000,100,"region_specific","18","seurat_napari"
0.854545454545454,0.87807881773399,0.626666666666667,0.792222222222222,0.96,0.99,-0.891095961152814,0.910792949354557,NA,1000,100,"region_specific","18","seurat_quint"
0.860199714693295,0.884297520661157,0.67,0.832222222222222,0.98,0.98,-0.891095961152814,0.910792949354557,NA,1000,100,"region_specific","18","wilcoxon"
0.168141592920354,0.492227979274611,0.0211817168338907,0.105908584169454,0.94,0.98,-0.83150822369556,0.853131990721292,0,997,100,"region_specific","18","deseq2_pb"
0.25,0.543352601156069,0.00888888888888889,0.104444444444444,0.24,0.79,-1.04488902499862,1.06549079386663,0,1000,100,"region_specific","19","dream_blind"
0.333333333333333,0.529411764705882,0.0111111111111111,0.09,0.2,0.72,-1.09294150881248,1.11129194875067,0,1000,100,"region_specific","19","dream_napari"
0.333333333333333,0.529411764705882,0.0111111111111111,0.09,0.2,0.72,-1.09294150881248,1.11129194875067,0,1000,100,"region_specific","19","dream_quint"
0.855051244509517,0.880382775119617,0.648888888888889,0.817777777777778,0.99,1,-0.785767423957705,1.01107981247526,NA,1000,100,"region_specific","19","seurat_blind"
0.851908396946565,0.87807881773399,0.62,0.792222222222222,0.97,0.99,-0.785767423957705,1.01107981247526,NA,1000,100,"region_specific","19","seurat_napari"
0.851908396946565,0.87807881773399,0.62,0.792222222222222,0.97,0.99,-0.785767423957705,1.01107981247526,NA,1000,100,"region_specific","19","seurat_quint"
0.860869565217391,0.883802816901408,0.66,0.836666666666667,0.96,0.99,-0.785767423957705,1.01107981247526,NA,1000,100,"region_specific","19","wilcoxon"
0.163636363636364,0.467032967032967,0.0200222469410456,0.0945494994438265,0.92,0.97,-0.6929671166357,1.14023566468751,0.02,999,100,"region_specific","19","deseq2_pb"
0.461538461538462,0.641304347826087,0.0133333333333333,0.131111111111111,0.14,0.66,-1.10058395342685,1.12141869244759,0,1000,100,"region_specific","2","dream_blind"
0.434782608695652,0.684210526315789,0.0111111111111111,0.13,0.13,0.54,-1.14957017450015,1.16870633991186,0,1000,100,"region_specific","2","dream_napari"
0.434782608695652,0.684210526315789,0.0111111111111111,0.13,0.13,0.54,-1.14957017450015,1.16870633991186,0,1000,100,"region_specific","2","dream_quint"
0.856304985337243,0.879518072289157,0.648888888888889,0.811111111111111,0.98,1,-0.836722255831445,0.856675071598674,NA,1000,100,"region_specific","2","seurat_blind"
0.853211009174312,0.876404494382023,0.62,0.78,0.96,0.99,-0.836722255831445,0.856675071598674,NA,1000,100,"region_specific","2","seurat_napari"
0.853211009174312,0.876404494382023,0.62,0.78,0.96,0.99,-0.836722255831445,0.856675071598674,NA,1000,100,"region_specific","2","seurat_quint"
0.858600583090379,0.879227053140097,0.654444444444444,0.808888888888889,0.97,1,-0.836722255831445,0.856675071598674,NA,1000,100,"region_specific","2","wilcoxon"
0.253968253968254,0.459459459459459,0.0355555555555556,0.0944444444444444,0.94,1,-0.803741620745984,0.825194046145328,0.01,1000,100,"region_specific","2","deseq2_pb"
0.507246376811594,0.64622641509434,0.0388888888888889,0.152222222222222,0.34,0.75,-1.06683747941685,1.09333814358547,0,1000,100,"region_specific","20","dream_blind"
0.490909090909091,0.646766169154229,0.03,0.144444444444444,0.28,0.71,-1.11116196331269,1.13399720495076,0,1000,100,"region_specific","20","dream_napari"
0.490909090909091,0.646766169154229,0.03,0.144444444444444,0.28,0.71,-1.11116196331269,1.13399720495076,0,1000,100,"region_specific","20","dream_quint"
0.49468085106383,0.657142857142857,0.103333333333333,0.204444444444444,0.95,0.96,-0.388851034847961,0.613875767857511,0.57,1000,100,"region_specific","20","dream_interaction"
0.86217008797654,0.881067961165049,0.653333333333333,0.806666666666667,0.94,0.98,-0.82863100853715,0.853209190615894,NA,1000,100,"region_specific","20","seurat_blind"
0.861812778603269,0.879849812265332,0.644444444444444,0.781111111111111,0.93,0.96,-0.82863100853715,0.853209190615894,NA,1000,100,"region_specific","20","seurat_napari"
0.861812778603269,0.879849812265332,0.644444444444444,0.781111111111111,0.93,0.96,-0.82863100853715,0.853209190615894,NA,1000,100,"region_specific","20","seurat_quint"
0.865994236311239,0.882708585247884,0.667777777777778,0.811111111111111,0.93,0.97,-0.82863100853715,0.853209190615894,NA,1000,100,"region_specific","20","wilcoxon"
0.222222222222222,0.492063492063492,0.0288888888888889,0.103333333333333,0.91,0.96,-0.779686988266031,0.807896716077144,0.03,1000,100,"region_specific","20","deseq2_pb"
0.363636363636364,0.581521739130435,0.0177777777777778,0.118888888888889,0.28,0.77,-1.05146834095695,1.07506960463541,0,1000,100,"region_specific","21","dream_blind"
0.325,0.578313253012048,0.0144444444444444,0.106666666666667,0.27,0.7,-1.09608790104269,1.1182467150287,0,1000,100,"region_specific","21","dream_napari"
0.325,0.578313253012048,0.0144444444444444,0.106666666666667,0.27,0.7,-1.09608790104269,1.1182467150287,0,1000,100,"region_specific","21","dream_quint"
0.459016393442623,0.629213483146067,0.0933333333333333,0.186666666666667,0.99,0.99,-0.319919316824176,0.49039657565573,0.53,1000,100,"region_specific","21","dream_interaction"
0.856515373352855,0.878824969400245,0.65,0.797777777777778,0.98,0.99,-0.832610642237358,0.861138425413253,NA,1000,100,"region_specific","21","seurat_blind"
0.858187134502924,0.879708383961118,0.652222222222222,0.804444444444444,0.97,0.99,-0.832610642237358,0.861138425413253,NA,1000,100,"region_specific","21","seurat_napari"
0.858187134502924,0.879708383961118,0.652222222222222,0.804444444444444,0.97,0.99,-0.832610642237358,0.861138425413253,NA,1000,100,"region_specific","21","seurat_quint"
0.857142857142857,0.881437125748503,0.653333333333333,0.817777777777778,0.98,0.99,-0.832610642237358,0.861138425413253,NA,1000,100,"region_specific","21","wilcoxon"
0.194915254237288,0.45,0.0255555555555556,0.09,0.95,0.99,-0.799117650687457,0.829244389760906,0.01,1000,100,"region_specific","21","deseq2_pb"
0.457142857142857,0.597765363128492,0.0177777777777778,0.118888888888889,0.19,0.72,-1.06179029425895,1.08552607131169,0,1000,100,"region_specific","22","dream_blind"
0.444444444444444,0.611764705882353,0.0133333333333333,0.115555555555556,0.15,0.66,-1.10508547653658,1.12558687658978,0,1000,100,"region_specific","22","dream_napari"
0.444444444444444,0.611764705882353,0.0133333333333333,0.115555555555556,0.15,0.66,-1.10508547653658,1.12558687658978,0,1000,100,"region_specific","22","dream_quint"
0.494736842105263,0.663194444444444,0.104444444444444,0.212222222222222,0.96,0.97,-0.364947783833406,0.545293620334231,0.58,1000,100,"region_specific","22","dream_interaction"
0.867768595041322,0.886946386946387,0.7,0.845555555555556,0.96,0.97,-0.870574565617655,0.896673843663902,NA,1000,100,"region_specific","22","seurat_blind"
0.866473149492017,0.883472057074911,0.663333333333333,0.825555555555556,0.92,0.98,-0.870574565617655,0.896673843663902,NA,1000,100,"region_specific","22","seurat_napari"
0.866473149492017,0.883472057074911,0.663333333333333,0.825555555555556,0.92,0.98,-0.870574565617655,0.896673843663902,NA,1000,100,"region_specific","22","seurat_quint"
0.867132867132867,0.886682242990654,0.688888888888889,0.843333333333333,0.95,0.97,-0.870574565617655,0.896673843663902,NA,1000,100,"region_specific","22","wilcoxon"
0.210526315789474,0.481081081081081,0.0266666666666667,0.0988888888888889,0.9,0.96,-0.786827516707428,0.817501437121753,0.01,1000,100,"region_specific","22","deseq2_pb"
0.210526315789474,0.492647058823529,0.00888888888888889,0.0744444444444444,0.3,0.69,-1.07685321191077,1.09750495220272,0,1000,100,"region_specific","23","dream_blind"
0.258064516129032,0.471544715447154,0.00888888888888889,0.0644444444444444,0.23,0.65,-1.12866871776754,1.14639379146235,0,1000,100,"region_specific","23","dream_napari"
0.258064516129032,0.471544715447154,0.00888888888888889,0.0644444444444444,0.23,0.65,-1.12866871776754,1.14639379146235,0,1000,100,"region_specific","23","dream_quint"
0.214285714285714,0.545454545454545,0.03,0.133333333333333,0.99,1,-0.36403050818127,0.519085335279409,0.45,1000,100,"region_specific","23","dream_interaction"
0.862660944206009,0.881861575178998,0.67,0.821111111111111,0.96,0.99,-0.879233716327435,0.908437015799528,NA,1000,100,"region_specific","23","seurat_blind"
0.857997010463378,0.882708585247884,0.637777777777778,0.811111111111111,0.95,0.97,-0.879233716327435,0.908437015799528,NA,1000,100,"region_specific","23","seurat_napari"
0.857997010463378,0.882708585247884,0.637777777777778,0.811111111111111,0.95,0.97,-0.879233716327435,0.908437015799528,NA,1000,100,"region_specific","23","seurat_quint"
0.862857142857143,0.882069795427196,0.671111111111111,0.814444444444444,0.96,0.98,-0.879233716327435,0.908437015799528,NA,1000,100,"region_specific","23","wilcoxon"
0.0909090909090909,0.474860335195531,0.010022271714922,0.0946547884187082,0.9,0.94,-0.820767171523323,0.853965863278918,0.01,998,100,"region_specific","23","deseq2_pb"
0.102040816326531,0.509677419354839,0.00555555555555556,0.0877777777777778,0.44,0.76,-1.06841823313007,1.09052186361299,0,1000,100,"region_specific","24","dream_blind"
0.0930232558139535,0.507142857142857,0.00444444444444444,0.0788888888888889,0.39,0.69,-1.11119047001509,1.1314148324587,0,1000,100,"region_specific","24","dream_napari"
0.0930232558139535,0.507142857142857,0.00444444444444444,0.0788888888888889,0.39,0.69,-1.11119047001509,1.1314148324587,0,1000,100,"region_specific","24","dream_quint"
0.333333333333333,0.566371681415929,0.0544444444444444,0.142222222222222,0.98,0.98,-0.381851163117405,0.563293430900278,0.5,1000,100,"region_specific","24","dream_interaction"
0.855699855699856,0.879951980792317,0.658888888888889,0.814444444444444,1,1,-0.810488462661012,0.833058560134864,NA,1000,100,"region_specific","24","seurat_blind"
0.855855855855856,0.879120879120879,0.633333333333333,0.8,0.96,0.99,-0.810488462661012,0.833058560134864,NA,1000,100,"region_specific","24","seurat_napari"
0.855855855855856,0.879120879120879,0.633333333333333,0.8,0.96,0.99,-0.810488462661012,0.833058560134864,NA,1000,100,"region_specific","24","seurat_quint"
0.862068965517241,0.881009615384615,0.666666666666667,0.814444444444444,0.96,0.99,-0.810488462661012,0.833058560134864,NA,1000,100,"region_specific","24","wilcoxon"
0.15929203539823,0.453038674033149,0.0200222469410456,0.0912124582869855,0.95,0.99,-0.764946378091056,0.789780014791379,0.01,999,100,"region_specific","24","deseq2_pb"
0.354838709677419,0.575581395348837,0.0244444444444444,0.11,0.4,0.73,-1.06473057744769,1.08433903209781,0,1000,100,"region_specific","25","dream_blind"
0.361702127659574,0.598802395209581,0.0188888888888889,0.111111111111111,0.3,0.67,-1.11484445777495,1.13218699688046,0,1000,100,"region_specific","25","dream_napari"
0.361702127659574,0.598802395209581,0.0188888888888889,0.111111111111111,0.3,0.67,-1.11484445777495,1.13218699688046,0,1000,100,"region_specific","25","dream_quint"
0.864022662889518,0.883273164861613,0.677777777777778,0.815555555555556,0.96,0.97,-0.865040619500601,0.892974448775301,NA,1000,100,"region_specific","25","seurat_blind"
0.859259259259259,0.882634730538922,0.644444444444444,0.818888888888889,0.95,0.98,-0.865040619500601,0.892974448775301,NA,1000,100,"region_specific","25","seurat_napari"
0.859259259259259,0.882634730538922,0.644444444444444,0.818888888888889,0.95,0.98,-0.865040619500601,0.892974448775301,NA,1000,100,"region_specific","25","seurat_quint"
0.866295264623955,0.884523809523809,0.691111111111111,0.825555555555556,0.96,0.97,-0.865040619500601,0.892974448775301,NA,1000,100,"region_specific","25","wilcoxon"
0.165137614678899,0.429411764705882,0.02,0.0811111111111111,0.91,0.97,-0.806696303149709,0.837413367233239,0.02,1000,100,"region_specific","25","deseq2_pb"
0.444444444444444,0.61139896373057,0.0266666666666667,0.131111111111111,0.3,0.75,-1.05306439264262,1.06950192322443,0,1000,100,"region_specific","26","dream_blind"
0.305555555555556,0.598837209302326,0.0122222222222222,0.114444444444444,0.25,0.69,-1.09805295561177,1.11311047433658,0,1000,100,"region_specific","26","dream_napari"
0.305555555555556,0.598837209302326,0.0122222222222222,0.114444444444444,0.25,0.69,-1.09805295561177,1.11311047433658,0,1000,100,"region_specific","26","dream_quint"
0.473118279569892,0.632958801498127,0.0989876265466817,0.190101237345332,0.98,0.98,-0.324476635679407,0.453424501026066,0.58,989,100,"region_specific","26","dream_interaction"
0.858166189111748,0.881578947368421,0.665555555555556,0.818888888888889,0.99,0.99,-0.812243404188187,0.835595524979095,NA,1000,100,"region_specific","26","seurat_blind"
0.857558139534884,0.880579010856454,0.655555555555556,0.811111111111111,0.98,0.99,-0.812243404188187,0.835595524979095,NA,1000,100,"region_specific","26","seurat_napari"
0.857558139534884,0.880579010856454,0.655555555555556,0.811111111111111,0.98,0.99,-0.812243404188187,0.835595524979095,NA,1000,100,"region_specific","26","seurat_quint"
0.863319386331939,0.882840236686391,0.687777777777778,0.828888888888889,0.98,0.99,-0.812243404188187,0.835595524979095,NA,1000,100,"region_specific","26","wilcoxon"
0.181034482758621,0.459016393442623,0.0233333333333333,0.0933333333333333,0.95,0.99,-0.788586641340707,0.813040495705226,0.02,1000,100,"region_specific","26","deseq2_pb"
0.162162162162162,0.5,0.00666666666666667,0.0944444444444444,0.31,0.85,-1.01930948006586,1.04031162596823,0,1000,100,"region_specific","27","dream_blind"
0.0967741935483871,0.509316770186335,0.00333333333333333,0.0911111111111111,0.28,0.79,-1.0653002232666,1.08430772894952,0,1000,100,"region_specific","27","dream_napari"
0.0967741935483871,0.509316770186335,0.00333333333333333,0.0911111111111111,0.28,0.79,-1.0653002232666,1.08430772894952,0,1000,100,"region_specific","27","dream_quint"
0.443181818181818,0.619230769230769,0.0866666666666667,0.178888888888889,0.98,0.99,-0.306473720938776,0.496016879355465,0.65,1000,100,"region_specific","27","dream_interaction"
0.85672082717873,0.880579010856454,0.644444444444444,0.811111111111111,0.97,0.99,-0.851240134630486,0.870310748824802,NA,1000,100,"region_specific","27","seurat_blind"
0.84984520123839,0.876712328767123,0.61,0.782222222222222,0.97,0.99,-0.851240134630486,0.870310748824802,NA,1000,100,"region_specific","27","seurat_napari"
0.84984520123839,0.876712328767123,0.61,0.782222222222222,0.97,0.99,-0.851240134630486,0.870310748824802,NA,1000,100,"region_specific","27","seurat_quint"
0.856508875739645,0.880145278450363,0.643333333333333,0.807777777777778,0.97,0.99,-0.851240134630486,0.870310748824802,NA,1000,100,"region_specific","27","wilcoxon"
0.188034188034188,0.453038674033149,0.0244988864142539,0.0913140311804009,0.95,0.99,-0.753805924163697,0.775570540580751,0.02,998,100,"region_specific","27","deseq2_pb"
0.355555555555556,0.56353591160221,0.0177777777777778,0.113333333333333,0.29,0.79,-1.08228300179865,1.10146916788303,0,1000,100,"region_specific","28","dream_blind"
0.325,0.54140127388535,0.0144444444444444,0.0944444444444444,0.27,0.72,-1.12416042400391,1.14232626360135,0,1000,100,"region_specific","28","dream_napari"
0.325,0.54140127388535,0.0144444444444444,0.0944444444444444,0.27,0.72,-1.12416042400391,1.14232626360135,0,1000,100,"region_specific","28","dream_quint"
0.512315270935961,0.642857142857143,0.115555555555556,0.2,0.99,1,-0.376784946486414,0.532540422078217,0.5,1000,100,"region_specific","28","dream_interaction"
0.853157121879589,0.880239520958084,0.645555555555556,0.816666666666667,1,1,-0.834886278709339,0.853958967152832,NA,1000,100,"region_specific","28","seurat_blind"
0.846390168970814,0.878197320341047,0.612222222222222,0.801111111111111,1,1,-0.834886278709339,0.853958967152832,NA,1000,100,"region_specific","28","seurat_napari"
0.846390168970814,0.878197320341047,0.612222222222222,0.801111111111111,1,1,-0.834886278709339,0.853958967152832,NA,1000,100,"region_specific","28","seurat_quint"
0.856527977044476,0.881936245572609,0.663333333333333,0.83,1,1,-0.834886278709339,0.853958967152832,NA,1000,100,"region_specific","28","wilcoxon"
0.157894736842105,0.434285714285714,0.02,0.0844444444444444,0.96,0.99,-0.822699089491951,0.842516642654382,0,1000,100,"region_specific","28","deseq2_pb"
0.433333333333333,0.601010101010101,0.0289210233592881,0.132369299221357,0.34,0.79,-0.993184711957847,1.0149937906131,0,999,100,"region_specific","29","dream_blind"
0.436363636363636,0.592391304347826,0.0266963292547275,0.121245828698554,0.31,0.75,-1.03569215011654,1.05589132847886,0,999,100,"region_specific","29","dream_napari"
0.436363636363636,0.592391304347826,0.0266963292547275,0.121245828698554,0.31,0.75,-1.03569215011654,1.05589132847886,0,999,100,"region_specific","29","dream_quint"
0.487046632124352,0.649122807017544,0.104560622914349,0.205784204671858,0.99,1,-0.245333415706891,0.412445615198642,0.68,999,100,"region_specific","29","dream_interaction"
0.845201238390093,0.873257287705957,0.606666666666667,0.765555555555556,1,1,-0.720619575620545,0.748857625621829,NA,1000,100,"region_specific","29","seurat_blind"
0.846625766871166,0.875930521091811,0.613333333333333,0.784444444444444,1,1,-0.720619575620545,0.748857625621829,NA,1000,100,"region_specific","29","seurat_napari"
0.846625766871166,0.875930521091811,0.613333333333333,0.784444444444444,1,1,-0.720619575620545,0.748857625621829,NA,1000,100,"region_specific","29","seurat_quint"
0.846860643185299,0.876543209876543,0.614444444444444,0.788888888888889,1,1,-0.720619575620545,0.748857625621829,NA,1000,100,"region_specific","29","wilcoxon"
0.232558139534884,0.49748743718593,0.0334448160535117,0.110367892976589,0.99,1,-0.726087501073824,0.754990757760462,0.03,997,100,"region_specific","29","deseq2_pb"
0.387755102040816,0.542168674698795,0.0211111111111111,0.1,0.3,0.76,-1.05121724329385,1.0740311593828,0,1000,100,"region_specific","3","dream_blind"
0.409090909090909,0.530612244897959,0.02,0.0866666666666667,0.26,0.69,-1.09290370635171,1.11445157707014,0,1000,100,"region_specific","3","dream_napari"
0.409090909090909,0.530612244897959,0.02,0.0866666666666667,0.26,0.69,-1.09290370635171,1.11445157707014,0,1000,100,"region_specific","3","dream_quint"
0.859397417503587,0.882075471698113,0.665555555555556,0.831111111111111,0.98,1,-0.810217703193008,0.836727052296994,NA,1000,100,"region_specific","3","seurat_blind"
0.866666666666667,0.8805256869773,0.678888888888889,0.818888888888889,0.94,1,-0.810217703193008,0.836727052296994,NA,1000,100,"region_specific","3","seurat_napari"
0.866666666666667,0.8805256869773,0.678888888888889,0.818888888888889,0.94,1,-0.810217703193008,0.836727052296994,NA,1000,100,"region_specific","3","seurat_quint"
0.86628733997155,0.88339222614841,0.676666666666667,0.833333333333333,0.94,0.99,-0.810217703193008,0.836727052296994,NA,1000,100,"region_specific","3","wilcoxon"
0.211864406779661,0.481865284974093,0.0277777777777778,0.103333333333333,0.93,1,-0.7710266287187,0.803676686375857,0.01,1000,100,"region_specific","3","deseq2_pb"
0.507042253521127,0.598870056497175,0.04,0.117777777777778,0.35,0.71,-1.07212287306187,1.09600945810058,0,1000,100,"region_specific","30","dream_blind"
0.46875,0.591715976331361,0.0333333333333333,0.111111111111111,0.34,0.69,-1.11506741154043,1.13618815328421,0,1000,100,"region_specific","30","dream_napari"
0.46875,0.591715976331361,0.0333333333333333,0.111111111111111,0.34,0.69,-1.11506741154043,1.13618815328421,0,1000,100,"region_specific","30","dream_quint"
0.447513812154696,0.633699633699634,0.09,0.192222222222222,1,1,-0.335334779924639,0.496761224860719,0.64,1000,100,"region_specific","30","dream_interaction"
0.857988165680473,0.878228782287823,0.644444444444444,0.793333333333333,0.96,0.99,-0.893605782964448,0.927187054546529,NA,1000,100,"region_specific","30","seurat_blind"
0.853435114503817,0.879268292682927,0.621111111111111,0.801111111111111,0.96,0.99,-0.893605782964448,0.927187054546529,NA,1000,100,"region_specific","30","seurat_napari"
0.853435114503817,0.879268292682927,0.621111111111111,0.801111111111111,0.96,0.99,-0.893605782964448,0.927187054546529,NA,1000,100,"region_specific","30","seurat_quint"
0.855869242199108,0.88034188034188,0.64,0.801111111111111,0.97,0.98,-0.893605782964448,0.927187054546529,NA,1000,100,"region_specific","30","wilcoxon"
0.10752688172043,0.419753086419753,0.0111358574610245,0.0757238307349666,0.83,0.94,-0.836731167764307,0.874700904298895,0.02,998,100,"region_specific","30","deseq2_pb"
0.266666666666667,0.568306010928962,0.00888888888888889,0.115555555555556,0.22,0.79,-1.05149833574282,1.06852602271714,0,1000,100,"region_specific","31","dream_blind"
0.333333333333333,0.575757575757576,0.0133333333333333,0.105555555555556,0.24,0.7,-1.09402298530329,1.11015196404198,0,1000,100,"region_specific","31","dream_napari"
0.333333333333333,0.575757575757576,0.0133333333333333,0.105555555555556,0.24,0.7,-1.09402298530329,1.11015196404198,0,1000,100,"region_specific","31","dream_quint"
0.385093167701863,0.589211618257261,0.0694288913773796,0.159014557670773,0.99,0.99,-0.328341286666599,0.483078494747543,0.64,993,100,"region_specific","31","dream_interaction"
0.855882352941176,0.878640776699029,0.646666666666667,0.804444444444444,0.98,1,-0.831814623406135,0.854568241104821,NA,1000,100,"region_specific","31","seurat_blind"
0.848392036753446,0.876543209876543,0.615555555555556,0.788888888888889,0.99,1,-0.831814623406135,0.854568241104821,NA,1000,100,"region_specific","31","seurat_napari"
0.848392036753446,0.876543209876543,0.615555555555556,0.788888888888889,0.99,1,-0.831814623406135,0.854568241104821,NA,1000,100,"region_specific","31","seurat_quint"
0.859011627906977,0.878934624697337,0.656666666666667,0.806666666666667,0.97,1,-0.831814623406135,0.854568241104821,NA,1000,100,"region_specific","31","wilcoxon"
0.157894736842105,0.455555555555556,0.02,0.0911111111111111,0.96,0.98,-0.792817840305216,0.818042059903662,0.02,1000,100,"region_specific","31","deseq2_pb"
0.344827586206897,0.503311258278146,0.0111111111111111,0.0844444444444444,0.19,0.75,-1.06531662637609,1.08835309175677,0,1000,100,"region_specific","32","dream_blind"
0.37037037037037,0.522058823529412,0.0111111111111111,0.0788888888888889,0.17,0.65,-1.10340769977794,1.12427404742736,0,1000,100,"region_specific","32","dream_napari"
0.37037037037037,0.522058823529412,0.0111111111111111,0.0788888888888889,0.17,0.65,-1.10340769977794,1.12427404742736,0,1000,100,"region_specific","32","dream_quint"
0.39873417721519,0.594936708860759,0.07,0.156666666666667,0.95,0.96,-0.356912150801504,0.530350435273854,0.59,1000,100,"region_specific","32","dream_interaction"
0.854383358098068,0.880095923261391,0.638888888888889,0.815555555555556,0.98,1,-0.876456031567757,0.903871654717441,NA,1000,100,"region_specific","32","seurat_blind"
0.854714064914992,0.881067961165049,0.614444444444444,0.806666666666667,0.94,0.98,-0.876456031567757,0.903871654717441,NA,1000,100,"region_specific","32","seurat_napari"
0.854714064914992,0.881067961165049,0.614444444444444,0.806666666666667,0.94,0.98,-0.876456031567757,0.903871654717441,NA,1000,100,"region_specific","32","seurat_quint"
0.863905325443787,0.883748517200475,0.648888888888889,0.827777777777778,0.92,0.98,-0.876456031567757,0.903871654717441,NA,1000,100,"region_specific","32","wilcoxon"
0.212389380530973,0.464088397790055,0.0266666666666667,0.0933333333333333,0.89,0.97,-0.834274849839599,0.864171323519245,0.02,1000,100,"region_specific","32","deseq2_pb"
0.209302325581395,0.5,0.01,0.0933333333333333,0.34,0.84,-1.04395896905662,1.06515532523322,0,1000,100,"region_specific","33","dream_blind"
0.24390243902439,0.506666666666667,0.0111111111111111,0.0844444444444444,0.31,0.74,-1.0910844273897,1.11082069182181,0,1000,100,"region_specific","33","dream_napari"
0.24390243902439,0.506666666666667,0.0111111111111111,0.0844444444444444,0.31,0.74,-1.0910844273897,1.11082069182181,0,1000,100,"region_specific","33","dream_quint"
0.2265625,0.532710280373832,0.0322222222222222,0.126666666666667,0.99,1,-0.338790959041302,0.518833168803584,0.55,1000,100,"region_specific","33","dream_interaction"
0.853801169590643,0.877600979192167,0.648888888888889,0.796666666666667,1,1,-0.72805192433404,0.897685703373967,NA,1000,100,"region_specific","33","seurat_blind"
0.854166666666667,0.877323420074349,0.637777777777778,0.786666666666667,0.98,0.99,-0.72805192433404,0.897685703373967,NA,1000,100,"region_specific","33","seurat_napari"
0.854166666666667,0.877323420074349,0.637777777777778,0.786666666666667,0.98,0.99,-0.72805192433404,0.897685703373967,NA,1000,100,"region_specific","33","seurat_quint"
0.86066763425254,0.880290205562273,0.658888888888889,0.808888888888889,0.96,0.99,-0.72805192433404,0.897685703373967,NA,1000,100,"region_specific","33","wilcoxon"
0.204918032786885,0.441340782122905,0.0277777777777778,0.0877777777777778,0.97,1,-0.706693669704364,0.950221364982223,0.02,1000,100,"region_specific","33","deseq2_pb"
0.342857142857143,0.634831460674157,0.0133333333333333,0.125555555555556,0.23,0.65,-1.11030013276784,1.12961552119804,0,1000,100,"region_specific","34","dream_napari"
0.342857142857143,0.634831460674157,0.0133333333333333,0.125555555555556,0.23,0.65,-1.11030013276784,1.12961552119804,0,1000,100,"region_specific","34","dream_quint"
0.494791666666667,0.643382352941177,0.105555555555556,0.194444444444444,0.97,0.97,-0.35998193367491,0.527036876012809,0.49,1000,100,"region_specific","34","dream_interaction"
0.862937062937063,0.881796690307329,0.685555555555556,0.828888888888889,0.98,1,-0.82694617071047,0.849689378588574,NA,1000,100,"region_specific","34","seurat_blind"
0.859397417503587,0.878493317132442,0.665555555555556,0.803333333333333,0.98,1,-0.82694617071047,0.849689378588574,NA,1000,100,"region_specific","34","seurat_napari"
0.859397417503587,0.878493317132442,0.665555555555556,0.803333333333333,0.98,1,-0.82694617071047,0.849689378588574,NA,1000,100,"region_specific","34","seurat_quint"
0.865650969529086,0.880952380952381,0.694444444444444,0.822222222222222,0.97,1,-0.82694617071047,0.849689378588574,NA,1000,100,"region_specific","34","wilcoxon"
0.189655172413793,0.476190476190476,0.0244716351501669,0.100111234705228,0.94,0.99,-0.805016975179369,0.829247175107134,0.02,999,100,"region_specific","34","deseq2_pb"
0.345454545454545,0.575129533678757,0.0211111111111111,0.123333333333333,0.36,0.82,-1.04115202235111,1.05902214275604,0,1000,100,"region_specific","35","dream_blind"
0.266666666666667,0.566265060240964,0.0133333333333333,0.104444444444444,0.33,0.72,-1.0884228107217,1.10464039490133,0,1000,100,"region_specific","35","dream_napari"
0.266666666666667,0.566265060240964,0.0133333333333333,0.104444444444444,0.33,0.72,-1.0884228107217,1.10464039490133,0,1000,100,"region_specific","35","dream_quint"
0.50251256281407,0.674342105263158,0.111111111111111,0.227777777777778,0.99,0.99,-0.316286877808691,0.469402502306897,0.56,1000,100,"region_specific","35","dream_interaction"
0.856521739130435,0.878197320341047,0.656666666666667,0.801111111111111,0.99,1,-0.868525193074268,0.886643627121501,NA,1000,100,"region_specific","35","seurat_blind"
0.85459940652819,0.877450980392157,0.64,0.795555555555556,0.98,1,-0.868525193074268,0.886643627121501,NA,1000,100,"region_specific","35","seurat_napari"
0.85459940652819,0.877450980392157,0.64,0.795555555555556,0.98,1,-0.868525193074268,0.886643627121501,NA,1000,100,"region_specific","35","seurat_quint"
0.858789625360231,0.880382775119617,0.662222222222222,0.817777777777778,0.98,1,-0.868525193074268,0.886643627121501,NA,1000,100,"region_specific","35","wilcoxon"
0.177966101694915,0.470899470899471,0.0233333333333333,0.0988888888888889,0.97,1,-0.744753311689535,0.837874210785595,0.02,1000,100,"region_specific","35","deseq2_pb"
0.326086956521739,0.593582887700535,0.0166852057842047,0.123470522803115,0.31,0.76,-1.01825977683454,1.04168662229191,0,999,100,"region_specific","36","dream_blind"
0.297297297297297,0.567073170731707,0.0122358175750834,0.103448275862069,0.26,0.71,-1.07108531505357,1.09065488910318,0,999,100,"region_specific","36","dream_napari"
0.297297297297297,0.567073170731707,0.0122358175750834,0.103448275862069,0.26,0.71,-1.07108531505357,1.09065488910318,0,999,100,"region_specific","36","dream_quint"
0.50259067357513,0.653846153846154,0.10789766407119,0.208008898776418,0.96,0.99,-0.289122577128417,0.441305296109883,0.63,999,100,"region_specific","36","dream_interaction"
0.862745098039216,0.882766705744431,0.684444444444444,0.836666666666667,0.98,1,-0.872784245636523,0.90409113721768,NA,1000,100,"region_specific","36","seurat_blind"
0.857566765578635,0.881707317073171,0.642222222222222,0.803333333333333,0.96,0.97,-0.872784245636523,0.90409113721768,NA,1000,100,"region_specific","36","seurat_napari"
0.857566765578635,0.881707317073171,0.642222222222222,0.803333333333333,0.96,0.97,-0.872784245636523,0.90409113721768,NA,1000,100,"region_specific","36","seurat_quint"
0.863509749303621,0.883116883116883,0.688888888888889,0.831111111111111,0.98,0.99,-0.872784245636523,0.90409113721768,NA,1000,100,"region_specific","36","wilcoxon"
0.134615384615385,0.448275862068966,0.0155728587319244,0.0867630700778643,0.9,0.96,-0.764461916330623,0.802528599870622,0.04,999,100,"region_specific","36","deseq2_pb"
0.378378378378378,0.524096385542169,0.0155555555555556,0.0966666666666667,0.23,0.79,-1.03897424793539,1.06200559819754,0,1000,100,"region_specific","37","dream_blind"
0.321428571428571,0.493055555555556,0.01,0.0788888888888889,0.19,0.73,-1.08341198847221,1.10356581512732,0,1000,100,"region_specific","37","dream_napari"
0.321428571428571,0.493055555555556,0.01,0.0788888888888889,0.19,0.73,-1.08341198847221,1.10356581512732,0,1000,100,"region_specific","37","dream_quint"
0.389937106918239,0.584745762711864,0.0688888888888889,0.153333333333333,0.97,0.98,-0.321182367017706,0.502664844343627,0.58,1000,100,"region_specific","37","dream_interaction"
0.859799713876967,0.881656804733728,0.667777777777778,0.827777777777778,0.98,1,-0.899943793932418,0.924531850987384,NA,1000,100,"region_specific","37","seurat_blind"
0.857566765578635,0.882634730538922,0.642222222222222,0.818888888888889,0.96,0.98,-0.899943793932418,0.924531850987384,NA,1000,100,"region_specific","37","seurat_napari"
0.857566765578635,0.882634730538922,0.642222222222222,0.818888888888889,0.96,0.98,-0.899943793932418,0.924531850987384,NA,1000,100,"region_specific","37","seurat_quint"
0.861581920903955,0.882214369846879,0.677777777777778,0.832222222222222,0.98,1,-0.899943793932418,0.924531850987384,NA,1000,100,"region_specific","37","wilcoxon"
0.172727272727273,0.441860465116279,0.0211111111111111,0.0844444444444444,0.91,0.96,-0.788056431341015,0.819041097688645,0.04,1000,100,"region_specific","37","deseq2_pb"
0.611940298507463,0.636363636363636,0.0456062291434928,0.140155728587319,0.26,0.72,-1.10412941957322,1.13000150174946,0,999,100,"region_specific","38","dream_blind"
0.518518518518518,0.668478260869565,0.0311457174638487,0.136818687430478,0.26,0.61,-1.14016746232107,1.16297567679707,0,999,100,"region_specific","38","dream_napari"
0.518518518518518,0.668478260869565,0.0311457174638487,0.136818687430478,0.26,0.61,-1.14016746232107,1.16297567679707,0,999,100,"region_specific","38","dream_quint"
0.524752475247525,0.66551724137931,0.117908787541713,0.2146829810901,0.96,0.97,-0.440362781385516,0.653056701464489,0.52,999,100,"region_specific","38","dream_interaction"
0.856287425149701,0.875930521091811,0.635555555555556,0.784444444444444,0.96,1,-0.84535264146533,0.869217183485794,NA,1000,100,"region_specific","38","seurat_blind"
0.852941176470588,0.875314861460957,0.612222222222222,0.772222222222222,0.95,0.99,-0.84535264146533,0.869217183485794,NA,1000,100,"region_specific","38","seurat_napari"
0.852941176470588,0.875314861460957,0.612222222222222,0.772222222222222,0.95,0.99,-0.84535264146533,0.869217183485794,NA,1000,100,"region_specific","38","seurat_quint"
0.859701492537313,0.879415347137637,0.64,0.802222222222222,0.94,0.99,-0.84535264146533,0.869217183485794,NA,1000,100,"region_specific","38","wilcoxon"
0.171171171171171,0.44,0.0212053571428571,0.0859375,0.92,0.98,-0.803720356860279,0.830813133572616,0.01,996,100,"region_specific","38","deseq2_pb"
0.235294117647059,0.503311258278146,0.00444444444444444,0.0844444444444444,0.13,0.75,-1.06085473184456,1.08238436776356,0,1000,100,"region_specific","39","dream_blind"
0.142857142857143,0.440677966101695,0.00222222222222222,0.0577777777777778,0.12,0.66,-1.1051723874889,1.12471454789234,0,1000,100,"region_specific","39","dream_napari"
0.142857142857143,0.440677966101695,0.00222222222222222,0.0577777777777778,0.12,0.66,-1.1051723874889,1.12471454789234,0,1000,100,"region_specific","39","dream_quint"
0.382165605095541,0.606299212598425,0.0666666666666667,0.171111111111111,0.97,1,-0.359226663218191,0.541719479545853,0.57,1000,100,"region_specific","39","dream_interaction"
0.857571214392804,0.881927710843374,0.635555555555556,0.813333333333333,0.95,0.98,-0.926482461189631,0.946037453757042,NA,1000,100,"region_specific","39","seurat_blind"
0.848242811501597,0.877679697351828,0.59,0.773333333333333,0.95,0.97,-0.926482461189631,0.946037453757042,NA,1000,100,"region_specific","39","seurat_napari"
0.848242811501597,0.877679697351828,0.59,0.773333333333333,0.95,0.97,-0.926482461189631,0.946037453757042,NA,1000,100,"region_specific","39","seurat_quint"
0.858646616541353,0.879708383961118,0.634444444444444,0.804444444444444,0.94,0.99,-0.926482461189631,0.946037453757042,NA,1000,100,"region_specific","39","wilcoxon"
0.116504854368932,0.384615384615385,0.0133481646273637,0.0667408231368187,0.91,0.96,-0.806840970427674,0.827553644912552,0.01,999,100,"region_specific","39","deseq2_pb"
0.136363636363636,0.451388888888889,0.00333333333333333,0.0722222222222222,0.19,0.79,-1.05688264083079,1.07634851138297,0,1000,100,"region_specific","4","dream_blind"
0.0555555555555556,0.454545454545455,0.00111111111111111,0.0666666666666667,0.17,0.72,-1.10249209962146,1.12020827049634,0,1000,100,"region_specific","4","dream_napari"
0.0555555555555556,0.454545454545455,0.00111111111111111,0.0666666666666667,0.17,0.72,-1.10249209962146,1.12020827049634,0,1000,100,"region_specific","4","dream_quint"
0.267175572519084,0.582608695652174,0.0388888888888889,0.148888888888889,0.96,0.96,-0.33104359484712,0.494177946801404,0.57,1000,100,"region_specific","4","dream_interaction"
0.860795454545455,0.881152460984394,0.673333333333333,0.815555555555556,0.98,0.99,-0.866067208398078,0.889460759058881,NA,1000,100,"region_specific","4","seurat_blind"
0.860230547550432,0.882142857142857,0.663333333333333,0.823333333333333,0.97,0.99,-0.866067208398078,0.889460759058881,NA,1000,100,"region_specific","4","seurat_napari"
0.860230547550432,0.882142857142857,0.663333333333333,0.823333333333333,0.97,0.99,-0.866067208398078,0.889460759058881,NA,1000,100,"region_specific","4","seurat_quint"
0.857758620689655,0.882978723404255,0.663333333333333,0.83,0.99,0.99,-0.866067208398078,0.889460759058881,NA,1000,100,"region_specific","4","wilcoxon"
0.104761904761905,0.420118343195266,0.0122222222222222,0.0788888888888889,0.94,0.98,-0.787665591134724,0.814816754812068,0.03,1000,100,"region_specific","4","deseq2_pb"
0.34,0.58659217877095,0.0188888888888889,0.116666666666667,0.33,0.74,-1.05576428290407,1.08297150292203,0,1000,100,"region_specific","40","dream_blind"
0.326086956521739,0.587878787878788,0.0166666666666667,0.107777777777778,0.31,0.68,-1.10196091375626,1.12592789617252,0,1000,100,"region_specific","40","dream_napari"
0.326086956521739,0.587878787878788,0.0166666666666667,0.107777777777778,0.31,0.68,-1.10196091375626,1.12592789617252,0,1000,100,"region_specific","40","dream_quint"
0.456043956043956,0.636363636363636,0.0937853107344633,0.19774011299435,0.99,1,-0.361304978927049,0.567302049957866,0.53,985,100,"region_specific","40","dream_interaction"
0.857361963190184,0.881040892193309,0.621111111111111,0.79,0.93,0.96,-0.823347186950661,0.86547731618615,NA,1000,100,"region_specific","40","seurat_blind"
0.853582554517134,0.882571075401731,0.608888888888889,0.793333333333333,0.94,0.95,-0.823347186950661,0.86547731618615,NA,1000,100,"region_specific","40","seurat_napari"
0.853582554517134,0.882571075401731,0.608888888888889,0.793333333333333,0.94,0.95,-0.823347186950661,0.86547731618615,NA,1000,100,"region_specific","40","seurat_quint"
0.861236802413273,0.8825,0.634444444444444,0.784444444444444,0.92,0.94,-0.823347186950661,0.86547731618615,NA,1000,100,"region_specific","40","wilcoxon"
0.127450980392157,0.450292397660819,0.0144444444444444,0.0855555555555556,0.898989898989899,0.94949494949495,-0.729658263944815,0.82305549039949,0.0202020202020202,999,99,"region_specific","40","deseq2_pb"
0.423728813559322,0.592039800995025,0.0277777777777778,0.132222222222222,0.34,0.82,-1.02889690283028,1.05043953603413,0,1000,100,"region_specific","41","dream_blind"
0.431372549019608,0.571428571428571,0.0244444444444444,0.111111111111111,0.29,0.75,-1.07883499474142,1.09888528167991,0,1000,100,"region_specific","41","dream_napari"
0.431372549019608,0.571428571428571,0.0244444444444444,0.111111111111111,0.29,0.75,-1.07883499474142,1.09888528167991,0,1000,100,"region_specific","41","dream_quint"
0.470588235294118,0.646428571428571,0.0977777777777778,0.201111111111111,0.99,0.99,-0.321543070878813,0.492545085720253,0.56,1000,100,"region_specific","41","dream_interaction"
0.851351351351351,0.879518072289157,0.63,0.811111111111111,0.99,1,-0.783706371160652,0.809449541740224,NA,1000,100,"region_specific","41","seurat_blind"
0.845911949685535,0.874843554443054,0.597777777777778,0.776666666666667,0.98,1,-0.783706371160652,0.809449541740224,NA,1000,100,"region_specific","41","seurat_napari"
0.845911949685535,0.874843554443054,0.597777777777778,0.776666666666667,0.98,1,-0.783706371160652,0.809449541740224,NA,1000,100,"region_specific","41","seurat_quint"
0.855882352941176,0.878787878787879,0.646666666666667,0.805555555555556,0.98,1,-0.783706371160652,0.809449541740224,NA,1000,100,"region_specific","41","wilcoxon"
0.150442477876106,0.424418604651163,0.0189309576837416,0.0812917594654788,0.96,0.99,-0.752574390442469,0.780711052843265,0.02,998,100,"region_specific","41","deseq2_pb"
0.420289855072464,0.590425531914894,0.0322222222222222,0.123333333333333,0.4,0.77,-1.05661910836038,1.08163780205192,0.01,1000,100,"region_specific","42","dream_blind"
0.372881355932203,0.588235294117647,0.0244444444444444,0.111111111111111,0.37,0.7,-1.1016323691644,1.1243211854223,0,1000,100,"region_specific","42","dream_napari"
0.372881355932203,0.588235294117647,0.0244444444444444,0.111111111111111,0.37,0.7,-1.1016323691644,1.1243211854223,0,1000,100,"region_specific","42","dream_quint"
0.478494623655914,0.656028368794326,0.0988888888888889,0.205555555555556,0.97,0.97,-0.350851070685112,0.53797478615827,0.46,1000,100,"region_specific","42","dream_interaction"
0.855855855855856,0.882002383790226,0.633333333333333,0.822222222222222,0.96,0.99,-0.845636763708072,0.87550923046777,NA,1000,100,"region_specific","42","seurat_blind"
0.8515625,0.878562577447336,0.605555555555556,0.787777777777778,0.95,0.98,-0.845636763708072,0.87550923046777,NA,1000,100,"region_specific","42","seurat_napari"
0.8515625,0.878562577447336,0.605555555555556,0.787777777777778,0.95,0.98,-0.845636763708072,0.87550923046777,NA,1000,100,"region_specific","42","seurat_quint"
0.859259259259259,0.882138517618469,0.644444444444444,0.806666666666667,0.95,0.97,-0.845636763708072,0.87550923046777,NA,1000,100,"region_specific","42","wilcoxon"
0.18018018018018,0.46927374301676,0.0222222222222222,0.0933333333333333,0.91,0.95,-0.78359900088881,0.817182194504285,0.02,1000,100,"region_specific","42","deseq2_pb"
0.244444444444444,0.474025974025974,0.0122222222222222,0.0811111111111111,0.34,0.81,-1.05579653636033,1.0780549289085,0,1000,100,"region_specific","43","dream_blind"
0.241379310344828,0.458015267175573,0.00777777777777778,0.0666666666666667,0.22,0.71,-1.10674967006445,1.12717025232237,0,1000,100,"region_specific","43","dream_napari"
0.241379310344828,0.458015267175573,0.00777777777777778,0.0666666666666667,0.22,0.71,-1.10674967006445,1.12717025232237,0,1000,100,"region_specific","43","dream_quint"
0.281481481481481,0.565789473684211,0.0422222222222222,0.143333333333333,0.97,0.99,-0.36317010773268,0.537305202233441,0.53,1000,100,"region_specific","43","dream_interaction"
0.855243722304284,0.882915173237754,0.643333333333333,0.821111111111111,0.98,0.98,-0.851789808985094,0.878901253168054,NA,1000,100,"region_specific","43","seurat_blind"
0.852484472049689,0.879950495049505,0.61,0.79,0.95,0.97,-0.851789808985094,0.878901253168054,NA,1000,100,"region_specific","43","seurat_napari"
0.852484472049689,0.879950495049505,0.61,0.79,0.95,0.97,-0.851789808985094,0.878901253168054,NA,1000,100,"region_specific","43","seurat_quint"
0.859237536656892,0.884476534296029,0.651111111111111,0.816666666666667,0.96,0.96,-0.851789808985094,0.878901253168054,NA,1000,100,"region_specific","43","wilcoxon"
0.114285714285714,0.401234567901235,0.0133333333333333,0.0722222222222222,0.93,0.97,-0.752149189645037,0.785657074753983,0.02,1000,100,"region_specific","43","deseq2_pb"
0.4,0.595505617977528,0.0111358574610245,0.11804008908686,0.15,0.72,-1.046931535371,1.06909933904878,0,998,100,"region_specific","44","dream_blind"
0.357142857142857,0.598765432098765,0.0111358574610245,0.108017817371938,0.18,0.65,-1.09830008450776,1.11847387921561,0,998,100,"region_specific","44","dream_napari"
0.357142857142857,0.598765432098765,0.0111358574610245,0.108017817371938,0.18,0.65,-1.09830008450776,1.11847387921561,0,998,100,"region_specific","44","dream_quint"
0.41566265060241,0.598360655737705,0.076837416481069,0.162583518930958,0.97,0.98,-0.316415295780774,0.483163006657979,0.59,998,100,"region_specific","44","dream_interaction"
0.852187028657617,0.880195599022005,0.627777777777778,0.8,0.98,0.98,-0.832488813821339,0.862257692234706,NA,1000,100,"region_specific","44","seurat_blind"
0.850699844479005,0.878260869565217,0.607777777777778,0.785555555555556,0.96,0.98,-0.832488813821339,0.862257692234706,NA,1000,100,"region_specific","44","seurat_napari"
0.850699844479005,0.878260869565217,0.607777777777778,0.785555555555556,0.96,0.98,-0.832488813821339,0.862257692234706,NA,1000,100,"region_specific","44","seurat_quint"
0.854765506807867,0.88135593220339,0.627777777777778,0.808888888888889,0.96,0.98,-0.832488813821339,0.862257692234706,NA,1000,100,"region_specific","44","wilcoxon"
0.18018018018018,0.505208333333333,0.0222965440356745,0.108138238573021,0.91,0.95,-0.790935130169191,0.823502462645187,0.02,997,100,"region_specific","44","deseq2_pb"
0.333333333333333,0.617021276595745,0.0155555555555556,0.128888888888889,0.28,0.72,-1.06562196701075,1.08501307858846,0,1000,100,"region_specific","45","dream_blind"
0.34375,0.621301775147929,0.0122222222222222,0.116666666666667,0.21,0.64,-1.11510037087255,1.13291883738801,0,1000,100,"region_specific","45","dream_napari"
0.34375,0.621301775147929,0.0122222222222222,0.116666666666667,0.21,0.64,-1.11510037087255,1.13291883738801,0,1000,100,"region_specific","45","dream_quint"
0.419161676646707,0.629213483146067,0.0777777777777778,0.186666666666667,0.97,0.99,-0.375899889753376,0.550918011707886,0.6,1000,100,"region_specific","45","dream_interaction"
0.858187134502924,0.882211538461538,0.652222222222222,0.815555555555556,0.97,0.98,-0.771819474640819,0.794846379075027,NA,1000,100,"region_specific","45","seurat_blind"
0.857352941176471,0.881212121212121,0.647777777777778,0.807777777777778,0.97,0.98,-0.771819474640819,0.794846379075027,NA,1000,100,"region_specific","45","seurat_napari"
0.857352941176471,0.881212121212121,0.647777777777778,0.807777777777778,0.97,0.98,-0.771819474640819,0.794846379075027,NA,1000,100,"region_specific","45","seurat_quint"
0.859011627906977,0.884074941451991,0.656666666666667,0.838888888888889,0.97,0.99,-0.771819474640819,0.794846379075027,NA,1000,100,"region_specific","45","wilcoxon"
0.14018691588785,0.49740932642487,0.0166666666666667,0.106666666666667,0.92,0.97,-0.789938788826455,0.812918794813331,0.01,1000,100,"region_specific","45","deseq2_pb"
0.5,0.61139896373057,0.0366666666666667,0.131111111111111,0.33,0.75,-1.04802170479779,1.06916070288615,0,1000,100,"region_specific","46","dream_blind"
0.36,0.597765363128492,0.02,0.118888888888889,0.32,0.72,-1.09005387573941,1.10992180843347,0,1000,100,"region_specific","46","dream_napari"
0.36,0.597765363128492,0.02,0.118888888888889,0.32,0.72,-1.09005387573941,1.10992180843347,0,1000,100,"region_specific","46","dream_quint"
0.443181818181818,0.626415094339623,0.0866666666666667,0.184444444444444,0.98,0.99,-0.312136216658302,0.485652946954469,0.53,1000,100,"region_specific","46","dream_interaction"
0.85419734904271,0.881235154394299,0.644444444444444,0.824444444444444,0.99,1,-0.808105724035177,0.833919967028042,NA,1000,100,"region_specific","46","seurat_blind"
0.848392036753446,0.874529485570891,0.615555555555556,0.774444444444444,0.99,1,-0.808105724035177,0.833919967028042,NA,1000,100,"region_specific","46","seurat_napari"
0.848392036753446,0.874529485570891,0.615555555555556,0.774444444444444,0.99,1,-0.808105724035177,0.833919967028042,NA,1000,100,"region_specific","46","seurat_quint"
0.855243722304284,0.8805256869773,0.643333333333333,0.818888888888889,0.98,1,-0.808105724035177,0.833919967028042,NA,1000,100,"region_specific","46","wilcoxon"
0.181034482758621,0.457142857142857,0.0233333333333333,0.0888888888888889,0.95,0.95,-0.785698053758556,0.813389663852455,0.01,1000,100,"region_specific","46","deseq2_pb"
0.256410256410256,0.487341772151899,0.0111234705228031,0.085650723025584,0.29,0.81,-1.07278426129803,1.09214224981337,0,999,100,"region_specific","47","dream_blind"
0.304347826086957,0.537313432835821,0.00778642936596218,0.0800889877641824,0.16,0.62,-1.16604864589479,1.17990187655976,0,999,100,"region_specific","47","dream_napari"
0.304347826086957,0.537313432835821,0.00778642936596218,0.0800889877641824,0.16,0.62,-1.16604864589479,1.17990187655976,0,999,100,"region_specific","47","dream_quint"
0.358974358974359,0.610894941634241,0.0622914349276974,0.174638487208009,1,1,-0.35725767913816,0.486223880659699,0.51,999,100,"region_specific","47","dream_interaction"
0.849085365853659,0.874843554443054,0.618888888888889,0.776666666666667,0.99,1,-0.853872179086144,0.885434412826146,NA,1000,100,"region_specific","47","seurat_blind"
0.846273291925466,0.875621890547264,0.605555555555556,0.782222222222222,0.99,1,-0.853872179086144,0.885434412826146,NA,1000,100,"region_specific","47","seurat_napari"
0.846273291925466,0.875621890547264,0.605555555555556,0.782222222222222,0.99,1,-0.853872179086144,0.885434412826146,NA,1000,100,"region_specific","47","seurat_quint"
0.851127819548872,0.876543209876543,0.628888888888889,0.788888888888889,0.99,1,-0.853872179086144,0.885434412826146,NA,1000,100,"region_specific","47","wilcoxon"
0.158878504672897,0.486772486772487,0.0189309576837416,0.102449888641425,0.9,0.97,-0.809526397387907,0.844011525377717,0.01,998,100,"region_specific","47","deseq2_pb"
0.45,0.524096385542169,0.03,0.0966666666666667,0.33,0.79,-1.05920060366768,1.08100135353176,0,1000,100,"region_specific","48","dream_blind"
0.441176470588235,0.560975609756098,0.0166666666666667,0.102222222222222,0.19,0.72,-1.10762538026087,1.12731582839364,0,1000,100,"region_specific","48","dream_napari"
0.441176470588235,0.560975609756098,0.0166666666666667,0.102222222222222,0.19,0.72,-1.10762538026087,1.12731582839364,0,1000,100,"region_specific","48","dream_quint"
0.414201183431953,0.606299212598425,0.0777777777777778,0.171111111111111,0.99,1,-0.340702583463919,0.532220862000226,0.56,1000,100,"region_specific","48","dream_interaction"
0.862165963431786,0.880290205562273,0.681111111111111,0.808888888888889,0.98,0.99,-0.904543280351486,0.9311295788614,NA,1000,100,"region_specific","48","seurat_blind"
0.86046511627907,0.881294964028777,0.657777777777778,0.816666666666667,0.96,0.99,-0.904543280351486,0.9311295788614,NA,1000,100,"region_specific","48","seurat_napari"
0.86046511627907,0.881294964028777,0.657777777777778,0.816666666666667,0.96,0.99,-0.904543280351486,0.9311295788614,NA,1000,100,"region_specific","48","seurat_quint"
0.866666666666667,0.884160756501182,0.693333333333333,0.831111111111111,0.96,0.98,-0.904543280351486,0.9311295788614,NA,1000,100,"region_specific","48","wilcoxon"
0.185840707964602,0.475935828877005,0.0233333333333333,0.0988888888888889,0.92,0.98,-0.814549141175642,0.846101527730737,0.02,1000,100,"region_specific","48","deseq2_pb"
0.272727272727273,0.587301587301587,0.0133333333333333,0.123333333333333,0.32,0.78,-1.0279422211044,1.05012169276814,0,1000,100,"region_specific","49","dream_blind"
0.27027027027027,0.55,0.0111111111111111,0.0977777777777778,0.27,0.72,-1.07454105491251,1.09471703473449,0,1000,100,"region_specific","49","dream_napari"
0.27027027027027,0.55,0.0111111111111111,0.0977777777777778,0.27,0.72,-1.07454105491251,1.09471703473449,0,1000,100,"region_specific","49","dream_quint"
0.509803921568627,0.667774086378738,0.115555555555556,0.223333333333333,1,1,-0.307734552129181,0.481309944721665,0.63,1000,100,"region_specific","49","dream_interaction"
0.855654761904762,0.880835380835381,0.638888888888889,0.796666666666667,0.97,0.97,-0.808341886324728,0.8393945432894,NA,1000,100,"region_specific","49","seurat_blind"
0.852986217457887,0.876275510204082,0.618888888888889,0.763333333333333,0.96,0.97,-0.808341886324728,0.8393945432894,NA,1000,100,"region_specific","49","seurat_napari"
0.852986217457887,0.876275510204082,0.618888888888889,0.763333333333333,0.96,0.97,-0.808341886324728,0.8393945432894,NA,1000,100,"region_specific","49","seurat_quint"
0.854790419161677,0.882708585247884,0.634444444444444,0.811111111111111,0.97,0.97,-0.808341886324728,0.8393945432894,NA,1000,100,"region_specific","49","wilcoxon"
0.176991150442478,0.49468085106383,0.0222469410456062,0.103448275862069,0.93,0.95,-0.786113044728649,0.817118724740143,0.04,999,100,"region_specific","49","deseq2_pb"
0.411764705882353,0.596938775510204,0.0233333333333333,0.13,0.3,0.79,-1.02683751799254,1.04516951711739,0.01,1000,100,"region_specific","5","dream_blind"
0.391304347826087,0.563953488372093,0.02,0.107777777777778,0.28,0.75,-1.07386960264007,1.09127141096135,0,1000,100,"region_specific","5","dream_napari"
0.391304347826087,0.563953488372093,0.02,0.107777777777778,0.28,0.75,-1.07386960264007,1.09127141096135,0,1000,100,"region_specific","5","dream_quint"
0.473404255319149,0.646428571428571,0.0988888888888889,0.201111111111111,0.99,0.99,-0.296065793758442,0.434128630750824,0.64,1000,100,"region_specific","5","dream_interaction"
0.853550295857988,0.879081015719468,0.641111111111111,0.807777777777778,0.99,1,-0.812267600845322,0.833809910374297,NA,1000,100,"region_specific","5","seurat_blind"
0.849230769230769,0.878527607361963,0.613333333333333,0.795555555555556,0.98,0.99,-0.812267600845322,0.833809910374297,NA,1000,100,"region_specific","5","seurat_napari"
0.849230769230769,0.878527607361963,0.613333333333333,0.795555555555556,0.98,0.99,-0.812267600845322,0.833809910374297,NA,1000,100,"region_specific","5","seurat_quint"
0.855670103092783,0.880434782608696,0.645555555555556,0.81,0.98,0.99,-0.812267600845322,0.833809910374297,NA,1000,100,"region_specific","5","wilcoxon"
0.12962962962963,0.390243902439024,0.0155555555555556,0.0711111111111111,0.94,1,-0.767148473105766,0.790877102899275,0.01,1000,100,"region_specific","5","deseq2_pb"
0.333333333333333,0.550898203592814,0.0133333333333333,0.102222222222222,0.24,0.75,-1.07585088745913,1.09427949157649,0,1000,100,"region_specific","50","dream_blind"
0.354838709677419,0.564935064935065,0.0122222222222222,0.0966666666666667,0.2,0.67,-1.11389251908343,1.13091621533783,0,1000,100,"region_specific","50","dream_napari"
0.354838709677419,0.564935064935065,0.0122222222222222,0.0966666666666667,0.2,0.67,-1.11389251908343,1.13091621533783,0,1000,100,"region_specific","50","dream_quint"
0.359477124183007,0.585774058577406,0.0611111111111111,0.155555555555556,0.98,0.99,-0.361398105351334,0.540831808461678,0.6,1000,100,"region_specific","50","dream_interaction"
0.858187134502924,0.880382775119617,0.652222222222222,0.817777777777778,0.97,1,-0.732183083366722,0.951098156907558,NA,1000,100,"region_specific","50","seurat_blind"
0.857142857142857,0.881212121212121,0.64,0.807777777777778,0.96,0.98,-0.732183083366722,0.951098156907558,NA,1000,100,"region_specific","50","seurat_napari"
0.857142857142857,0.881212121212121,0.64,0.807777777777778,0.96,0.98,-0.732183083366722,0.951098156907558,NA,1000,100,"region_specific","50","seurat_quint"
0.862464183381089,0.882701421800948,0.668888888888889,0.827777777777778,0.96,0.99,-0.732183083366722,0.951098156907558,NA,1000,100,"region_specific","50","wilcoxon"
0.150442477876106,0.476190476190476,0.0189309576837416,0.10022271714922,0.96,0.99,-0.672423220266516,1.21251936296543,0.05,998,100,"region_specific","50","deseq2_pb"
0.2,0.56140350877193,0.00888888888888889,0.106666666666667,0.32,0.75,-1.03460315267754,1.05783224284177,0,1000,100,"region_specific","6","dream_blind"
0.212121212121212,0.532467532467532,0.00777777777777778,0.0911111111111111,0.26,0.72,-1.08507384200234,1.10606494181899,0,1000,100,"region_specific","6","dream_napari"
0.212121212121212,0.532467532467532,0.00777777777777778,0.0911111111111111,0.26,0.72,-1.08507384200234,1.10606494181899,0,1000,100,"region_specific","6","dream_quint"
0.344827586206897,0.601659751037344,0.0555555555555556,0.161111111111111,0.95,0.96,-0.300682094190536,0.50290973327957,0.65,1000,100,"region_specific","6","dream_interaction"
0.867231638418079,0.885245901639344,0.682222222222222,0.84,0.94,0.98,-0.850439655362732,1.00661502945671,NA,1000,100,"region_specific","6","seurat_blind"
0.858662613981763,0.881562881562882,0.627777777777778,0.802222222222222,0.93,0.97,-0.850439655362732,1.00661502945671,NA,1000,100,"region_specific","6","seurat_napari"
0.858662613981763,0.881562881562882,0.627777777777778,0.802222222222222,0.93,0.97,-0.850439655362732,1.00661502945671,NA,1000,100,"region_specific","6","seurat_quint"
0.869814020028612,0.885380116959064,0.675555555555556,0.841111111111111,0.91,0.98,-0.850439655362732,1.00661502945671,NA,1000,100,"region_specific","6","wilcoxon"
0.0869565217391304,0.447058823529412,0.00889877641824249,0.0845383759733037,0.84,0.94,-0.745874930267647,1.01347305351443,0.01,999,100,"region_specific","6","deseq2_pb"
0.321428571428571,0.54320987654321,0.0100111234705228,0.0978865406006674,0.19,0.74,-1.06016627112768,1.08001545756893,0,999,100,"region_specific","7","dream_blind"
0.363636363636364,0.510344827586207,0.00889877641824249,0.082313681868743,0.14,0.71,-1.10279965115874,1.12087622112384,0,999,100,"region_specific","7","dream_napari"
0.363636363636364,0.510344827586207,0.00889877641824249,0.082313681868743,0.14,0.71,-1.10279965115874,1.12087622112384,0,999,100,"region_specific","7","dream_quint"
0.352941176470588,0.574468085106383,0.0600667408231368,0.150166852057842,0.99,1,-0.313629621344839,0.465894607567254,0.55,999,100,"region_specific","7","dream_interaction"
0.854354354354354,0.881995133819951,0.632222222222222,0.805555555555556,0.97,0.97,-0.873048716444992,0.897523580754167,NA,1000,100,"region_specific","7","seurat_blind"
0.848531684698609,0.879458794587946,0.61,0.794444444444444,0.98,0.98,-0.873048716444992,0.897523580754167,NA,1000,100,"region_specific","7","seurat_napari"
0.848531684698609,0.879458794587946,0.61,0.794444444444444,0.98,0.98,-0.873048716444992,0.897523580754167,NA,1000,100,"region_specific","7","seurat_quint"
0.854572713643178,0.880688806888069,0.633333333333333,0.795555555555556,0.97,0.97,-0.873048716444992,0.897523580754167,NA,1000,100,"region_specific","7","wilcoxon"
0.0909090909090909,0.419753086419753,0.0100334448160535,0.0758082497212932,0.9,0.94,-0.818392158193881,0.844953561497899,0,997,100,"region_specific","7","deseq2_pb"
0.25,0.567415730337079,0.00667408231368187,0.112347052280311,0.18,0.77,-1.08582032763284,1.10626579010589,0,999,100,"region_specific","8","dream_blind"
0.230769230769231,0.535947712418301,0.00333704115684093,0.0912124582869855,0.1,0.71,-1.13094567526289,1.14943062811334,0,999,100,"region_specific","8","dream_napari"
0.230769230769231,0.535947712418301,0.00333704115684093,0.0912124582869855,0.1,0.71,-1.13094567526289,1.14943062811334,0,999,100,"region_specific","8","dream_quint"
0.857764876632801,0.879854368932039,0.656666666666667,0.805555555555556,0.98,0.99,-0.840686434206681,0.866316946850272,NA,1000,100,"region_specific","8","seurat_blind"
0.856927710843373,0.879950495049505,0.632222222222222,0.79,0.95,0.97,-0.840686434206681,0.866316946850272,NA,1000,100,"region_specific","8","seurat_napari"
0.856927710843373,0.879950495049505,0.632222222222222,0.79,0.95,0.97,-0.840686434206681,0.866316946850272,NA,1000,100,"region_specific","8","seurat_quint"
0.863701578192252,0.883472057074911,0.668888888888889,0.825555555555556,0.95,0.98,-0.840686434206681,0.866316946850272,NA,1000,100,"region_specific","8","wilcoxon"
0.171171171171171,0.429411764705882,0.0211581291759465,0.0812917594654788,0.92,0.97,-0.818810438384862,0.845565146553976,0.01,998,100,"region_specific","8","deseq2_pb"
0.24,0.462068965517241,0.00666666666666667,0.0744444444444444,0.19,0.78,-1.04435114019665,1.06760724969389,0,1000,100,"region_specific","9","dream_blind"
0.185185185185185,0.481481481481481,0.00555555555555556,0.0722222222222222,0.22,0.7,-1.08061551278566,1.10297564124403,0,1000,100,"region_specific","9","dream_napari"
0.185185185185185,0.481481481481481,0.00555555555555556,0.0722222222222222,0.22,0.7,-1.08061551278566,1.10297564124403,0,1000,100,"region_specific","9","dream_quint"
0.257575757575758,0.537383177570093,0.0377777777777778,0.127777777777778,0.98,0.99,-0.318897344846619,0.484188032576067,0.48,1000,100,"region_specific","9","dream_interaction"
0.850903614457831,0.877171215880893,0.627777777777778,0.785555555555556,0.99,0.99,-0.768738268171606,0.805540282483199,NA,1000,100,"region_specific","9","seurat_blind"
0.854984894259819,0.877626699629172,0.628888888888889,0.788888888888889,0.96,0.99,-0.768738268171606,0.805540282483199,NA,1000,100,"region_specific","9","seurat_napari"
0.854984894259819,0.877626699629172,0.628888888888889,0.788888888888889,0.96,0.99,-0.768738268171606,0.805540282483199,NA,1000,100,"region_specific","9","seurat_quint"
0.857142857142857,0.879708383961118,0.646666666666667,0.804444444444444,0.97,0.99,-0.768738268171606,0.805540282483199,NA,1000,100,"region_specific","9","wilcoxon"
0.0792079207920792,0.41566265060241,0.00888888888888889,0.0766666666666667,0.93,0.97,-0.761866775364994,0.79989443553256,0.04,1000,100,"region_specific","9","deseq2_pb"
0.444444444444444,0.644736842105263,0.00888888888888889,0.108888888888889,0.1,0.54,-1.20601201870552,1.21831893790083,0,1000,100,"interaction","1","dream_blind"
0.461538461538462,0.626016260162602,0.00666666666666667,0.0855555555555556,0.07,0.46,-1.24325949263694,1.25698671448869,0,1000,100,"interaction","1","dream_napari"
0.461538461538462,0.626016260162602,0.00666666666666667,0.0855555555555556,0.07,0.46,-1.24325949263694,1.25698671448869,0,1000,100,"interaction","1","dream_quint"
0.352941176470588,0.561946902654867,0.06,0.141111111111111,0.99,0.99,-0.309044216666128,0.478852033286995,0.61,1000,100,"interaction","1","dream_interaction"
0.857784431137725,0.881212121212121,0.636666666666667,0.807777777777778,0.95,0.98,-0.87543972601175,0.89597732767577,NA,1000,100,"interaction","1","seurat_blind"
0.856259659969088,0.87719298245614,0.615555555555556,0.777777777777778,0.93,0.98,-0.87543972601175,0.89597732767577,NA,1000,100,"interaction","1","seurat_napari"
0.856259659969088,0.87719298245614,0.615555555555556,0.777777777777778,0.93,0.98,-0.87543972601175,0.89597732767577,NA,1000,100,"interaction","1","seurat_quint"
0.866566716641679,0.882138517618469,0.642222222222222,0.806666666666667,0.89,0.97,-0.87543972601175,0.89597732767577,NA,1000,100,"interaction","1","wilcoxon"
0.104166666666667,0.414634146341463,0.0111111111111111,0.0755555555555556,0.86,0.96,-0.857806529141754,0.880003640410761,0.01,1000,100,"interaction","1","deseq2_pb"
0.35,0.657718120805369,0.00777777777777778,0.108888888888889,0.13,0.51,-1.20322414604571,1.21799329996611,0,1000,100,"interaction","10","dream_blind"
0.391304347826087,0.692307692307692,0.01,0.11,0.14,0.44,-1.24512369057518,1.25966292667029,0,1000,100,"interaction","10","dream_napari"
0.391304347826087,0.692307692307692,0.01,0.11,0.14,0.44,-1.24512369057518,1.25966292667029,0,1000,100,"interaction","10","dream_quint"
0.324137931034483,0.575107296137339,0.0522222222222222,0.148888888888889,0.98,0.99,-0.307750504693072,0.492847918204254,0.53,1000,100,"interaction","10","dream_interaction"
0.858858858858859,0.878345498783455,0.635555555555556,0.802222222222222,0.94,1,-0.91567270101586,0.941124062991859,NA,1000,100,"interaction","10","seurat_blind"
0.86404833836858,0.88293897882939,0.635555555555556,0.787777777777778,0.9,0.94,-0.91567270101586,0.941124062991859,NA,1000,100,"interaction","10","seurat_napari"
0.86404833836858,0.88293897882939,0.635555555555556,0.787777777777778,0.9,0.94,-0.91567270101586,0.941124062991859,NA,1000,100,"interaction","10","seurat_quint"
0.868148148148148,0.881272949816401,0.651111111111111,0.8,0.89,0.97,-0.91567270101586,0.941124062991859,NA,1000,100,"interaction","10","wilcoxon"
0.179245283018868,0.443786982248521,0.0211111111111111,0.0833333333333333,0.87,0.94,-0.832982212664076,0.862717521237844,0.02,1000,100,"interaction","10","deseq2_pb"
0.333333333333333,0.620689655172414,0.00111111111111111,0.08,0.02,0.44,-1.2233986905869,1.23691289906562,0,1000,100,"interaction","11","dream_blind"
0,0.543478260869565,0,0.0555555555555556,0.02,0.42,-1.24989981701096,1.26459179523834,0,1000,100,"interaction","11","dream_napari"
0,0.543478260869565,0,0.0555555555555556,0.02,0.42,-1.24989981701096,1.26459179523834,0,1000,100,"interaction","11","dream_quint"
0.342465753424658,0.592436974789916,0.0555555555555556,0.156666666666667,0.96,0.97,-0.321231542220746,0.501983393874761,0.62,1000,100,"interaction","11","dream_interaction"
0.869064748201439,0.884523809523809,0.671111111111111,0.825555555555556,0.91,0.97,-0.964018994353192,0.981937010030219,NA,1000,100,"interaction","11","seurat_blind"
0.87402799377916,0.884848484848485,0.624444444444444,0.811111111111111,0.81,0.95,-0.964018994353192,0.981937010030219,NA,1000,100,"interaction","11","seurat_napari"
0.87402799377916,0.884848484848485,0.624444444444444,0.811111111111111,0.81,0.95,-0.964018994353192,0.981937010030219,NA,1000,100,"interaction","11","seurat_quint"
0.880918220946915,0.888757396449704,0.682222222222222,0.834444444444444,0.83,0.94,-0.964018994353192,0.981937010030219,NA,1000,100,"interaction","11","wilcoxon"
0.136842105263158,0.445714285714286,0.0144927536231884,0.0869565217391304,0.82,0.97,-0.902433700269156,0.921919483440686,0,997,100,"interaction","11","deseq2_pb"
0.75,0.720496894409938,0.0333333333333333,0.128888888888889,0.1,0.45,-1.24857393704578,1.26167187172767,0,1000,100,"interaction","12","dream_blind"
0.763157894736842,0.741007194244604,0.032258064516129,0.114571746384872,0.09,0.36,-1.28485741562246,1.29794203836162,0,999,100,"interaction","12","dream_napari"
0.763157894736842,0.741007194244604,0.032258064516129,0.114571746384872,0.09,0.36,-1.28485741562246,1.29794203836162,0,999,100,"interaction","12","dream_quint"
0.533653846153846,0.665540540540541,0.123333333333333,0.218888888888889,0.97,0.99,-0.355878456859665,0.510729221052058,0.52,1000,100,"interaction","12","dream_interaction"
0.858646616541353,0.880195599022005,0.634444444444444,0.8,0.94,0.98,-0.973719349074678,0.995722242066708,NA,1000,100,"interaction","12","seurat_blind"
0.874608150470219,0.884472049689441,0.62,0.791111111111111,0.8,0.93,-0.973719349074678,0.995722242066708,NA,1000,100,"interaction","12","seurat_napari"
0.874608150470219,0.884472049689441,0.62,0.791111111111111,0.8,0.93,-0.973719349074678,0.995722242066708,NA,1000,100,"interaction","12","seurat_quint"
0.876132930513595,0.887667887667888,0.644444444444444,0.807777777777778,0.82,0.92,-0.973719349074678,0.995722242066708,NA,1000,100,"interaction","12","wilcoxon"
0.198019801980198,0.472222222222222,0.0222222222222222,0.0944444444444444,0.81,0.95,-0.886134318343985,0.911602166234945,0.01,1000,100,"interaction","12","deseq2_pb"
0.576923076923077,0.729032258064516,0.0166852057842047,0.125695216907675,0.11,0.42,-1.25163460014532,1.26411100741957,0,999,100,"interaction","13","dream_blind"
0.4375,0.705035971223022,0.00778642936596218,0.109010011123471,0.09,0.41,-1.27511748013901,1.28840834339244,0,999,100,"interaction","13","dream_napari"
0.4375,0.705035971223022,0.00778642936596218,0.109010011123471,0.09,0.41,-1.27511748013901,1.28840834339244,0,999,100,"interaction","13","dream_quint"
0.478494623655914,0.633333333333333,0.0989988876529477,0.190211345939933,0.97,0.99,-0.333630782667838,0.515234146645712,0.56,999,100,"interaction","13","dream_interaction"
0.846534653465347,0.875160875160875,0.57,0.755555555555556,0.93,0.97,-0.908789225558648,0.929373312149493,NA,1000,100,"interaction","13","seurat_blind"
0.853242320819113,0.87303664921466,0.555555555555556,0.741111111111111,0.86,0.97,-0.908789225558648,0.929373312149493,NA,1000,100,"interaction","13","seurat_napari"
0.853242320819113,0.87303664921466,0.555555555555556,0.741111111111111,0.86,0.97,-0.908789225558648,0.929373312149493,NA,1000,100,"interaction","13","seurat_quint"
0.855973813420622,0.876747141041931,0.581111111111111,0.766666666666667,0.88,0.97,-0.908789225558648,0.929373312149493,NA,1000,100,"interaction","13","wilcoxon"
0.198019801980198,0.456647398843931,0.0222965440356745,0.0880713489409142,0.81,0.94,-0.90294937599592,0.924242838512653,0,997,100,"interaction","13","deseq2_pb"
0.5,0.651612903225806,0.0111111111111111,0.112222222222222,0.1,0.54,-1.21215460947754,1.22770175726667,0,1000,100,"interaction","14","dream_blind"
0.315789473684211,0.639705882352941,0.00666666666666667,0.0966666666666667,0.13,0.49,-1.23130203579689,1.24797039596354,0,1000,100,"interaction","14","dream_napari"
0.315789473684211,0.639705882352941,0.00666666666666667,0.0966666666666667,0.13,0.49,-1.23130203579689,1.24797039596354,0,1000,100,"interaction","14","dream_quint"
0.355263157894737,0.578723404255319,0.06,0.151111111111111,0.98,0.99,-0.270043882856081,0.469711696465818,0.61,1000,100,"interaction","14","dream_interaction"
0.864306784660767,0.882566585956416,0.651111111111111,0.81,0.92,0.97,-0.915871702335442,0.940884034489385,NA,1000,100,"interaction","14","seurat_blind"
0.860681114551084,0.884093711467324,0.617777777777778,0.796666666666667,0.9,0.94,-0.915871702335442,0.940884034489385,NA,1000,100,"interaction","14","seurat_napari"
0.860681114551084,0.884093711467324,0.617777777777778,0.796666666666667,0.9,0.94,-0.915871702335442,0.940884034489385,NA,1000,100,"interaction","14","seurat_quint"
0.872246696035242,0.887425149700599,0.66,0.823333333333333,0.87,0.94,-0.915871702335442,0.940884034489385,NA,1000,100,"interaction","14","wilcoxon"
0.122448979591837,0.475138121546961,0.0133481646273637,0.0956618464961068,0.86,0.95,-0.851533260865281,0.879676186414544,0.01,999,100,"interaction","14","deseq2_pb"
0.411764705882353,0.656934306569343,0.00777777777777778,0.1,0.1,0.47,-1.22432650119532,1.23822106284018,0,1000,100,"interaction","15","dream_blind"
0.0909090909090909,0.634615384615385,0.00111111111111111,0.0733333333333333,0.1,0.38,-1.25635738694782,1.27073996337658,0,1000,100,"interaction","15","dream_napari"
0.0909090909090909,0.634615384615385,0.00111111111111111,0.0733333333333333,0.1,0.38,-1.25635738694782,1.27073996337658,0,1000,100,"interaction","15","dream_quint"
0.353741496598639,0.589211618257261,0.0577777777777778,0.157777777777778,0.95,0.99,-0.311782572343096,0.495984002950208,0.56,1000,100,"interaction","15","dream_interaction"
0.86404833836858,0.88502994011976,0.635555555555556,0.821111111111111,0.9,0.96,-0.970853903031932,0.995774597063861,NA,1000,100,"interaction","15","seurat_blind"
0.869291338582677,0.883084577114428,0.613333333333333,0.788888888888889,0.83,0.94,-0.970853903031932,0.995774597063861,NA,1000,100,"interaction","15","seurat_napari"
0.869291338582677,0.883084577114428,0.613333333333333,0.788888888888889,0.83,0.94,-0.970853903031932,0.995774597063861,NA,1000,100,"interaction","15","seurat_quint"
0.867692307692308,0.891463414634146,0.626666666666667,0.812222222222222,0.86,0.89,-0.970853903031932,0.995774597063861,NA,1000,100,"interaction","15","wilcoxon"
0.19,0.455621301775148,0.0211111111111111,0.0855555555555556,0.81,0.92,-0.89021272239109,0.919097757770763,0.01,1000,100,"interaction","15","deseq2_pb"
0.368421052631579,0.677777777777778,0.00777777777777778,0.135555555555556,0.12,0.58,-1.20687023272649,1.21885610059173,0,1000,100,"interaction","16","dream_blind"
0,0.682119205298013,0,0.114444444444444,0.09,0.48,-1.2389821375636,1.2511245393873,0,1000,100,"interaction","16","dream_napari"
0,0.682119205298013,0,0.114444444444444,0.09,0.48,-1.2389821375636,1.2511245393873,0,1000,100,"interaction","16","dream_quint"
0.45,0.645390070921986,0.09,0.202222222222222,0.99,1,-0.288990238868394,0.444004109684,0.57,1000,100,"interaction","16","dream_interaction"
0.857979502196193,0.883886255924171,0.651111111111111,0.828888888888889,0.97,0.98,-0.865356143795574,0.883098675029199,NA,1000,100,"interaction","16","seurat_blind"
0.865325077399381,0.88627935723115,0.621111111111111,0.796666666666667,0.87,0.92,-0.865356143795574,0.883098675029199,NA,1000,100,"interaction","16","seurat_napari"
0.865325077399381,0.88627935723115,0.621111111111111,0.796666666666667,0.87,0.92,-0.865356143795574,0.883098675029199,NA,1000,100,"interaction","16","seurat_quint"
0.867540029112082,0.889153754469607,0.662222222222222,0.828888888888889,0.91,0.93,-0.865356143795574,0.883098675029199,NA,1000,100,"interaction","16","wilcoxon"
0.178571428571429,0.475675675675676,0.022271714922049,0.0979955456570156,0.92,0.97,-0.843804731285743,0.861992865873951,0,998,100,"interaction","16","deseq2_pb"
0.357142857142857,0.671328671328671,0.00555555555555556,0.106666666666667,0.09,0.47,-1.25787428113703,1.26850446472957,0,1000,100,"interaction","17","dream_blind"
0.5,0.669421487603306,0.00777777777777778,0.09,0.07,0.4,-1.29044513797352,1.30189561909903,0,1000,100,"interaction","17","dream_napari"
0.5,0.669421487603306,0.00777777777777778,0.09,0.07,0.4,-1.29044513797352,1.30189561909903,0,1000,100,"interaction","17","dream_quint"
0.44311377245509,0.648148148148148,0.0822222222222222,0.194444444444444,0.93,0.95,-0.394933085797046,0.587251012093522,0.48,1000,100,"interaction","17","dream_interaction"
0.861764705882353,0.881785283474065,0.651111111111111,0.812222222222222,0.94,0.98,-0.936103538576275,0.95237119470509,NA,1000,100,"interaction","17","seurat_blind"
0.8625,0.882280049566295,0.613333333333333,0.791111111111111,0.88,0.95,-0.936103538576275,0.95237119470509,NA,1000,100,"interaction","17","seurat_napari"
0.8625,0.882280049566295,0.613333333333333,0.791111111111111,0.88,0.95,-0.936103538576275,0.95237119470509,NA,1000,100,"interaction","17","seurat_quint"
0.876651982378855,0.886746987951807,0.663333333333333,0.817777777777778,0.84,0.94,-0.936103538576275,0.95237119470509,NA,1000,100,"interaction","17","wilcoxon"
0.18018018018018,0.469945355191257,0.0222222222222222,0.0955555555555556,0.91,0.97,-0.880764630728664,0.898143343314131,0.01,1000,100,"interaction","17","deseq2_pb"
0.1,0.626865671641791,0.00111234705228031,0.0934371523915462,0.09,0.5,-1.22461922947286,1.23729215709607,0,999,100,"interaction","18","dream_blind"
0,0.642276422764228,0,0.0878754171301446,0.08,0.44,-1.24783860428495,1.25999176737292,0,999,100,"interaction","18","dream_napari"
0,0.642276422764228,0,0.0878754171301446,0.08,0.44,-1.24783860428495,1.25999176737292,0,999,100,"interaction","18","dream_quint"
0.137931034482759,0.438202247191011,0.017797552836485,0.0867630700778643,1,1,-0.239048071389602,0.415692478032431,0.59,999,100,"interaction","18","dream_interaction"
0.862573099415205,0.880923450789793,0.655555555555556,0.805555555555556,0.94,0.98,-0.983626444112313,1.00167826546955,NA,1000,100,"interaction","18","seurat_blind"
0.86910197869102,0.880407124681934,0.634444444444444,0.768888888888889,0.86,0.94,-0.983626444112313,1.00167826546955,NA,1000,100,"interaction","18","seurat_napari"
0.86910197869102,0.880407124681934,0.634444444444444,0.768888888888889,0.86,0.94,-0.983626444112313,1.00167826546955,NA,1000,100,"interaction","18","seurat_quint"
0.879184861717613,0.887019230769231,0.671111111111111,0.82,0.83,0.94,-0.983626444112313,1.00167826546955,NA,1000,100,"interaction","18","wilcoxon"
0.179245283018868,0.5,0.0211817168338907,0.105908584169454,0.87,0.95,-0.920820261322371,0.940639555516951,0,997,100,"interaction","18","deseq2_pb"
0.363636363636364,0.652482269503546,0.00444444444444444,0.102222222222222,0.07,0.49,-1.22421500473735,1.23646079719053,0,1000,100,"interaction","19","dream_blind"
0.4,0.634782608695652,0.00444444444444444,0.0811111111111111,0.06,0.42,-1.25367354838581,1.26602255263955,0,1000,100,"interaction","19","dream_napari"
0.4,0.634782608695652,0.00444444444444444,0.0811111111111111,0.06,0.42,-1.25367354838581,1.26602255263955,0,1000,100,"interaction","19","dream_quint"
0.413173652694611,0.620689655172414,0.0766666666666667,0.18,0.98,0.99,-0.333491326057586,0.515308078936667,0.59,1000,100,"interaction","19","dream_interaction"
0.86377245508982,0.883132530120482,0.641111111111111,0.814444444444444,0.91,0.97,-0.886146199996884,1.07117681713423,NA,1000,100,"interaction","19","seurat_blind"
0.862284820031299,0.882571075401731,0.612222222222222,0.793333333333333,0.88,0.95,-0.886146199996884,1.07117681713423,NA,1000,100,"interaction","19","seurat_napari"
0.862284820031299,0.882571075401731,0.612222222222222,0.793333333333333,0.88,0.95,-0.886146199996884,1.07117681713423,NA,1000,100,"interaction","19","seurat_quint"
0.867867867867868,0.889285714285714,0.642222222222222,0.83,0.88,0.93,-0.886146199996884,1.07117681713423,NA,1000,100,"interaction","19","wilcoxon"
0.166666666666667,0.477272727272727,0.0189098998887653,0.0934371523915462,0.85,0.92,-0.789086064297646,1.17772888828434,0.01,999,100,"interaction","19","deseq2_pb"
0.72,0.758169934640523,0.02,0.128888888888889,0.07,0.37,-1.25865653375287,1.27072180553839,0,1000,100,"interaction","2","dream_blind"
0.777777777777778,0.783582089552239,0.0155555555555556,0.116666666666667,0.04,0.29,-1.29417443423376,1.30612440933529,0,1000,100,"interaction","2","dream_napari"
0.777777777777778,0.783582089552239,0.0155555555555556,0.116666666666667,0.04,0.29,-1.29417443423376,1.30612440933529,0,1000,100,"interaction","2","dream_quint"
0.441860465116279,0.610441767068273,0.0844444444444444,0.168888888888889,0.96,0.97,-0.388712521619804,0.560724267807287,0.49,1000,100,"interaction","2","dream_interaction"
0.858858858858859,0.88034188034188,0.635555555555556,0.801111111111111,0.94,0.98,-0.926087152151916,0.944123317551583,NA,1000,100,"interaction","2","seurat_blind"
0.870458135860979,0.88295165394402,0.612222222222222,0.771111111111111,0.82,0.92,-0.926087152151916,0.944123317551583,NA,1000,100,"interaction","2","seurat_napari"
0.870458135860979,0.88295165394402,0.612222222222222,0.771111111111111,0.82,0.92,-0.926087152151916,0.944123317551583,NA,1000,100,"interaction","2","seurat_quint"
0.881203007518797,0.89119804400978,0.651111111111111,0.81,0.79,0.89,-0.926087152151916,0.944123317551583,NA,1000,100,"interaction","2","wilcoxon"
0.258620689655172,0.46195652173913,0.0333333333333333,0.0944444444444444,0.86,0.99,-0.889348362142123,0.908723193776377,0,1000,100,"interaction","2","deseq2_pb"
0.564102564102564,0.714285714285714,0.0244444444444444,0.144444444444444,0.17,0.52,-1.23740727628694,1.25281030515531,0,1000,100,"interaction","20","dream_blind"
0.59375,0.719298245614035,0.0211111111111111,0.136666666666667,0.13,0.48,-1.26176928455744,1.27607214673374,0,1000,100,"interaction","20","dream_napari"
0.59375,0.719298245614035,0.0211111111111111,0.136666666666667,0.13,0.48,-1.26176928455744,1.27607214673374,0,1000,100,"interaction","20","dream_quint"
0.475138121546961,0.636704119850187,0.0967379077615298,0.191226096737908,0.95,0.97,-0.379403786326228,0.60895956324642,0.54,989,100,"interaction","20","dream_interaction"
0.86962962962963,0.881987577639752,0.652222222222222,0.788888888888889,0.88,0.95,-0.917793738825271,0.947928925326365,NA,1000,100,"interaction","20","seurat_blind"
0.870229007633588,0.883458646616541,0.633333333333333,0.783333333333333,0.85,0.93,-0.917793738825271,0.947928925326365,NA,1000,100,"interaction","20","seurat_napari"
0.870229007633588,0.883458646616541,0.633333333333333,0.783333333333333,0.85,0.93,-0.917793738825271,0.947928925326365,NA,1000,100,"interaction","20","seurat_quint"
0.877906976744186,0.884520884520885,0.671111111111111,0.8,0.84,0.94,-0.917793738825271,0.947928925326365,NA,1000,100,"interaction","20","wilcoxon"
0.219047619047619,0.5,0.0255555555555556,0.103333333333333,0.82,0.93,-0.869060379434081,0.908030622811006,0.02,1000,100,"interaction","20","deseq2_pb"
0.58,0.695121951219512,0.0322222222222222,0.126666666666667,0.21,0.5,-1.2402711407524,1.25596394979269,0,1000,100,"interaction","21","dream_blind"
0.52,0.681528662420382,0.0288888888888889,0.118888888888889,0.24,0.5,-1.25924680454903,1.27566911595354,0,1000,100,"interaction","21","dream_napari"
0.52,0.681528662420382,0.0288888888888889,0.118888888888889,0.24,0.5,-1.25924680454903,1.27566911595354,0,1000,100,"interaction","21","dream_quint"
0.524038461538462,0.65017667844523,0.121111111111111,0.204444444444444,0.99,0.99,-0.328805844412103,0.49765153579319,0.49,1000,100,"interaction","21","dream_interaction"
0.863705972434916,0.883663366336634,0.626666666666667,0.793333333333333,0.89,0.94,-0.929580391367231,0.95617609243847,NA,1000,100,"interaction","21","seurat_blind"
0.874622356495468,0.885225885225885,0.643333333333333,0.805555555555556,0.83,0.94,-0.929580391367231,0.95617609243847,NA,1000,100,"interaction","21","seurat_napari"
0.874622356495468,0.885225885225885,0.643333333333333,0.805555555555556,0.83,0.94,-0.929580391367231,0.95617609243847,NA,1000,100,"interaction","21","seurat_quint"
0.88109756097561,0.88641975308642,0.642222222222222,0.797777777777778,0.78,0.92,-0.929580391367231,0.95617609243847,NA,1000,100,"interaction","21","wilcoxon"
0.215686274509804,0.460227272727273,0.0244444444444444,0.09,0.8,0.95,-0.891232284507661,0.91860931852161,0.01,1000,100,"interaction","21","deseq2_pb"
0.538461538461538,0.700680272108844,0.00777777777777778,0.114444444444444,0.06,0.44,-1.24887144910537,1.26370069380703,0,1000,100,"interaction","22","dream_blind"
0.384615384615385,0.712230215827338,0.00555555555555556,0.11,0.08,0.4,-1.263298220093,1.27766722357415,0,1000,100,"interaction","22","dream_napari"
0.384615384615385,0.712230215827338,0.00555555555555556,0.11,0.08,0.4,-1.263298220093,1.27766722357415,0,1000,100,"interaction","22","dream_quint"
0.420731707317073,0.619047619047619,0.0770089285714286,0.174107142857143,0.95,0.96,-0.341118115552258,0.533290107872237,0.58,996,100,"interaction","22","dream_interaction"
0.876770538243626,0.891509433962264,0.687777777777778,0.84,0.87,0.92,-0.969574789725727,0.996195048371907,NA,1000,100,"interaction","22","seurat_blind"
0.874233128834356,0.888888888888889,0.633333333333333,0.8,0.82,0.9,-0.969574789725727,0.996195048371907,NA,1000,100,"interaction","22","seurat_napari"
0.874233128834356,0.888888888888889,0.633333333333333,0.8,0.82,0.9,-0.969574789725727,0.996195048371907,NA,1000,100,"interaction","22","seurat_quint"
0.886819484240688,0.893192488262911,0.687777777777778,0.845555555555556,0.79,0.91,-0.969574789725727,0.996195048371907,NA,1000,100,"interaction","22","wilcoxon"
0.228571428571429,0.49171270718232,0.0266666666666667,0.0988888888888889,0.81,0.92,-0.88109428349672,0.912132427443491,0.01,1000,100,"interaction","22","deseq2_pb"
0.363636363636364,0.617886178861789,0.00888888888888889,0.0844444444444444,0.14,0.47,-1.26489691605716,1.27858335473048,0,1000,100,"interaction","23","dream_blind"
0.333333333333333,0.647619047619048,0.00777777777777778,0.0755555555555556,0.14,0.37,-1.29828209671728,1.3107758793782,0,1000,100,"interaction","23","dream_napari"
0.333333333333333,0.647619047619048,0.00777777777777778,0.0755555555555556,0.14,0.37,-1.29828209671728,1.3107758793782,0,1000,100,"interaction","23","dream_quint"
0.25,0.582278481012658,0.0366666666666667,0.153333333333333,0.99,0.99,-0.368860998893631,0.523518663783649,0.44,1000,100,"interaction","23","dream_interaction"
0.86865671641791,0.887254901960784,0.646666666666667,0.804444444444444,0.88,0.92,-0.971928661746432,1.00182703740838,NA,1000,100,"interaction","23","seurat_blind"
0.875,0.887096774193548,0.622222222222222,0.794444444444444,0.8,0.91,-0.971928661746432,1.00182703740838,NA,1000,100,"interaction","23","seurat_napari"
0.875,0.887096774193548,0.622222222222222,0.794444444444444,0.8,0.91,-0.971928661746432,1.00182703740838,NA,1000,100,"interaction","23","seurat_quint"
0.881559220389805,0.889025893958076,0.653333333333333,0.801111111111111,0.79,0.9,-0.971928661746432,1.00182703740838,NA,1000,100,"interaction","23","wilcoxon"
0.0898876404494382,0.473988439306358,0.0089086859688196,0.0913140311804009,0.81,0.91,-0.907123998234359,0.941192495479596,0.01,998,100,"interaction","23","deseq2_pb"
0.461538461538462,0.595588235294118,0.00666666666666667,0.09,0.07,0.55,-1.23645097192178,1.2498498598408,0,1000,100,"interaction","24","dream_blind"
0.571428571428571,0.590163934426229,0.00444444444444444,0.08,0.03,0.5,-1.25953233879975,1.27308136893822,0,1000,100,"interaction","24","dream_napari"
0.571428571428571,0.590163934426229,0.00444444444444444,0.08,0.03,0.5,-1.25953233879975,1.27308136893822,0,1000,100,"interaction","24","dream_quint"
0.314685314685315,0.556561085972851,0.05,0.136666666666667,0.98,0.98,-0.373417692255566,0.559759924359017,0.5,1000,100,"interaction","24","dream_interaction"
0.861967694566814,0.882915173237754,0.652222222222222,0.821111111111111,0.94,0.98,-0.90484123447551,0.925590377549087,NA,1000,100,"interaction","24","seurat_blind"
0.860248447204969,0.877626699629172,0.615555555555556,0.788888888888889,0.9,0.99,-0.90484123447551,0.925590377549087,NA,1000,100,"interaction","24","seurat_napari"
0.860248447204969,0.877626699629172,0.615555555555556,0.788888888888889,0.9,0.99,-0.90484123447551,0.925590377549087,NA,1000,100,"interaction","24","seurat_quint"
0.863173216885007,0.88502994011976,0.658888888888889,0.821111111111111,0.94,0.96,-0.90484123447551,0.925590377549087,NA,1000,100,"interaction","24","wilcoxon"
0.169811320754717,0.458100558659218,0.0200222469410456,0.0912124582869855,0.88,0.97,-0.857544332883076,0.880096874126994,0,999,100,"interaction","24","deseq2_pb"
0.5,0.580152671755725,0.00222222222222222,0.0844444444444444,0.02,0.55,-1.21162811010471,1.22507752008237,0,1000,100,"interaction","25","dream_blind"
0.5,0.626865671641791,0.00555555555555556,0.0933333333333333,0.05,0.5,-1.24956373080595,1.26254783041342,0,1000,100,"interaction","25","dream_napari"
0.5,0.626865671641791,0.00555555555555556,0.0933333333333333,0.05,0.5,-1.24956373080595,1.26254783041342,0,1000,100,"interaction","25","dream_quint"
0.21259842519685,0.421965317919075,0.03,0.0811111111111111,1,1,-0.259539217422675,0.43108030721598,0.65,1000,100,"interaction","25","dream_interaction"
0.868194842406877,0.887019230769231,0.673333333333333,0.82,0.92,0.94,-0.952032538494744,0.980183844848758,NA,1000,100,"interaction","25","seurat_blind"
0.872944693572496,0.888888888888889,0.648888888888889,0.817777777777778,0.85,0.92,-0.952032538494744,0.980183844848758,NA,1000,100,"interaction","25","seurat_napari"
0.872944693572496,0.888888888888889,0.648888888888889,0.817777777777778,0.85,0.92,-0.952032538494744,0.980183844848758,NA,1000,100,"interaction","25","seurat_quint"
0.874647887323944,0.888228299643282,0.69,0.83,0.89,0.94,-0.952032538494744,0.980183844848758,NA,1000,100,"interaction","25","wilcoxon"
0.178217821782178,0.448484848484848,0.02,0.0822222222222222,0.83,0.91,-0.891795392259169,0.922561625110483,0.01,1000,100,"interaction","25","deseq2_pb"
0.5,0.682758620689655,0.00444444444444444,0.11,0.04,0.46,-1.22214486632362,1.23283073174807,0,1000,100,"interaction","26","dream_blind"
0.375,0.65625,0.00333333333333333,0.0933333333333333,0.05,0.44,-1.24707811597245,1.2581182949482,0,1000,100,"interaction","26","dream_napari"
0.375,0.65625,0.00333333333333333,0.0933333333333333,0.05,0.44,-1.24707811597245,1.2581182949482,0,1000,100,"interaction","26","dream_quint"
0.430232558139535,0.6,0.0834272829763247,0.165727170236753,0.98,0.98,-0.298965669108998,0.434980858966043,0.58,987,100,"interaction","26","dream_interaction"
0.856515373352855,0.88,0.65,0.806666666666667,0.98,0.99,-0.902330425815917,0.925251495155171,NA,1000,100,"interaction","26","seurat_blind"
0.871406959152799,0.882133995037221,0.64,0.79,0.85,0.95,-0.902330425815917,0.925251495155171,NA,1000,100,"interaction","26","seurat_napari"
0.871406959152799,0.882133995037221,0.64,0.79,0.85,0.95,-0.902330425815917,0.925251495155171,NA,1000,100,"interaction","26","seurat_quint"
0.877906976744186,0.890493381468111,0.671111111111111,0.822222222222222,0.84,0.91,-0.902330425815917,0.925251495155171,NA,1000,100,"interaction","26","wilcoxon"
0.177570093457944,0.466666666666667,0.0211111111111111,0.0933333333333333,0.88,0.96,-0.878712462878755,0.902617440089035,0.01,1000,100,"interaction","26","deseq2_pb"
0.333333333333333,0.616883116883117,0.00555555555555556,0.105555555555556,0.1,0.59,-1.19136484004285,1.2037239133852,0,1000,100,"interaction","27","dream_blind"
0.25,0.642857142857143,0.00222222222222222,0.1,0.06,0.5,-1.22289838257402,1.23524104431224,0,1000,100,"interaction","27","dream_napari"
0.25,0.642857142857143,0.00222222222222222,0.1,0.06,0.5,-1.22289838257402,1.23524104431224,0,1000,100,"interaction","27","dream_quint"
0.479166666666667,0.646643109540636,0.102222222222222,0.203333333333333,1,1,-0.320341113646134,0.504813702930263,0.58,1000,100,"interaction","27","dream_interaction"
0.86015037593985,0.881995133819951,0.635555555555556,0.805555555555556,0.93,0.97,-0.934051056200598,0.951438000402949,NA,1000,100,"interaction","27","seurat_blind"
0.859375,0.879093198992443,0.611111111111111,0.775555555555556,0.9,0.96,-0.934051056200598,0.951438000402949,NA,1000,100,"interaction","27","seurat_napari"
0.859375,0.879093198992443,0.611111111111111,0.775555555555556,0.9,0.96,-0.934051056200598,0.951438000402949,NA,1000,100,"interaction","27","seurat_quint"
0.866165413533835,0.883917775090689,0.64,0.812222222222222,0.89,0.96,-0.934051056200598,0.951438000402949,NA,1000,100,"interaction","27","wilcoxon"
0.194690265486726,0.463276836158192,0.0244988864142539,0.0913140311804009,0.91,0.95,-0.83361394806337,0.853845996012898,0.01,998,100,"interaction","27","deseq2_pb"
0.5,0.651515151515151,0.0122222222222222,0.0955555555555556,0.11,0.46,-1.2536764687368,1.26568755543459,0,1000,100,"interaction","28","dream_blind"
0.5,0.648,0.0111111111111111,0.09,0.1,0.44,-1.27085465275388,1.28339929938883,0,1000,100,"interaction","28","dream_napari"
0.5,0.648,0.0111111111111111,0.09,0.1,0.44,-1.27085465275388,1.28339929938883,0,1000,100,"interaction","28","dream_quint"
0.453038674033149,0.625468164794007,0.0911111111111111,0.185555555555556,0.99,1,-0.355197953602424,0.518692156198703,0.53,1000,100,"interaction","28","dream_interaction"
0.859237536656892,0.881861575178998,0.651111111111111,0.821111111111111,0.96,0.99,-0.924988356482508,0.943100192343482,NA,1000,100,"interaction","28","seurat_blind"
0.863207547169811,0.884130982367758,0.61,0.78,0.87,0.92,-0.924988356482508,0.943100192343482,NA,1000,100,"interaction","28","seurat_napari"
0.863207547169811,0.884130982367758,0.61,0.78,0.87,0.92,-0.924988356482508,0.943100192343482,NA,1000,100,"interaction","28","seurat_quint"
0.877551020408163,0.885071090047393,0.668888888888889,0.83,0.84,0.97,-0.924988356482508,0.943100192343482,NA,1000,100,"interaction","28","wilcoxon"
0.176470588235294,0.439306358381503,0.02,0.0844444444444444,0.84,0.97,-0.91031857532404,0.929232106114116,0,1000,100,"interaction","28","deseq2_pb"
0.578947368421053,0.708333333333333,0.0244716351501669,0.132369299221357,0.16,0.49,-1.17856406223941,1.19280909503793,0,999,100,"interaction","29","dream_blind"
0.484848484848485,0.69620253164557,0.017797552836485,0.122358175750834,0.17,0.48,-1.20438889104878,1.21842876439337,0,999,100,"interaction","29","dream_napari"
0.484848484848485,0.69620253164557,0.017797552836485,0.122358175750834,0.17,0.48,-1.20438889104878,1.21842876439337,0,999,100,"interaction","29","dream_quint"
0.5,0.661016949152542,0.110122358175751,0.216907675194661,0.99,1,-0.246706998802479,0.413074521836287,0.65,999,100,"interaction","29","dream_interaction"
0.846749226006192,0.873257287705957,0.607777777777778,0.765555555555556,0.99,1,-0.808444217074814,0.8347832768846,NA,1000,100,"interaction","29","seurat_blind"
0.863422291993721,0.877346683354193,0.611111111111111,0.778888888888889,0.87,0.98,-0.808444217074814,0.8347832768846,NA,1000,100,"interaction","29","seurat_napari"
0.863422291993721,0.877346683354193,0.611111111111111,0.778888888888889,0.87,0.98,-0.808444217074814,0.8347832768846,NA,1000,100,"interaction","29","seurat_quint"
0.8578125,0.881840796019901,0.61,0.787777777777778,0.91,0.95,-0.808444217074814,0.8347832768846,NA,1000,100,"interaction","29","wilcoxon"
0.230769230769231,0.5,0.0301003344481605,0.110367892976589,0.9,0.99,-0.813374966887952,0.840529194536178,0.01,997,100,"interaction","29","deseq2_pb"
0.757575757575758,0.689873417721519,0.0277777777777778,0.121111111111111,0.08,0.49,-1.23542044671378,1.24874198232276,0,1000,100,"interaction","3","dream_blind"
0.766666666666667,0.707142857142857,0.0255555555555556,0.11,0.07,0.41,-1.25979722634915,1.27425220546925,0,1000,100,"interaction","3","dream_napari"
0.766666666666667,0.707142857142857,0.0255555555555556,0.11,0.07,0.41,-1.25979722634915,1.27425220546925,0,1000,100,"interaction","3","dream_quint"
0.436781609195402,0.621621621621622,0.0844444444444444,0.178888888888889,0.98,0.98,-0.340736855938149,0.538778260728587,0.55,1000,100,"interaction","3","dream_interaction"
0.86552217453505,0.883886255924171,0.672222222222222,0.828888888888889,0.94,0.98,-0.899686347509228,0.924369596507527,NA,1000,100,"interaction","3","seurat_blind"
0.878612716763006,0.8863361547763,0.675555555555556,0.814444444444444,0.84,0.94,-0.899686347509228,0.924369596507527,NA,1000,100,"interaction","3","seurat_napari"
0.878612716763006,0.8863361547763,0.675555555555556,0.814444444444444,0.84,0.94,-0.899686347509228,0.924369596507527,NA,1000,100,"interaction","3","seurat_quint"
0.885174418604651,0.889423076923077,0.676666666666667,0.822222222222222,0.79,0.92,-0.899686347509228,0.924369596507527,NA,1000,100,"interaction","3","wilcoxon"
0.218181818181818,0.486772486772487,0.0266666666666667,0.102222222222222,0.86,0.97,-0.858648466411227,0.88767888703962,0.01,1000,100,"interaction","3","deseq2_pb"
0.55,0.645390070921986,0.0122222222222222,0.101111111111111,0.09,0.5,-1.24492968387082,1.26165802965525,0,1000,100,"interaction","30","dream_blind"
0.56,0.647058823529412,0.0155555555555556,0.0977777777777778,0.11,0.48,-1.27150794921121,1.28758226733725,0,1000,100,"interaction","30","dream_napari"
0.56,0.647058823529412,0.0155555555555556,0.0977777777777778,0.11,0.48,-1.27150794921121,1.28758226733725,0,1000,100,"interaction","30","dream_quint"
0.438202247191011,0.606299212598425,0.0866666666666667,0.171111111111111,1,1,-0.320522023383309,0.489185484926761,0.62,1000,100,"interaction","30","dream_interaction"
0.865237366003063,0.882280049566295,0.627777777777778,0.791111111111111,0.88,0.95,-0.985584100695809,1.0195559802935,NA,1000,100,"interaction","30","seurat_blind"
0.865079365079365,0.883248730964467,0.605555555555556,0.773333333333333,0.85,0.92,-0.985584100695809,1.0195559802935,NA,1000,100,"interaction","30","seurat_napari"
0.865079365079365,0.883248730964467,0.605555555555556,0.773333333333333,0.85,0.92,-0.985584100695809,1.0195559802935,NA,1000,100,"interaction","30","seurat_quint"
0.878274268104777,0.887116564417178,0.633333333333333,0.803333333333333,0.79,0.92,-0.985584100695809,1.0195559802935,NA,1000,100,"interaction","30","wilcoxon"
0.113636363636364,0.432258064516129,0.0111358574610245,0.0746102449888641,0.78,0.88,-0.925158412766259,0.963637720305315,0.02,998,100,"interaction","30","deseq2_pb"
0.409090909090909,0.677852348993289,0.01,0.112222222222222,0.13,0.48,-1.21948763174818,1.22928504318991,0,1000,100,"interaction","31","dream_blind"
0.4375,0.708029197080292,0.00777777777777778,0.107777777777778,0.09,0.4,-1.24973873725331,1.26037606369349,0,1000,100,"interaction","31","dream_napari"
0.4375,0.708029197080292,0.00777777777777778,0.107777777777778,0.09,0.4,-1.24973873725331,1.26037606369349,0,1000,100,"interaction","31","dream_quint"
0.4,0.604743083003953,0.0733333333333333,0.17,0.99,1,-0.323122383442548,0.48205509576804,0.63,1000,100,"interaction","31","dream_interaction"
0.853073463268366,0.877171215880893,0.632222222222222,0.785555555555556,0.98,0.99,-0.924251184788827,0.947100792771991,NA,1000,100,"interaction","31","seurat_blind"
0.858034321372855,0.876574307304786,0.611111111111111,0.773333333333333,0.91,0.98,-0.924251184788827,0.947100792771991,NA,1000,100,"interaction","31","seurat_napari"
0.858034321372855,0.876574307304786,0.611111111111111,0.773333333333333,0.91,0.98,-0.924251184788827,0.947100792771991,NA,1000,100,"interaction","31","seurat_quint"
0.867559523809524,0.880981595092025,0.647777777777778,0.797777777777778,0.89,0.97,-0.924251184788827,0.947100792771991,NA,1000,100,"interaction","31","wilcoxon"
0.171428571428571,0.451977401129944,0.02,0.0888888888888889,0.87,0.97,-0.880652351759697,0.906028873974369,0.02,1000,100,"interaction","31","deseq2_pb"
0.470588235294118,0.647058823529412,0.00888888888888889,0.0855555555555556,0.09,0.42,-1.24612995816542,1.26102167124163,0,1000,100,"interaction","32","dream_blind"
0.333333333333333,0.652173913043478,0.00222222222222222,0.0833333333333333,0.04,0.4,-1.26242616553403,1.2771678149687,0,1000,100,"interaction","32","dream_napari"
0.333333333333333,0.652173913043478,0.00222222222222222,0.0833333333333333,0.04,0.4,-1.26242616553403,1.2771678149687,0,1000,100,"interaction","32","dream_quint"
0.418181818181818,0.619607843137255,0.0766666666666667,0.175555555555556,0.96,0.97,-0.367078861674974,0.538802802104273,0.55,1000,100,"interaction","32","dream_interaction"
0.858447488584475,0.881499395405079,0.626666666666667,0.81,0.93,0.98,-0.974841326177765,1.00271522332268,NA,1000,100,"interaction","32","seurat_blind"
0.877221324717286,0.890840652446675,0.603333333333333,0.788888888888889,0.76,0.87,-0.974841326177765,1.00271522332268,NA,1000,100,"interaction","32","seurat_napari"
0.877221324717286,0.890840652446675,0.603333333333333,0.788888888888889,0.76,0.87,-0.974841326177765,1.00271522332268,NA,1000,100,"interaction","32","seurat_quint"
0.877675840978593,0.893719806763285,0.637777777777778,0.822222222222222,0.8,0.88,-0.974841326177765,1.00271522332268,NA,1000,100,"interaction","32","wilcoxon"
0.229166666666667,0.479768786127168,0.0244444444444444,0.0922222222222222,0.74,0.9,-0.929699924972912,0.959869264708827,0.01,1000,100,"interaction","32","deseq2_pb"
0.259259259259259,0.589928057553957,0.00777777777777778,0.0911111111111111,0.2,0.57,-1.20996619658729,1.22258704222842,0,1000,100,"interaction","33","dream_blind"
0.3,0.6015625,0.00666666666666667,0.0855555555555556,0.14,0.51,-1.24698542250835,1.26006157680896,0,1000,100,"interaction","33","dream_napari"
0.3,0.6015625,0.00666666666666667,0.0855555555555556,0.14,0.51,-1.24698542250835,1.26006157680896,0,1000,100,"interaction","33","dream_quint"
0.236641221374046,0.555555555555556,0.0344444444444444,0.138888888888889,1,1,-0.342652274217849,0.523923586411959,0.52,1000,100,"interaction","33","dream_interaction"
0.853073463268366,0.878527607361963,0.632222222222222,0.795555555555556,0.98,0.99,-0.813596374027622,0.980318464384551,NA,1000,100,"interaction","33","seurat_blind"
0.862595419847328,0.88380716934487,0.627777777777778,0.794444444444444,0.9,0.94,-0.813596374027622,0.980318464384551,NA,1000,100,"interaction","33","seurat_napari"
0.862595419847328,0.88380716934487,0.627777777777778,0.794444444444444,0.9,0.94,-0.813596374027622,0.980318464384551,NA,1000,100,"interaction","33","seurat_quint"
0.87202380952381,0.887254901960784,0.651111111111111,0.804444444444444,0.86,0.92,-0.813596374027622,0.980318464384551,NA,1000,100,"interaction","33","wilcoxon"
0.205357142857143,0.446927374301676,0.0255555555555556,0.0888888888888889,0.89,0.99,-0.790016308489707,1.03126565620142,0.01,1000,100,"interaction","33","deseq2_pb"
0.5,0.593984962406015,0.00666666666666667,0.0877777777777778,0.06,0.54,-1.21364182250541,1.22763204641366,0,1000,100,"interaction","34","dream_blind"
0.571428571428571,0.615384615384615,0.00888888888888889,0.08,0.06,0.45,-1.23824928508761,1.25298110077839,0,1000,100,"interaction","34","dream_napari"
0.571428571428571,0.615384615384615,0.00888888888888889,0.08,0.06,0.45,-1.23824928508761,1.25298110077839,0,1000,100,"interaction","34","dream_quint"
0.166666666666667,0.479166666666667,0.0222222222222222,0.102222222222222,1,1,-0.276538557824828,0.475320158887009,0.57,1000,100,"interaction","34","dream_interaction"
0.86864406779661,0.882701421800948,0.683333333333333,0.827777777777778,0.93,0.99,-0.915736618246351,0.936968402406401,NA,1000,100,"interaction","34","seurat_blind"
0.876093294460641,0.885085574572127,0.667777777777778,0.804444444444444,0.85,0.94,-0.915736618246351,0.936968402406401,NA,1000,100,"interaction","34","seurat_napari"
0.876093294460641,0.885085574572127,0.667777777777778,0.804444444444444,0.85,0.94,-0.915736618246351,0.936968402406401,NA,1000,100,"interaction","34","seurat_quint"
0.884669479606188,0.888355342136855,0.698888888888889,0.822222222222222,0.82,0.93,-0.915736618246351,0.936968402406401,NA,1000,100,"interaction","34","wilcoxon"
0.2,0.478723404255319,0.0244716351501669,0.100111234705228,0.88,0.98,-0.893183736664446,0.915702824376649,0.01,999,100,"interaction","34","deseq2_pb"
0.2,0.666666666666667,0.00222222222222222,0.115555555555556,0.08,0.52,-1.218268897471,1.2295105691153,0,1000,100,"interaction","35","dream_blind"
0.357142857142857,0.673913043478261,0.00555555555555556,0.103333333333333,0.09,0.45,-1.24859803891383,1.26012152347527,0,1000,100,"interaction","35","dream_napari"
0.357142857142857,0.673913043478261,0.00555555555555556,0.103333333333333,0.09,0.45,-1.24859803891383,1.26012152347527,0,1000,100,"interaction","35","dream_quint"
0.443820224719101,0.640287769784173,0.0877777777777778,0.197777777777778,0.99,1,-0.300432887387626,0.457701381278962,0.52,1000,100,"interaction","35","dream_interaction"
0.859882005899705,0.879754601226994,0.647777777777778,0.796666666666667,0.95,0.98,-0.953273383322624,0.986434802268097,NA,1000,100,"interaction","35","seurat_blind"
0.863777089783282,0.883519206939281,0.62,0.792222222222222,0.88,0.94,-0.953273383322624,0.986434802268097,NA,1000,100,"interaction","35","seurat_napari"
0.863777089783282,0.883519206939281,0.62,0.792222222222222,0.88,0.94,-0.953273383322624,0.986434802268097,NA,1000,100,"interaction","35","seurat_quint"
0.867452135493373,0.8854041013269,0.654444444444444,0.815555555555556,0.9,0.95,-0.953273383322624,0.986434802268097,NA,1000,100,"interaction","35","wilcoxon"
0.173913043478261,0.473118279569892,0.0222222222222222,0.0977777777777778,0.95,0.98,-0.821800784639282,0.996955458178631,0.01,1000,100,"interaction","35","deseq2_pb"
0.555555555555556,0.677215189873418,0.0111234705228031,0.119021134593993,0.08,0.51,-1.20190457015213,1.2189213328482,0,999,100,"interaction","36","dream_blind"
0.444444444444444,0.621212121212121,0.00889877641824249,0.0912124582869855,0.1,0.5,-1.23188159477423,1.24618945286487,0,999,100,"interaction","36","dream_napari"
0.444444444444444,0.621212121212121,0.00889877641824249,0.0912124582869855,0.1,0.5,-1.23188159477423,1.24618945286487,0,999,100,"interaction","36","dream_quint"
0.489473684210526,0.652631578947368,0.103448275862069,0.206896551724138,0.97,0.99,-0.276668542474118,0.433380253460928,0.59,999,100,"interaction","36","dream_interaction"
0.871906841339156,0.888095238095238,0.665555555555556,0.828888888888889,0.88,0.94,-0.960116771975618,0.989191136901409,NA,1000,100,"interaction","36","seurat_blind"
0.859567901234568,0.884615384615385,0.618888888888889,0.792222222222222,0.91,0.93,-0.960116771975618,0.989191136901409,NA,1000,100,"interaction","36","seurat_napari"
0.859567901234568,0.884615384615385,0.618888888888889,0.792222222222222,0.91,0.93,-0.960116771975618,0.989191136901409,NA,1000,100,"interaction","36","seurat_quint"
0.87698986975398,0.890214797136038,0.673333333333333,0.828888888888889,0.85,0.92,-0.960116771975618,0.989191136901409,NA,1000,100,"interaction","36","wilcoxon"
0.141414141414141,0.454022988505747,0.0155728587319244,0.0878754171301446,0.85,0.95,-0.847664211614142,0.882879036510776,0.02,999,100,"interaction","36","deseq2_pb"
0.368421052631579,0.580882352941177,0.00777777777777778,0.0877777777777778,0.12,0.57,-1.21077496343072,1.22599400858366,0,1000,100,"interaction","37","dream_blind"
0.3125,0.567567567567568,0.00555555555555556,0.07,0.11,0.48,-1.23779100344647,1.25251112323835,0,1000,100,"interaction","37","dream_napari"
0.3125,0.567567567567568,0.00555555555555556,0.07,0.11,0.48,-1.23779100344647,1.25251112323835,0,1000,100,"interaction","37","dream_quint"
0.416666666666667,0.604838709677419,0.0777777777777778,0.166666666666667,0.98,0.98,-0.327291191305065,0.50648227093223,0.54,1000,100,"interaction","37","dream_interaction"
0.859541984732824,0.882211538461538,0.625555555555556,0.815555555555556,0.92,0.98,-0.988478603132892,1.01464351457736,NA,1000,100,"interaction","37","seurat_blind"
0.863777089783282,0.883374689826303,0.62,0.791111111111111,0.88,0.94,-0.988478603132892,1.01464351457736,NA,1000,100,"interaction","37","seurat_napari"
0.863777089783282,0.883374689826303,0.62,0.791111111111111,0.88,0.94,-0.988478603132892,1.01464351457736,NA,1000,100,"interaction","37","seurat_quint"
0.871156661786237,0.885985748218527,0.661111111111111,0.828888888888889,0.88,0.96,-0.988478603132892,1.01464351457736,NA,1000,100,"interaction","37","wilcoxon"
0.166666666666667,0.44311377245509,0.0188888888888889,0.0822222222222222,0.85,0.93,-0.87132836849413,0.904236353946447,0.03,1000,100,"interaction","37","deseq2_pb"
0.454545454545455,0.673913043478261,0.00556173526140156,0.103448275862069,0.06,0.45,-1.26460290787463,1.27915183531129,0,999,100,"interaction","38","dream_blind"
0.4,0.669354838709677,0.00444938820912125,0.0923248053392658,0.06,0.41,-1.27674282205472,1.29138039815479,0,999,100,"interaction","38","dream_napari"
0.4,0.669354838709677,0.00444938820912125,0.0923248053392658,0.06,0.41,-1.27674282205472,1.29138039815479,0,999,100,"interaction","38","dream_quint"
0.44311377245509,0.635658914728682,0.082313681868743,0.182424916573971,0.93,0.94,-0.413887393251175,0.637487320389758,0.52,999,100,"interaction","38","dream_interaction"
0.860215053763441,0.87920298879203,0.622222222222222,0.784444444444444,0.91,0.97,-0.950156291100388,0.977026757630613,NA,1000,100,"interaction","38","seurat_blind"
0.87075928917609,0.887626262626263,0.598888888888889,0.781111111111111,0.8,0.89,-0.950156291100388,0.977026757630613,NA,1000,100,"interaction","38","seurat_napari"
0.87075928917609,0.887626262626263,0.598888888888889,0.781111111111111,0.8,0.89,-0.950156291100388,0.977026757630613,NA,1000,100,"interaction","38","seurat_quint"
0.877300613496933,0.886138613861386,0.635555555555556,0.795555555555556,0.8,0.92,-0.950156291100388,0.977026757630613,NA,1000,100,"interaction","38","wilcoxon"
0.175257731958763,0.452380952380952,0.0189732142857143,0.0848214285714286,0.8,0.92,-0.906200053412432,0.936220974466197,0.01,996,100,"interaction","38","deseq2_pb"
NA,0.527272727272727,0,0.0644444444444444,0,0.52,-1.23072503636735,1.24349785883731,0,1000,100,"interaction","39","dream_blind"
NA,0.473118279569892,0,0.0488888888888889,0,0.49,-1.25209833889313,1.26553309149531,0,1000,100,"interaction","39","dream_napari"
NA,0.473118279569892,0,0.0488888888888889,0,0.49,-1.25209833889313,1.26553309149531,0,1000,100,"interaction","39","dream_quint"
0.244094488188976,0.566371681415929,0.0344444444444444,0.142222222222222,0.96,0.98,-0.338265566898409,0.530856184237844,0.57,1000,100,"interaction","39","dream_interaction"
0.859133126934985,0.882133995037221,0.616666666666667,0.79,0.91,0.95,-1.01632749259463,1.03461022110302,NA,1000,100,"interaction","39","seurat_blind"
0.863787375415282,0.885161290322581,0.577777777777778,0.762222222222222,0.82,0.89,-1.01632749259463,1.03461022110302,NA,1000,100,"interaction","39","seurat_napari"
0.863787375415282,0.885161290322581,0.577777777777778,0.762222222222222,0.82,0.89,-1.01632749259463,1.03461022110302,NA,1000,100,"interaction","39","seurat_quint"
0.873651771956857,0.887931034482759,0.63,0.801111111111111,0.82,0.91,-1.01632749259463,1.03461022110302,NA,1000,100,"interaction","39","wilcoxon"
0.118279569892473,0.390728476821192,0.0122358175750834,0.0656284760845384,0.82,0.92,-0.892704867940585,0.912951566334021,0.01,999,100,"interaction","39","deseq2_pb"
0.428571428571429,0.558333333333333,0.00333333333333333,0.0744444444444444,0.04,0.53,-1.23602673723389,1.24896234588075,0,1000,100,"interaction","4","dream_blind"
0.375,0.560747663551402,0.00333333333333333,0.0666666666666667,0.05,0.47,-1.26966457626019,1.28198219961377,0,1000,100,"interaction","4","dream_napari"
0.375,0.560747663551402,0.00333333333333333,0.0666666666666667,0.05,0.47,-1.26966457626019,1.28198219961377,0,1000,100,"interaction","4","dream_quint"
0.24,0.555045871559633,0.0333333333333333,0.134444444444444,0.95,0.97,-0.3175547963967,0.48685074311302,0.56,1000,100,"interaction","4","dream_interaction"
0.87039764359352,0.88498789346247,0.656666666666667,0.812222222222222,0.88,0.95,-0.966445130991199,0.989303234313584,NA,1000,100,"interaction","4","seurat_blind"
0.874626865671642,0.883004926108374,0.651111111111111,0.796666666666667,0.84,0.95,-0.966445130991199,0.989303234313584,NA,1000,100,"interaction","4","seurat_napari"
0.874626865671642,0.883004926108374,0.651111111111111,0.796666666666667,0.84,0.95,-0.966445130991199,0.989303234313584,NA,1000,100,"interaction","4","seurat_quint"
0.876288659793814,0.890083632019116,0.661111111111111,0.827777777777778,0.84,0.92,-0.966445130991199,0.989303234313584,NA,1000,100,"interaction","4","wilcoxon"
0.0989010989010989,0.427710843373494,0.01,0.0788888888888889,0.82,0.95,-0.882141696242303,0.908499402962623,0.01,1000,100,"interaction","4","deseq2_pb"
0.461538461538462,0.629139072847682,0.0133333333333333,0.105555555555556,0.14,0.56,-1.23028402976101,1.24771816707831,0,1000,100,"interaction","40","dream_blind"
0.368421052631579,0.635714285714286,0.00777777777777778,0.0988888888888889,0.12,0.51,-1.2578595270214,1.27473618916131,0,1000,100,"interaction","40","dream_napari"
0.368421052631579,0.635714285714286,0.00777777777777778,0.0988888888888889,0.12,0.51,-1.2578595270214,1.27473618916131,0,1000,100,"interaction","40","dream_quint"
0.473404255319149,0.655052264808362,0.0988888888888889,0.208888888888889,0.99,0.99,-0.359267240120652,0.569367980589911,0.54,1000,100,"interaction","40","dream_interaction"
0.85625,0.879746835443038,0.608888888888889,0.772222222222222,0.92,0.95,-0.897360306842292,0.941209172144168,NA,1000,100,"interaction","40","seurat_blind"
0.866559485530547,0.883248730964467,0.598888888888889,0.773333333333333,0.83,0.92,-0.897360306842292,0.941209172144168,NA,1000,100,"interaction","40","seurat_napari"
0.866559485530547,0.883248730964467,0.598888888888889,0.773333333333333,0.83,0.92,-0.897360306842292,0.941209172144168,NA,1000,100,"interaction","40","seurat_quint"
0.8671875,0.884711779448622,0.616666666666667,0.784444444444444,0.85,0.92,-0.897360306842292,0.941209172144168,NA,1000,100,"interaction","40","wilcoxon"
0.118279569892473,0.452380952380952,0.0122222222222222,0.0844444444444444,0.82,0.92,-0.798908886418216,0.924376218967179,0.03,1000,100,"interaction","40","deseq2_pb"
0.458333333333333,0.690322580645161,0.0122222222222222,0.118888888888889,0.13,0.48,-1.20558163565514,1.21882326909506,0,1000,100,"interaction","41","dream_blind"
0.444444444444444,0.650793650793651,0.00888888888888889,0.0911111111111111,0.1,0.44,-1.23194091720446,1.24629986951306,0,1000,100,"interaction","41","dream_napari"
0.444444444444444,0.650793650793651,0.00888888888888889,0.0911111111111111,0.1,0.44,-1.23194091720446,1.24629986951306,0,1000,100,"interaction","41","dream_quint"
0.46195652173913,0.637362637362637,0.0944444444444444,0.193333333333333,0.99,0.99,-0.305382246935291,0.481869518679164,0.51,1000,100,"interaction","41","dream_interaction"
0.853435114503817,0.87960687960688,0.621111111111111,0.795555555555556,0.96,0.98,-0.871758861957863,0.897718839863309,NA,1000,100,"interaction","41","seurat_blind"
0.857827476038339,0.881313131313131,0.596666666666667,0.775555555555556,0.89,0.94,-0.871758861957863,0.897718839863309,NA,1000,100,"interaction","41","seurat_napari"
0.857827476038339,0.881313131313131,0.596666666666667,0.775555555555556,0.89,0.94,-0.871758861957863,0.897718839863309,NA,1000,100,"interaction","41","seurat_quint"
0.859701492537313,0.883148831488315,0.64,0.797777777777778,0.94,0.95,-0.871758861957863,0.897718839863309,NA,1000,100,"interaction","41","wilcoxon"
0.157407407407407,0.435294117647059,0.0189309576837416,0.0824053452115813,0.91,0.96,-0.837291726990049,0.865752378476524,0.01,998,100,"interaction","41","deseq2_pb"
0.296296296296296,0.62589928057554,0.00888888888888889,0.0966666666666667,0.19,0.52,-1.22406391168386,1.24067977141839,0,1000,100,"interaction","42","dream_blind"
0.363636363636364,0.612403100775194,0.00888888888888889,0.0877777777777778,0.14,0.5,-1.2537267729919,1.27050159691784,0,1000,100,"interaction","42","dream_napari"
0.363636363636364,0.612403100775194,0.00888888888888889,0.0877777777777778,0.14,0.5,-1.2537267729919,1.27050159691784,0,1000,100,"interaction","42","dream_quint"
0.421686746987952,0.640740740740741,0.0777777777777778,0.192222222222222,0.96,0.97,-0.339050244565119,0.528490945858193,0.44,1000,100,"interaction","42","dream_interaction"
0.858447488584475,0.882281553398058,0.626666666666667,0.807777777777778,0.93,0.97,-0.929549359283182,0.95808696285327,NA,1000,100,"interaction","42","seurat_blind"
0.871473354231975,0.887626262626263,0.617777777777778,0.781111111111111,0.82,0.89,-0.929549359283182,0.95808696285327,NA,1000,100,"interaction","42","seurat_napari"
0.871473354231975,0.887626262626263,0.617777777777778,0.781111111111111,0.82,0.89,-0.929549359283182,0.95808696285327,NA,1000,100,"interaction","42","seurat_quint"
0.865853658536585,0.887530562347188,0.631111111111111,0.806666666666667,0.88,0.92,-0.929549359283182,0.95808696285327,NA,1000,100,"interaction","42","wilcoxon"
0.177570093457944,0.468926553672316,0.0211111111111111,0.0922222222222222,0.88,0.94,-0.866463024064377,0.898656018137537,0.01,1000,100,"interaction","42","deseq2_pb"
0.444444444444444,0.545454545454545,0.00888888888888889,0.08,0.1,0.6,-1.22308129284667,1.23668697492662,0,1000,100,"interaction","43","dream_blind"
0.315789473684211,0.537735849056604,0.00666666666666667,0.0633333333333333,0.13,0.49,-1.25484292440502,1.26895385401237,0,1000,100,"interaction","43","dream_napari"
0.315789473684211,0.537735849056604,0.00666666666666667,0.0633333333333333,0.13,0.49,-1.25484292440502,1.26895385401237,0,1000,100,"interaction","43","dream_quint"
0.416666666666667,0.594262295081967,0.0777777777777778,0.161111111111111,0.98,0.99,-0.36712548806629,0.539155309030679,0.52,1000,100,"interaction","43","dream_interaction"
0.861654135338346,0.884386174016687,0.636666666666667,0.824444444444444,0.92,0.97,-0.930303513468846,0.962134452978123,NA,1000,100,"interaction","43","seurat_blind"
0.856677524429967,0.882793017456359,0.584444444444444,0.786666666666667,0.88,0.94,-0.930303513468846,0.962134452978123,NA,1000,100,"interaction","43","seurat_napari"
0.856677524429967,0.882793017456359,0.584444444444444,0.786666666666667,0.88,0.94,-0.930303513468846,0.962134452978123,NA,1000,100,"interaction","43","seurat_quint"
0.865470852017937,0.886473429951691,0.643333333333333,0.815555555555556,0.9,0.94,-0.930303513468846,0.962134452978123,NA,1000,100,"interaction","43","wilcoxon"
0.115384615384615,0.411392405063291,0.0133333333333333,0.0722222222222222,0.92,0.93,-0.825764568106163,0.878382014132181,0.01,1000,100,"interaction","43","deseq2_pb"
0.754098360655738,0.739644970414201,0.0512249443207127,0.139198218262806,0.15,0.44,-1.23871372188573,1.25373214598357,0,998,100,"interaction","44","dream_blind"
0.784313725490196,0.735099337748344,0.044543429844098,0.123608017817372,0.11,0.4,-1.27759384089102,1.29206555225661,0,998,100,"interaction","44","dream_napari"
0.784313725490196,0.735099337748344,0.044543429844098,0.123608017817372,0.11,0.4,-1.27759384089102,1.29206555225661,0,998,100,"interaction","44","dream_quint"
0.530516431924883,0.696048632218845,0.125835189309577,0.255011135857461,1,1,-0.359804389295964,0.514906088778205,0.48,998,100,"interaction","44","dream_interaction"
0.853395061728395,0.878901373283396,0.614444444444444,0.782222222222222,0.95,0.97,-0.925492844294774,0.953813382103281,NA,1000,100,"interaction","44","seurat_blind"
0.869158878504673,0.884169884169884,0.62,0.763333333333333,0.84,0.9,-0.925492844294774,0.953813382103281,NA,1000,100,"interaction","44","seurat_napari"
0.869158878504673,0.884169884169884,0.62,0.763333333333333,0.84,0.9,-0.925492844294774,0.953813382103281,NA,1000,100,"interaction","44","seurat_quint"
0.867579908675799,0.88380716934487,0.633333333333333,0.794444444444444,0.87,0.94,-0.925492844294774,0.953813382103281,NA,1000,100,"interaction","44","wilcoxon"
0.186274509803922,0.518518518518518,0.0211817168338907,0.109253065774805,0.83,0.91,-0.879399398407187,0.910429222568568,0.02,997,100,"interaction","44","deseq2_pb"
0.5,0.75,0.0111111111111111,0.14,0.1,0.42,-1.23854855336158,1.2487885153753,0,1000,100,"interaction","45","dream_blind"
0.5,0.78343949044586,0.00888888888888889,0.136666666666667,0.08,0.34,-1.27063460064154,1.28181010548993,0,1000,100,"interaction","45","dream_napari"
0.5,0.78343949044586,0.00888888888888889,0.136666666666667,0.08,0.34,-1.27063460064154,1.28181010548993,0,1000,100,"interaction","45","dream_quint"
0.274074074074074,0.601626016260163,0.0411111111111111,0.164444444444444,0.98,0.98,-0.353062788449283,0.53538927992432,0.6,1000,100,"interaction","45","dream_interaction"
0.857142857142857,0.880722891566265,0.646666666666667,0.812222222222222,0.97,0.99,-0.857335932836632,0.879331492976543,NA,1000,100,"interaction","45","seurat_blind"
0.864864864864865,0.883353584447145,0.64,0.807777777777778,0.9,0.96,-0.857335932836632,0.879331492976543,NA,1000,100,"interaction","45","seurat_napari"
0.864864864864865,0.883353584447145,0.64,0.807777777777778,0.9,0.96,-0.857335932836632,0.879331492976543,NA,1000,100,"interaction","45","seurat_quint"
0.86217008797654,0.886150234741784,0.653333333333333,0.838888888888889,0.94,0.97,-0.857335932836632,0.879331492976543,NA,1000,100,"interaction","45","wilcoxon"
0.151515151515152,0.50261780104712,0.0166666666666667,0.106666666666667,0.84,0.95,-0.871441341299425,0.89468649920321,0.01,1000,100,"interaction","45","deseq2_pb"
0.238095238095238,0.573529411764706,0.00555555555555556,0.0866666666666667,0.16,0.58,-1.1987288922849,1.21229429000013,0,1000,100,"interaction","46","dream_blind"
0.15,0.555555555555556,0.00333333333333333,0.0722222222222222,0.17,0.52,-1.21779881769521,1.23288646846335,0,1000,100,"interaction","46","dream_napari"
0.15,0.555555555555556,0.00333333333333333,0.0722222222222222,0.17,0.52,-1.21779881769521,1.23288646846335,0,1000,100,"interaction","46","dream_quint"
0.166666666666667,0.425287356321839,0.0222222222222222,0.0822222222222222,1,1,-0.226295071641444,0.435865486663408,0.6,1000,100,"interaction","46","dream_interaction"
0.857566765578635,0.881152460984394,0.642222222222222,0.815555555555556,0.96,0.99,-0.898017720230121,0.922448928351476,NA,1000,100,"interaction","46","seurat_blind"
0.853896103896104,0.87920298879203,0.584444444444444,0.784444444444444,0.9,0.97,-0.898017720230121,0.922448928351476,NA,1000,100,"interaction","46","seurat_napari"
0.853896103896104,0.87920298879203,0.584444444444444,0.784444444444444,0.9,0.97,-0.898017720230121,0.922448928351476,NA,1000,100,"interaction","46","seurat_quint"
0.863501483679525,0.882915173237754,0.646666666666667,0.821111111111111,0.92,0.98,-0.898017720230121,0.922448928351476,NA,1000,100,"interaction","46","wilcoxon"
0.177570093457944,0.454022988505747,0.0211111111111111,0.0877777777777778,0.88,0.95,-0.873695668933576,0.900017936338739,0.01,1000,100,"interaction","46","deseq2_pb"
0.4,0.604651162790698,0.00667408231368187,0.0867630700778643,0.09,0.51,-1.24329011669208,1.25718622743505,0,999,100,"interaction","47","dream_blind"
0.454545454545455,0.695238095238095,0.00556173526140156,0.0812013348164627,0.06,0.32,-1.33079504894238,1.34195861020253,0,999,100,"interaction","47","dream_napari"
0.454545454545455,0.695238095238095,0.00556173526140156,0.0812013348164627,0.06,0.32,-1.33079504894238,1.34195861020253,0,999,100,"interaction","47","dream_quint"
0.253731343283582,0.5850622406639,0.0378197997775306,0.156840934371524,1,1,-0.33538623441627,0.473314007540117,0.52,999,100,"interaction","47","dream_interaction"
0.856702619414484,0.878446115288221,0.617777777777778,0.778888888888889,0.93,0.97,-0.941693904686069,0.972531164151383,NA,1000,100,"interaction","47","seurat_blind"
0.862776025236593,0.879849812265332,0.607777777777778,0.781111111111111,0.87,0.96,-0.941693904686069,0.972531164151383,NA,1000,100,"interaction","47","seurat_napari"
0.862776025236593,0.879849812265332,0.607777777777778,0.781111111111111,0.87,0.96,-0.941693904686069,0.972531164151383,NA,1000,100,"interaction","47","seurat_quint"
0.86969696969697,0.884615384615385,0.637777777777778,0.792222222222222,0.86,0.93,-0.941693904686069,0.972531164151383,NA,1000,100,"interaction","47","wilcoxon"
0.16504854368932,0.5,0.0189309576837416,0.102449888641425,0.86,0.92,-0.895852401727965,0.929527080024289,0.01,998,100,"interaction","47","deseq2_pb"
0.655172413793103,0.656716417910448,0.0211111111111111,0.0977777777777778,0.1,0.46,-1.23555406435411,1.24832396214108,0,1000,100,"interaction","48","dream_blind"
0.676470588235294,0.676470588235294,0.0255555555555556,0.102222222222222,0.11,0.44,-1.26720821803887,1.27993779201693,0,1000,100,"interaction","48","dream_napari"
0.676470588235294,0.676470588235294,0.0255555555555556,0.102222222222222,0.11,0.44,-1.26720821803887,1.27993779201693,0,1000,100,"interaction","48","dream_quint"
0.440677966101695,0.637362637362637,0.0866666666666667,0.193333333333333,0.99,0.99,-0.350463805265783,0.536221907024336,0.54,1000,100,"interaction","48","dream_interaction"
0.863965267727931,0.885441527446301,0.663333333333333,0.824444444444444,0.94,0.96,-0.988513769788239,1.01049043373318,NA,1000,100,"interaction","48","seurat_blind"
0.882800608828006,0.886723507917174,0.644444444444444,0.808888888888889,0.77,0.93,-0.988513769788239,1.01049043373318,NA,1000,100,"interaction","48","seurat_napari"
0.882800608828006,0.886723507917174,0.644444444444444,0.808888888888889,0.77,0.93,-0.988513769788239,1.01049043373318,NA,1000,100,"interaction","48","seurat_quint"
0.885838150289017,0.895933014354067,0.681111111111111,0.832222222222222,0.79,0.87,-0.988513769788239,1.01049043373318,NA,1000,100,"interaction","48","wilcoxon"
0.19047619047619,0.489130434782609,0.0222222222222222,0.1,0.85,0.94,-0.894526862492956,0.92069422020489,0.02,1000,100,"interaction","48","deseq2_pb"
0.321428571428571,0.573333333333333,0.01,0.0955555555555556,0.19,0.64,-1.1731423778159,1.18716101311714,0,1000,100,"interaction","49","dream_blind"
0.227272727272727,0.570469798657718,0.00555555555555556,0.0944444444444444,0.17,0.64,-1.19398424414079,1.20916512777864,0,1000,100,"interaction","49","dream_napari"
0.227272727272727,0.570469798657718,0.00555555555555556,0.0944444444444444,0.17,0.64,-1.19398424414079,1.20916512777864,0,1000,100,"interaction","49","dream_quint"
0.27536231884058,0.487179487179487,0.0422222222222222,0.105555555555556,1,1,-0.177837283338068,0.409048659995961,0.65,1000,100,"interaction","49","dream_interaction"
0.856287425149701,0.88034188034188,0.635555555555556,0.801111111111111,0.96,0.98,-0.894490861302551,0.92241896791692,NA,1000,100,"interaction","49","seurat_blind"
0.859567901234568,0.881462799495586,0.618888888888889,0.776666666666667,0.91,0.94,-0.894490861302551,0.92241896791692,NA,1000,100,"interaction","49","seurat_napari"
0.859567901234568,0.881462799495586,0.618888888888889,0.776666666666667,0.91,0.94,-0.894490861302551,0.92241896791692,NA,1000,100,"interaction","49","seurat_quint"
0.864864864864865,0.886610373944511,0.64,0.816666666666667,0.9,0.94,-0.894490861302551,0.92241896791692,NA,1000,100,"interaction","49","wilcoxon"
0.186915887850467,0.497326203208556,0.0222469410456062,0.103448275862069,0.87,0.94,-0.869371083908883,0.897466992381356,0.03,999,100,"interaction","49","deseq2_pb"
0.285714285714286,0.624113475177305,0.00444444444444444,0.0977777777777778,0.1,0.53,-1.18619086691958,1.1992032825671,0,1000,100,"interaction","5","dream_blind"
0.4,0.517543859649123,0.00888888888888889,0.0655555555555556,0.12,0.55,-1.21282842079752,1.22635011158643,0,1000,100,"interaction","5","dream_napari"
0.4,0.517543859649123,0.00888888888888889,0.0655555555555556,0.12,0.55,-1.21282842079752,1.22635011158643,0,1000,100,"interaction","5","dream_quint"
0.403614457831325,0.591836734693878,0.0744444444444444,0.161111111111111,0.99,1,-0.261977138010739,0.413779379562479,0.66,1000,100,"interaction","5","dream_interaction"
0.855384615384615,0.879754601226994,0.617777777777778,0.796666666666667,0.94,0.98,-0.900330715252809,0.921540170575114,NA,1000,100,"interaction","5","seurat_blind"
0.856687898089172,0.881398252184769,0.597777777777778,0.784444444444444,0.9,0.95,-0.900330715252809,0.921540170575114,NA,1000,100,"interaction","5","seurat_napari"
0.856687898089172,0.881398252184769,0.597777777777778,0.784444444444444,0.9,0.95,-0.900330715252809,0.921540170575114,NA,1000,100,"interaction","5","seurat_quint"
0.864253393665158,0.881851400730816,0.636666666666667,0.804444444444444,0.9,0.97,-0.900330715252809,0.921540170575114,NA,1000,100,"interaction","5","wilcoxon"
0.135922330097087,0.397515527950311,0.0155555555555556,0.0711111111111111,0.89,0.97,-0.850635943094803,0.874003748278743,0,1000,100,"interaction","5","deseq2_pb"
0.294117647058824,0.681818181818182,0.00555555555555556,0.1,0.12,0.42,-1.24467815446196,1.25510110197466,0,1000,100,"interaction","50","dream_blind"
0.363636363636364,0.672268907563025,0.00888888888888889,0.0888888888888889,0.14,0.39,-1.25873062536369,1.27001001159771,0,1000,100,"interaction","50","dream_napari"
0.363636363636364,0.672268907563025,0.00888888888888889,0.0888888888888889,0.14,0.39,-1.25873062536369,1.27001001159771,0,1000,100,"interaction","50","dream_quint"
0.278195488721804,0.554545454545455,0.0411111111111111,0.135555555555556,0.96,0.98,-0.340714036495853,0.533120800107282,0.6,1000,100,"interaction","50","dream_interaction"
0.862371888726208,0.882850241545894,0.654444444444444,0.812222222222222,0.94,0.97,-0.822725817855981,1.03564522007346,NA,1000,100,"interaction","50","seurat_blind"
0.869760479041916,0.882571075401731,0.645555555555556,0.793333333333333,0.87,0.95,-0.822725817855981,1.03564522007346,NA,1000,100,"interaction","50","seurat_napari"
0.869760479041916,0.882571075401731,0.645555555555556,0.793333333333333,0.87,0.95,-0.822725817855981,1.03564522007346,NA,1000,100,"interaction","50","seurat_quint"
0.86734693877551,0.88622754491018,0.661111111111111,0.822222222222222,0.91,0.95,-0.822725817855981,1.03564522007346,NA,1000,100,"interaction","50","wilcoxon"
0.155963302752294,0.481283422459893,0.0189309576837416,0.10022271714922,0.92,0.97,-0.762972876585884,1.27941478294589,0.03,998,100,"interaction","50","deseq2_pb"
0.375,0.676829268292683,0.01,0.123333333333333,0.15,0.53,-1.22676939264425,1.24012596568872,0,1000,100,"interaction","6","dream_blind"
0.315789473684211,0.659574468085106,0.00666666666666667,0.103333333333333,0.13,0.48,-1.2519022196585,1.26583362048638,0,1000,100,"interaction","6","dream_napari"
0.315789473684211,0.659574468085106,0.00666666666666667,0.103333333333333,0.13,0.48,-1.2519022196585,1.26583362048638,0,1000,100,"interaction","6","dream_quint"
0.454545454545455,0.641025641025641,0.0888888888888889,0.194444444444444,0.96,0.98,-0.309122961257999,0.507373102764274,0.64,1000,100,"interaction","6","dream_interaction"
0.876651982378855,0.89112426035503,0.663333333333333,0.836666666666667,0.84,0.92,-0.945245456382341,1.09719901599811,NA,1000,100,"interaction","6","seurat_blind"
0.86697247706422,0.884378843788438,0.63,0.798888888888889,0.87,0.94,-0.945245456382341,1.09719901599811,NA,1000,100,"interaction","6","seurat_napari"
0.86697247706422,0.884378843788438,0.63,0.798888888888889,0.87,0.94,-0.945245456382341,1.09719901599811,NA,1000,100,"interaction","6","seurat_quint"
0.879184861717613,0.891252955082742,0.671111111111111,0.837777777777778,0.83,0.92,-0.945245456382341,1.09719901599811,NA,1000,100,"interaction","6","wilcoxon"
0.103448275862069,0.461077844311377,0.0100111234705228,0.085650723025584,0.78,0.9,-0.839909808059122,1.09953701181545,0,999,100,"interaction","6","deseq2_pb"
0.571428571428571,0.691176470588235,0.00889877641824249,0.104560622914349,0.06,0.42,-1.25867344419565,1.27232329262581,0,999,100,"interaction","7","dream_blind"
0.375,0.682926829268293,0.00333704115684093,0.0934371523915462,0.05,0.39,-1.27214499856386,1.28537027056553,0,999,100,"interaction","7","dream_napari"
0.375,0.682926829268293,0.00333704115684093,0.0934371523915462,0.05,0.39,-1.27214499856386,1.28537027056553,0,999,100,"interaction","7","dream_quint"
0.37888198757764,0.581589958158996,0.067853170189099,0.154616240266963,1,1,-0.307634165721779,0.46374747445514,0.53,999,100,"interaction","7","dream_interaction"
0.862385321100917,0.883720930232558,0.626666666666667,0.802222222222222,0.9,0.95,-0.968400058482769,0.992298220386227,NA,1000,100,"interaction","7","seurat_blind"
0.865414710485133,0.883458646616541,0.614444444444444,0.783333333333333,0.86,0.93,-0.968400058482769,0.992298220386227,NA,1000,100,"interaction","7","seurat_napari"
0.865414710485133,0.883458646616541,0.614444444444444,0.783333333333333,0.86,0.93,-0.968400058482769,0.992298220386227,NA,1000,100,"interaction","7","seurat_quint"
0.868381240544629,0.889025893958076,0.637777777777778,0.801111111111111,0.87,0.9,-0.968400058482769,0.992298220386227,NA,1000,100,"interaction","7","wilcoxon"
0.101123595505618,0.43312101910828,0.0100334448160535,0.0758082497212932,0.8,0.89,-0.910136582558547,0.936215578325797,0,997,100,"interaction","7","deseq2_pb"
0.375,0.664335664335664,0.00667408231368187,0.10567296996663,0.1,0.48,-1.25380523904107,1.26718709580086,0,999,100,"interaction","8","dream_blind"
0.5,0.611111111111111,0.00444938820912125,0.0734149054505006,0.04,0.42,-1.28100262691457,1.29430444441769,0,999,100,"interaction","8","dream_napari"
0.5,0.611111111111111,0.00444938820912125,0.0734149054505006,0.04,0.42,-1.28100262691457,1.29430444441769,0,999,100,"interaction","8","dream_quint"
0.328767123287671,0.583333333333333,0.053392658509455,0.155728587319244,0.98,1,-0.360519637449863,0.529911401313705,0.51,999,100,"interaction","8","dream_interaction"
0.861812778603269,0.882991556091677,0.644444444444444,0.813333333333333,0.93,0.97,-0.919488752467107,0.944217767400654,NA,1000,100,"interaction","8","seurat_blind"
0.867394695787831,0.886533665835411,0.617777777777778,0.79,0.85,0.91,-0.919488752467107,0.944217767400654,NA,1000,100,"interaction","8","seurat_napari"
0.867394695787831,0.886533665835411,0.617777777777778,0.79,0.85,0.91,-0.919488752467107,0.944217767400654,NA,1000,100,"interaction","8","seurat_quint"
0.877581120943953,0.887951807228916,0.661111111111111,0.818888888888889,0.83,0.93,-0.919488752467107,0.944217767400654,NA,1000,100,"interaction","8","wilcoxon"
0.166666666666667,0.432098765432099,0.0189309576837416,0.0779510022271715,0.85,0.92,-0.895539614452885,0.921783096155508,0.01,998,100,"interaction","8","deseq2_pb"
0.272727272727273,0.573913043478261,0.00333333333333333,0.0733333333333333,0.08,0.49,-1.21894783194205,1.23422246375115,0,1000,100,"interaction","9","dream_blind"
0.25,0.556603773584906,0.00333333333333333,0.0655555555555556,0.09,0.47,-1.23540736718932,1.25154953164914,0,1000,100,"interaction","9","dream_napari"
0.25,0.556603773584906,0.00333333333333333,0.0655555555555556,0.09,0.47,-1.23540736718932,1.25154953164914,0,1000,100,"interaction","9","dream_quint"
0.232558139534884,0.521739130434783,0.0333333333333333,0.12,0.99,0.99,-0.309245381656275,0.480236367855574,0.49,1000,100,"interaction","9","dream_interaction"
0.859701492537313,0.880299251870324,0.64,0.784444444444444,0.94,0.96,-0.857157276130035,0.892639077963344,NA,1000,100,"interaction","9","seurat_blind"
0.86286594761171,0.881693648816936,0.622222222222222,0.786666666666667,0.89,0.95,-0.857157276130035,0.892639077963344,NA,1000,100,"interaction","9","seurat_napari"
0.86286594761171,0.881693648816936,0.622222222222222,0.786666666666667,0.89,0.95,-0.857157276130035,0.892639077963344,NA,1000,100,"interaction","9","seurat_quint"
0.865470852017937,0.884004884004884,0.643333333333333,0.804444444444444,0.9,0.95,-0.857157276130035,0.892639077963344,NA,1000,100,"interaction","9","wilcoxon"
0.0824742268041237,0.421686746987952,0.00888888888888889,0.0777777777777778,0.89,0.96,-0.848934971842499,0.885757631284131,0.04,1000,100,"interaction","9","deseq2_pb"
