"fdr_adj","fdr_raw","fpr_adj","fpr_raw","power_adj","power_raw","bias","rmse","ci_coverage","n_genes_scored","n_true_de","scenario","seed","model"
1,1,0.003,0.073,NA,NA,NA,NA,NA,1000,0,"null","1","dream_blind"
1,1,0.002,0.065,NA,NA,NA,NA,NA,1000,0,"null","1","dream_napari"
1,1,0.002,0.065,NA,NA,NA,NA,NA,1000,0,"null","1","dream_quint"
1,1,0.599,0.774,NA,NA,NA,NA,NA,1000,0,"null","1","seurat_blind"
1,1,0.57,0.752,NA,NA,NA,NA,NA,1000,0,"null","1","seurat_napari"
1,1,0.57,0.752,NA,NA,NA,NA,NA,1000,0,"null","1","seurat_quint"
1,1,0.602,0.769,NA,NA,NA,NA,NA,1000,0,"null","1","wilcoxon"
NA,1,0,0.0690690690690691,NA,NA,NA,NA,NA,999,0,"null","1","deseq2_pb"
NA,1,0,0.077,NA,NA,NA,NA,NA,1000,0,"null","10","dream_blind"
NA,1,0,0.075,NA,NA,NA,NA,NA,1000,0,"null","10","dream_napari"
NA,1,0,0.075,NA,NA,NA,NA,NA,1000,0,"null","10","dream_quint"
1,1,0.579,0.78,NA,NA,NA,NA,NA,1000,0,"null","10","seurat_blind"
1,1,0.575,0.761,NA,NA,NA,NA,NA,1000,0,"null","10","seurat_napari"
1,1,0.575,0.761,NA,NA,NA,NA,NA,1000,0,"null","10","seurat_quint"
1,1,0.596,0.786,NA,NA,NA,NA,NA,1000,0,"null","10","wilcoxon"
1,1,0.00600600600600601,0.0720720720720721,NA,NA,NA,NA,NA,999,0,"null","10","deseq2_pb"
NA,1,0,0.0700700700700701,NA,NA,NA,NA,NA,999,0,"null","11","dream_blind"
NA,1,0,0.0550550550550551,NA,NA,NA,NA,NA,999,0,"null","11","dream_napari"
NA,1,0,0.0550550550550551,NA,NA,NA,NA,NA,999,0,"null","11","dream_quint"
1,1,0.607,0.787,NA,NA,NA,NA,NA,1000,0,"null","11","seurat_blind"
1,1,0.579,0.731,NA,NA,NA,NA,NA,1000,0,"null","11","seurat_napari"
1,1,0.579,0.731,NA,NA,NA,NA,NA,1000,0,"null","11","seurat_quint"
1,1,0.615,0.798,NA,NA,NA,NA,NA,1000,0,"null","11","wilcoxon"
NA,1,0,0.0783132530120482,NA,NA,NA,NA,NA,996,0,"null","11","deseq2_pb"
1,1,0.003,0.091,NA,NA,NA,NA,NA,1000,0,"null","12","dream_blind"
1,1,0.001,0.083,NA,NA,NA,NA,NA,1000,0,"null","12","dream_napari"
1,1,0.001,0.083,NA,NA,NA,NA,NA,1000,0,"null","12","dream_quint"
1,1,0.634,0.791,NA,NA,NA,NA,NA,1000,0,"null","12","seurat_blind"
1,1,0.612,0.768,NA,NA,NA,NA,NA,1000,0,"null","12","seurat_napari"
1,1,0.612,0.768,NA,NA,NA,NA,NA,1000,0,"null","12","seurat_quint"
1,1,0.645,0.805,NA,NA,NA,NA,NA,1000,0,"null","12","wilcoxon"
1,1,0.001,0.089,NA,NA,NA,NA,NA,1000,0,"null","12","deseq2_pb"
1,1,0.005005005005005,0.0850850850850851,NA,NA,NA,NA,NA,999,0,"null","13","dream_blind"
1,1,0.002002002002002,0.0710710710710711,NA,NA,NA,NA,NA,999,0,"null","13","dream_napari"
1,1,0.002002002002002,0.0710710710710711,NA,NA,NA,NA,NA,999,0,"null","13","dream_quint"
1,1,0.582,0.765,NA,NA,NA,NA,NA,1000,0,"null","13","seurat_blind"
1,1,0.558,0.73,NA,NA,NA,NA,NA,1000,0,"null","13","seurat_napari"
1,1,0.558,0.73,NA,NA,NA,NA,NA,1000,0,"null","13","seurat_quint"
1,1,0.585,0.768,NA,NA,NA,NA,NA,1000,0,"null","13","wilcoxon"
1,1,0.00100200400801603,0.0771543086172345,NA,NA,NA,NA,NA,998,0,"null","13","deseq2_pb"
1,1,0.007,0.091,NA,NA,NA,NA,NA,1000,0,"null","14","dream_blind"
1,1,0.005,0.081,NA,NA,NA,NA,NA,1000,0,"null","14","dream_napari"
1,1,0.005,0.081,NA,NA,NA,NA,NA,1000,0,"null","14","dream_quint"
1,1,0.639,0.821,NA,NA,NA,NA,NA,1000,0,"null","14","seurat_blind"
1,1,0.614,0.79,NA,NA,NA,NA,NA,1000,0,"null","14","seurat_napari"
1,1,0.614,0.79,NA,NA,NA,NA,NA,1000,0,"null","14","seurat_quint"
1,1,0.646,0.82,NA,NA,NA,NA,NA,1000,0,"null","14","wilcoxon"
NA,1,0,0.0930930930930931,NA,NA,NA,NA,NA,999,0,"null","14","deseq2_pb"
1,1,0.002,0.095,NA,NA,NA,NA,NA,1000,0,"null","15","dream_blind"
NA,1,0,0.085,NA,NA,NA,NA,NA,1000,0,"null","15","dream_napari"
NA,1,0,0.085,NA,NA,NA,NA,NA,1000,0,"null","15","dream_quint"
1,1,0.593,0.786,NA,NA,NA,NA,NA,1000,0,"null","15","seurat_blind"
1,1,0.557,0.745,NA,NA,NA,NA,NA,1000,0,"null","15","seurat_napari"
1,1,0.557,0.745,NA,NA,NA,NA,NA,1000,0,"null","15","seurat_quint"
1,1,0.598,0.789,NA,NA,NA,NA,NA,1000,0,"null","15","wilcoxon"
1,1,0.002,0.074,NA,NA,NA,NA,NA,1000,0,"null","15","deseq2_pb"
1,1,0.001001001001001,0.0910910910910911,NA,NA,NA,NA,NA,999,0,"null","16","dream_blind"
NA,1,0,0.0840840840840841,NA,NA,NA,NA,NA,999,0,"null","16","dream_napari"
NA,1,0,0.0840840840840841,NA,NA,NA,NA,NA,999,0,"null","16","dream_quint"
1,1,0.606,0.79,NA,NA,NA,NA,NA,1000,0,"null","16","seurat_blind"
1,1,0.569,0.751,NA,NA,NA,NA,NA,1000,0,"null","16","seurat_napari"
1,1,0.569,0.751,NA,NA,NA,NA,NA,1000,0,"null","16","seurat_quint"
1,1,0.611,0.816,NA,NA,NA,NA,NA,1000,0,"null","16","wilcoxon"
1,1,0.00100200400801603,0.0861723446893788,NA,NA,NA,NA,NA,998,0,"null","16","deseq2_pb"
1,1,0.009,0.093,NA,NA,NA,NA,NA,1000,0,"null","17","dream_blind"
1,1,0.003,0.07,NA,NA,NA,NA,NA,1000,0,"null","17","dream_napari"
1,1,0.003,0.07,NA,NA,NA,NA,NA,1000,0,"null","17","dream_quint"
1,1,0.609,0.798,NA,NA,NA,NA,NA,1000,0,"null","17","seurat_blind"
1,1,0.572,0.764,NA,NA,NA,NA,NA,1000,0,"null","17","seurat_napari"
1,1,0.572,0.764,NA,NA,NA,NA,NA,1000,0,"null","17","seurat_quint"
1,1,0.605,0.799,NA,NA,NA,NA,NA,1000,0,"null","17","wilcoxon"
NA,1,0,0.082,NA,NA,NA,NA,NA,1000,0,"null","17","deseq2_pb"
NA,1,0,0.096,NA,NA,NA,NA,NA,1000,0,"null","18","dream_blind"
NA,1,0,0.097,NA,NA,NA,NA,NA,1000,0,"null","18","dream_napari"
NA,1,0,0.097,NA,NA,NA,NA,NA,1000,0,"null","18","dream_quint"
1,1,0.6,0.774,NA,NA,NA,NA,NA,1000,0,"null","18","seurat_blind"
1,1,0.581,0.75,NA,NA,NA,NA,NA,1000,0,"null","18","seurat_napari"
1,1,0.581,0.75,NA,NA,NA,NA,NA,1000,0,"null","18","seurat_quint"
1,1,0.616,0.789,NA,NA,NA,NA,NA,1000,0,"null","18","wilcoxon"
1,1,0.00501002004008016,0.0831663326653307,NA,NA,NA,NA,NA,998,0,"null","18","deseq2_pb"
1,1,0.005005005005005,0.0950950950950951,NA,NA,NA,NA,NA,999,0,"null","19","dream_blind"
1,1,0.00600600600600601,0.0830830830830831,NA,NA,NA,NA,NA,999,0,"null","19","dream_napari"
1,1,0.00600600600600601,0.0830830830830831,NA,NA,NA,NA,NA,999,0,"null","19","dream_quint"
1,1,0.604,0.796,NA,NA,NA,NA,NA,1000,0,"null","19","seurat_blind"
1,1,0.597,0.784,NA,NA,NA,NA,NA,1000,0,"null","19","seurat_napari"
1,1,0.597,0.784,NA,NA,NA,NA,NA,1000,0,"null","19","seurat_quint"
1,1,0.608,0.809,NA,NA,NA,NA,NA,1000,0,"null","19","wilcoxon"
1,1,0.0030060120240481,0.0821643286573146,NA,NA,NA,NA,NA,998,0,"null","19","deseq2_pb"
NA,1,0,0.101,NA,NA,NA,NA,NA,1000,0,"null","2","dream_blind"
1,1,0.003,0.096,NA,NA,NA,NA,NA,1000,0,"null","2","dream_napari"
1,1,0.003,0.096,NA,NA,NA,NA,NA,1000,0,"null","2","dream_quint"
1,1,0.621,0.769,NA,NA,NA,NA,NA,1000,0,"null","2","seurat_blind"
1,1,0.583,0.755,NA,NA,NA,NA,NA,1000,0,"null","2","seurat_napari"
1,1,0.583,0.755,NA,NA,NA,NA,NA,1000,0,"null","2","seurat_quint"
1,1,0.634,0.785,NA,NA,NA,NA,NA,1000,0,"null","2","wilcoxon"
1,1,0.002,0.089,NA,NA,NA,NA,NA,1000,0,"null","2","deseq2_pb"
1,1,0.004,0.098,NA,NA,NA,NA,NA,1000,0,"null","20","dream_blind"
1,1,0.002,0.094,NA,NA,NA,NA,NA,1000,0,"null","20","dream_napari"
1,1,0.002,0.094,NA,NA,NA,NA,NA,1000,0,"null","20","dream_quint"
1,1,0.613,0.798,NA,NA,NA,NA,NA,1000,0,"null","20","seurat_blind"
1,1,0.596,0.782,NA,NA,NA,NA,NA,1000,0,"null","20","seurat_napari"
1,1,0.596,0.782,NA,NA,NA,NA,NA,1000,0,"null","20","seurat_quint"
1,1,0.622,0.809,NA,NA,NA,NA,NA,1000,0,"null","20","wilcoxon"
1,1,0.005,0.095,NA,NA,NA,NA,NA,1000,0,"null","20","deseq2_pb"
1,1,0.003,0.09,NA,NA,NA,NA,NA,1000,0,"null","21","dream_blind"
NA,1,0,0.089,NA,NA,NA,NA,NA,1000,0,"null","21","dream_napari"
NA,1,0,0.089,NA,NA,NA,NA,NA,1000,0,"null","21","dream_quint"
1,1,0.631,0.791,NA,NA,NA,NA,NA,1000,0,"null","21","seurat_blind"
1,1,0.626,0.786,NA,NA,NA,NA,NA,1000,0,"null","21","seurat_napari"
1,1,0.626,0.786,NA,NA,NA,NA,NA,1000,0,"null","21","seurat_quint"
1,1,0.642,0.797,NA,NA,NA,NA,NA,1000,0,"null","21","wilcoxon"
1,1,0.003,0.081,NA,NA,NA,NA,NA,1000,0,"null","21","deseq2_pb"
1,1,0.001,0.097,NA,NA,NA,NA,NA,1000,0,"null","22","dream_blind"
NA,1,0,0.089,NA,NA,NA,NA,NA,1000,0,"null","22","dream_napari"
NA,1,0,0.089,NA,NA,NA,NA,NA,1000,0,"null","22","dream_quint"
1,1,0.614,0.785,NA,NA,NA,NA,NA,1000,0,"null","22","seurat_blind"
1,1,0.586,0.772,NA,NA,NA,NA,NA,1000,0,"null","22","seurat_napari"
1,1,0.586,0.772,NA,NA,NA,NA,NA,1000,0,"null","22","seurat_quint"
1,1,0.61,0.803,NA,NA,NA,NA,NA,1000,0,"null","22","wilcoxon"
NA,1,0,0.08,NA,NA,NA,NA,NA,1000,0,"null","22","deseq2_pb"
1,1,0.012,0.087,NA,NA,NA,NA,NA,1000,0,"null","23","dream_blind"
1,1,0.007,0.075,NA,NA,NA,NA,NA,1000,0,"null","23","dream_napari"
1,1,0.007,0.075,NA,NA,NA,NA,NA,1000,0,"null","23","dream_quint"
1,1,0.606,0.788,NA,NA,NA,NA,NA,1000,0,"null","23","seurat_blind"
1,1,0.579,0.762,NA,NA,NA,NA,NA,1000,0,"null","23","seurat_napari"
1,1,0.579,0.762,NA,NA,NA,NA,NA,1000,0,"null","23","seurat_quint"
1,1,0.615,0.79,NA,NA,NA,NA,NA,1000,0,"null","23","wilcoxon"
1,1,0.0030060120240481,0.0791583166332665,NA,NA,NA,NA,NA,998,0,"null","23","deseq2_pb"
NA,1,0,0.085,NA,NA,NA,NA,NA,1000,0,"null","24","dream_blind"
NA,1,0,0.073,NA,NA,NA,NA,NA,1000,0,"null","24","dream_napari"
NA,1,0,0.073,NA,NA,NA,NA,NA,1000,0,"null","24","dream_quint"
1,1,0.634,0.807,NA,NA,NA,NA,NA,1000,0,"null","24","seurat_blind"
1,1,0.601,0.78,NA,NA,NA,NA,NA,1000,0,"null","24","seurat_napari"
1,1,0.601,0.78,NA,NA,NA,NA,NA,1000,0,"null","24","seurat_quint"
1,1,0.639,0.808,NA,NA,NA,NA,NA,1000,0,"null","24","wilcoxon"
1,1,0.002002002002002,0.0790790790790791,NA,NA,NA,NA,NA,999,0,"null","24","deseq2_pb"
1,1,0.003,0.082,NA,NA,NA,NA,NA,1000,0,"null","25","dream_blind"
1,1,0.001,0.083,NA,NA,NA,NA,NA,1000,0,"null","25","dream_napari"
1,1,0.001,0.083,NA,NA,NA,NA,NA,1000,0,"null","25","dream_quint"
1,1,0.62,0.81,NA,NA,NA,NA,NA,1000,0,"null","25","seurat_blind"
1,1,0.605,0.775,NA,NA,NA,NA,NA,1000,0,"null","25","seurat_napari"
1,1,0.605,0.775,NA,NA,NA,NA,NA,1000,0,"null","25","seurat_quint"
1,1,0.65,0.828,NA,NA,NA,NA,NA,1000,0,"null","25","wilcoxon"
1,1,0.003,0.077,NA,NA,NA,NA,NA,1000,0,"null","25","deseq2_pb"
1,1,0.002,0.084,NA,NA,NA,NA,NA,1000,0,"null","26","dream_blind"
1,1,0.00200400801603206,0.0761523046092184,NA,NA,NA,NA,NA,998,0,"null","26","dream_napari"
1,1,0.00200400801603206,0.0761523046092184,NA,NA,NA,NA,NA,998,0,"null","26","dream_quint"
1,1,0.623,0.786,NA,NA,NA,NA,NA,1000,0,"null","26","seurat_blind"
1,1,0.606,0.772,NA,NA,NA,NA,NA,1000,0,"null","26","seurat_napari"
1,1,0.606,0.772,NA,NA,NA,NA,NA,1000,0,"null","26","seurat_quint"
1,1,0.639,0.789,NA,NA,NA,NA,NA,1000,0,"null","26","wilcoxon"
NA,1,0,0.08,NA,NA,NA,NA,NA,1000,0,"null","26","deseq2_pb"
1,1,0.001,0.076,NA,NA,NA,NA,NA,1000,0,"null","27","dream_blind"
1,1,0.001,0.077,NA,NA,NA,NA,NA,1000,0,"null","27","dream_napari"
1,1,0.001,0.077,NA,NA,NA,NA,NA,1000,0,"null","27","dream_quint"
1,1,0.592,0.749,NA,NA,NA,NA,NA,1000,0,"null","27","seurat_blind"
1,1,0.568,0.76,NA,NA,NA,NA,NA,1000,0,"null","27","seurat_napari"
1,1,0.568,0.76,NA,NA,NA,NA,NA,1000,0,"null","27","seurat_quint"
1,1,0.604,0.769,NA,NA,NA,NA,NA,1000,0,"null","27","wilcoxon"
NA,1,0,0.0760760760760761,NA,NA,NA,NA,NA,999,0,"null","27","deseq2_pb"
1,1,0.005,0.095,NA,NA,NA,NA,NA,1000,0,"null","28","dream_blind"
1,1,0.008,0.087,NA,NA,NA,NA,NA,1000,0,"null","28","dream_napari"
1,1,0.008,0.087,NA,NA,NA,NA,NA,1000,0,"null","28","dream_quint"
1,1,0.605,0.803,NA,NA,NA,NA,NA,1000,0,"null","28","seurat_blind"
1,1,0.601,0.765,NA,NA,NA,NA,NA,1000,0,"null","28","seurat_napari"
1,1,0.601,0.765,NA,NA,NA,NA,NA,1000,0,"null","28","seurat_quint"
1,1,0.622,0.812,NA,NA,NA,NA,NA,1000,0,"null","28","wilcoxon"
1,1,0.003,0.077,NA,NA,NA,NA,NA,1000,0,"null","28","deseq2_pb"
NA,1,0,0.108216432865731,NA,NA,NA,NA,NA,998,0,"null","29","dream_blind"
NA,1,0,0.0981963927855711,NA,NA,NA,NA,NA,998,0,"null","29","dream_napari"
NA,1,0,0.0981963927855711,NA,NA,NA,NA,NA,998,0,"null","29","dream_quint"
1,1,0.599,0.776,NA,NA,NA,NA,NA,1000,0,"null","29","seurat_blind"
1,1,0.588,0.769,NA,NA,NA,NA,NA,1000,0,"null","29","seurat_napari"
1,1,0.588,0.769,NA,NA,NA,NA,NA,1000,0,"null","29","seurat_quint"
1,1,0.612,0.786,NA,NA,NA,NA,NA,1000,0,"null","29","wilcoxon"
1,1,0.00400801603206413,0.102204408817635,NA,NA,NA,NA,NA,998,0,"null","29","deseq2_pb"
1,1,0.013,0.094,NA,NA,NA,NA,NA,1000,0,"null","3","dream_blind"
1,1,0.011,0.083,NA,NA,NA,NA,NA,1000,0,"null","3","dream_napari"
1,1,0.011,0.083,NA,NA,NA,NA,NA,1000,0,"null","3","dream_quint"
1,1,0.646,0.805,NA,NA,NA,NA,NA,1000,0,"null","3","seurat_blind"
1,1,0.642,0.783,NA,NA,NA,NA,NA,1000,0,"null","3","seurat_napari"
1,1,0.642,0.783,NA,NA,NA,NA,NA,1000,0,"null","3","seurat_quint"
1,1,0.655,0.822,NA,NA,NA,NA,NA,1000,0,"null","3","wilcoxon"
1,1,0.002002002002002,0.0980980980980981,NA,NA,NA,NA,NA,999,0,"null","3","deseq2_pb"
1,1,0.006,0.088,NA,NA,NA,NA,NA,1000,0,"null","30","dream_blind"
1,1,0.005,0.078,NA,NA,NA,NA,NA,1000,0,"null","30","dream_napari"
1,1,0.005,0.078,NA,NA,NA,NA,NA,1000,0,"null","30","dream_quint"
1,1,0.576,0.752,NA,NA,NA,NA,NA,1000,0,"null","30","seurat_blind"
1,1,0.577,0.743,NA,NA,NA,NA,NA,1000,0,"null","30","seurat_napari"
1,1,0.577,0.743,NA,NA,NA,NA,NA,1000,0,"null","30","seurat_quint"
1,1,0.599,0.769,NA,NA,NA,NA,NA,1000,0,"null","30","wilcoxon"
1,1,0.00501002004008016,0.0721442885771543,NA,NA,NA,NA,NA,998,0,"null","30","deseq2_pb"
1,1,0.007,0.08,NA,NA,NA,NA,NA,1000,0,"null","31","dream_blind"
1,1,0.004,0.079,NA,NA,NA,NA,NA,1000,0,"null","31","dream_napari"
1,1,0.004,0.079,NA,NA,NA,NA,NA,1000,0,"null","31","dream_quint"
1,1,0.586,0.777,NA,NA,NA,NA,NA,1000,0,"null","31","seurat_blind"
1,1,0.569,0.759,NA,NA,NA,NA,NA,1000,0,"null","31","seurat_napari"
1,1,0.569,0.759,NA,NA,NA,NA,NA,1000,0,"null","31","seurat_quint"
1,1,0.597,0.785,NA,NA,NA,NA,NA,1000,0,"null","31","wilcoxon"
NA,1,0,0.062,NA,NA,NA,NA,NA,1000,0,"null","31","deseq2_pb"
1,1,0.006,0.101,NA,NA,NA,NA,NA,1000,0,"null","32","dream_blind"
1,1,0.001,0.093,NA,NA,NA,NA,NA,1000,0,"null","32","dream_napari"
1,1,0.001,0.093,NA,NA,NA,NA,NA,1000,0,"null","32","dream_quint"
1,1,0.596,0.786,NA,NA,NA,NA,NA,1000,0,"null","32","seurat_blind"
1,1,0.602,0.754,NA,NA,NA,NA,NA,1000,0,"null","32","seurat_napari"
1,1,0.602,0.754,NA,NA,NA,NA,NA,1000,0,"null","32","seurat_quint"
1,1,0.613,0.788,NA,NA,NA,NA,NA,1000,0,"null","32","wilcoxon"
1,1,0.003,0.078,NA,NA,NA,NA,NA,1000,0,"null","32","deseq2_pb"
1,1,0.004,0.095,NA,NA,NA,NA,NA,1000,0,"null","33","dream_blind"
1,1,0.003,0.104,NA,NA,NA,NA,NA,1000,0,"null","33","dream_napari"
1,1,0.003,0.104,NA,NA,NA,NA,NA,1000,0,"null","33","dream_quint"
1,1,0.604,0.788,NA,NA,NA,NA,NA,1000,0,"null","33","seurat_blind"
1,1,0.59,0.78,NA,NA,NA,NA,NA,1000,0,"null","33","seurat_napari"
1,1,0.59,0.78,NA,NA,NA,NA,NA,1000,0,"null","33","seurat_quint"
1,1,0.63,0.793,NA,NA,NA,NA,NA,1000,0,"null","33","wilcoxon"
1,1,0.001001001001001,0.0720720720720721,NA,NA,NA,NA,NA,999,0,"null","33","deseq2_pb"
1,1,0.006,0.091,NA,NA,NA,NA,NA,1000,0,"null","34","dream_blind"
1,1,0.008,0.078,NA,NA,NA,NA,NA,1000,0,"null","34","dream_napari"
1,1,0.008,0.078,NA,NA,NA,NA,NA,1000,0,"null","34","dream_quint"
1,1,0.65,0.823,NA,NA,NA,NA,NA,1000,0,"null","34","seurat_blind"
1,1,0.626,0.798,NA,NA,NA,NA,NA,1000,0,"null","34","seurat_napari"
1,1,0.626,0.798,NA,NA,NA,NA,NA,1000,0,"null","34","seurat_quint"
1,1,0.662,0.82,NA,NA,NA,NA,NA,1000,0,"null","34","wilcoxon"
1,1,0.003003003003003,0.0980980980980981,NA,NA,NA,NA,NA,999,0,"null","34","deseq2_pb"
1,1,0.005,0.088,NA,NA,NA,NA,NA,1000,0,"null","35","dream_blind"
1,1,0.001,0.082,NA,NA,NA,NA,NA,1000,0,"null","35","dream_napari"
1,1,0.001,0.082,NA,NA,NA,NA,NA,1000,0,"null","35","dream_quint"
1,1,0.631,0.8,NA,NA,NA,NA,NA,1000,0,"null","35","seurat_blind"
1,1,0.586,0.771,NA,NA,NA,NA,NA,1000,0,"null","35","seurat_napari"
1,1,0.586,0.771,NA,NA,NA,NA,NA,1000,0,"null","35","seurat_quint"
1,1,0.645,0.799,NA,NA,NA,NA,NA,1000,0,"null","35","wilcoxon"
1,1,0.005005005005005,0.0790790790790791,NA,NA,NA,NA,NA,999,0,"null","35","deseq2_pb"
1,1,0.002002002002002,0.0890890890890891,NA,NA,NA,NA,NA,999,0,"null","36","dream_blind"
1,1,0.003003003003003,0.0720720720720721,NA,NA,NA,NA,NA,999,0,"null","36","dream_napari"
1,1,0.003003003003003,0.0720720720720721,NA,NA,NA,NA,NA,999,0,"null","36","dream_quint"
1,1,0.628,0.803,NA,NA,NA,NA,NA,1000,0,"null","36","seurat_blind"
1,1,0.583,0.774,NA,NA,NA,NA,NA,1000,0,"null","36","seurat_napari"
1,1,0.583,0.774,NA,NA,NA,NA,NA,1000,0,"null","36","seurat_quint"
1,1,0.631,0.815,NA,NA,NA,NA,NA,1000,0,"null","36","wilcoxon"
1,1,0.00700700700700701,0.0760760760760761,NA,NA,NA,NA,NA,999,0,"null","36","deseq2_pb"
1,1,0.002,0.078,NA,NA,NA,NA,NA,1000,0,"null","37","dream_blind"
1,1,0.005,0.069,NA,NA,NA,NA,NA,1000,0,"null","37","dream_napari"
1,1,0.005,0.069,NA,NA,NA,NA,NA,1000,0,"null","37","dream_quint"
1,1,0.596,0.787,NA,NA,NA,NA,NA,1000,0,"null","37","seurat_blind"
1,1,0.571,0.76,NA,NA,NA,NA,NA,1000,0,"null","37","seurat_napari"
1,1,0.571,0.76,NA,NA,NA,NA,NA,1000,0,"null","37","seurat_quint"
1,1,0.611,0.804,NA,NA,NA,NA,NA,1000,0,"null","37","wilcoxon"
1,1,0.001,0.075,NA,NA,NA,NA,NA,1000,0,"null","37","deseq2_pb"
1,1,0.006,0.111,NA,NA,NA,NA,NA,1000,0,"null","38","dream_blind"
1,1,0.005,0.097,NA,NA,NA,NA,NA,1000,0,"null","38","dream_napari"
1,1,0.005,0.097,NA,NA,NA,NA,NA,1000,0,"null","38","dream_quint"
1,1,0.577,0.768,NA,NA,NA,NA,NA,1000,0,"null","38","seurat_blind"
1,1,0.589,0.754,NA,NA,NA,NA,NA,1000,0,"null","38","seurat_napari"
1,1,0.589,0.754,NA,NA,NA,NA,NA,1000,0,"null","38","seurat_quint"
1,1,0.6,0.773,NA,NA,NA,NA,NA,1000,0,"null","38","wilcoxon"
1,1,0.00501504513540622,0.0812437311935807,NA,NA,NA,NA,NA,997,0,"null","38","deseq2_pb"
NA,1,0,0.063,NA,NA,NA,NA,NA,1000,0,"null","39","dream_blind"
1,1,0.001001001001001,0.0540540540540541,NA,NA,NA,NA,NA,999,0,"null","39","dream_napari"
1,1,0.001001001001001,0.0540540540540541,NA,NA,NA,NA,NA,999,0,"null","39","dream_quint"
1,1,0.577,0.773,NA,NA,NA,NA,NA,1000,0,"null","39","seurat_blind"
1,1,0.553,0.755,NA,NA,NA,NA,NA,1000,0,"null","39","seurat_napari"
1,1,0.553,0.755,NA,NA,NA,NA,NA,1000,0,"null","39","seurat_quint"
1,1,0.582,0.775,NA,NA,NA,NA,NA,1000,0,"null","39","wilcoxon"
1,1,0.00100200400801603,0.0551102204408818,NA,NA,NA,NA,NA,998,0,"null","39","deseq2_pb"
1,1,0.001,0.061,NA,NA,NA,NA,NA,1000,0,"null","4","dream_blind"
1,1,0.002,0.063,NA,NA,NA,NA,NA,1000,0,"null","4","dream_napari"
1,1,0.002,0.063,NA,NA,NA,NA,NA,1000,0,"null","4","dream_quint"
1,1,0.618,0.801,NA,NA,NA,NA,NA,1000,0,"null","4","seurat_blind"
1,1,0.597,0.777,NA,NA,NA,NA,NA,1000,0,"null","4","seurat_napari"
1,1,0.597,0.777,NA,NA,NA,NA,NA,1000,0,"null","4","seurat_quint"
1,1,0.642,0.809,NA,NA,NA,NA,NA,1000,0,"null","4","wilcoxon"
NA,1,0,0.068,NA,NA,NA,NA,NA,1000,0,"null","4","deseq2_pb"
1,1,0.002,0.086,NA,NA,NA,NA,NA,1000,0,"null","40","dream_blind"
1,1,0.002,0.082,NA,NA,NA,NA,NA,1000,0,"null","40","dream_napari"
1,1,0.002,0.082,NA,NA,NA,NA,NA,1000,0,"null","40","dream_quint"
1,1,0.592,0.773,NA,NA,NA,NA,NA,1000,0,"null","40","seurat_blind"
1,1,0.586,0.766,NA,NA,NA,NA,NA,1000,0,"null","40","seurat_napari"
1,1,0.586,0.766,NA,NA,NA,NA,NA,1000,0,"null","40","seurat_quint"
1,1,0.606,0.791,NA,NA,NA,NA,NA,1000,0,"null","40","wilcoxon"
1,1,0.00200400801603206,0.0871743486973948,NA,NA,NA,NA,NA,998,0,"null","40","deseq2_pb"
1,1,0.005,0.092,NA,NA,NA,NA,NA,1000,0,"null","41","dream_blind"
1,1,0.005,0.079,NA,NA,NA,NA,NA,1000,0,"null","41","dream_napari"
1,1,0.005,0.079,NA,NA,NA,NA,NA,1000,0,"null","41","dream_quint"
1,1,0.597,0.776,NA,NA,NA,NA,NA,1000,0,"null","41","seurat_blind"
1,1,0.593,0.763,NA,NA,NA,NA,NA,1000,0,"null","41","seurat_napari"
1,1,0.593,0.763,NA,NA,NA,NA,NA,1000,0,"null","41","seurat_quint"
1,1,0.614,0.783,NA,NA,NA,NA,NA,1000,0,"null","41","wilcoxon"
NA,1,0,0.0781563126252505,NA,NA,NA,NA,NA,998,0,"null","41","deseq2_pb"
1,1,0.004,0.108,NA,NA,NA,NA,NA,1000,0,"null","42","dream_blind"
1,1,0.003,0.086,NA,NA,NA,NA,NA,1000,0,"null","42","dream_napari"
1,1,0.003,0.086,NA,NA,NA,NA,NA,1000,0,"null","42","dream_quint"
1,1,0.612,0.796,NA,NA,NA,NA,NA,1000,0,"null","42","seurat_blind"
1,1,0.588,0.765,NA,NA,NA,NA,NA,1000,0,"null","42","seurat_napari"
1,1,0.588,0.765,NA,NA,NA,NA,NA,1000,0,"null","42","seurat_quint"
1,1,0.621,0.794,NA,NA,NA,NA,NA,1000,0,"null","42","wilcoxon"
1,1,0.003,0.086,NA,NA,NA,NA,NA,1000,0,"null","42","deseq2_pb"
1,1,0.002,0.076,NA,NA,NA,NA,NA,1000,0,"null","43","dream_blind"
1,1,0.001,0.061,NA,NA,NA,NA,NA,1000,0,"null","43","dream_napari"
1,1,0.001,0.061,NA,NA,NA,NA,NA,1000,0,"null","43","dream_quint"
1,1,0.606,0.786,NA,NA,NA,NA,NA,1000,0,"null","43","seurat_blind"
1,1,0.577,0.755,NA,NA,NA,NA,NA,1000,0,"null","43","seurat_napari"
1,1,0.577,0.755,NA,NA,NA,NA,NA,1000,0,"null","43","seurat_quint"
1,1,0.613,0.791,NA,NA,NA,NA,NA,1000,0,"null","43","wilcoxon"
1,1,0.002,0.068,NA,NA,NA,NA,NA,1000,0,"null","43","deseq2_pb"
1,1,0.00701402805611222,0.0881763527054108,NA,NA,NA,NA,NA,998,0,"null","44","dream_blind"
NA,1,0,0.0751503006012024,NA,NA,NA,NA,NA,998,0,"null","44","dream_napari"
NA,1,0,0.0751503006012024,NA,NA,NA,NA,NA,998,0,"null","44","dream_quint"
1,1,0.589,0.785,NA,NA,NA,NA,NA,1000,0,"null","44","seurat_blind"
1,1,0.568,0.757,NA,NA,NA,NA,NA,1000,0,"null","44","seurat_napari"
1,1,0.568,0.757,NA,NA,NA,NA,NA,1000,0,"null","44","seurat_quint"
1,1,0.597,0.783,NA,NA,NA,NA,NA,1000,0,"null","44","wilcoxon"
1,1,0.00100401606425703,0.0823293172690763,NA,NA,NA,NA,NA,996,0,"null","44","deseq2_pb"
1,1,0.005,0.105,NA,NA,NA,NA,NA,1000,0,"null","45","dream_blind"
1,1,0.005,0.083,NA,NA,NA,NA,NA,1000,0,"null","45","dream_napari"
1,1,0.005,0.083,NA,NA,NA,NA,NA,1000,0,"null","45","dream_quint"
1,1,0.613,0.8,NA,NA,NA,NA,NA,1000,0,"null","45","seurat_blind"
1,1,0.586,0.773,NA,NA,NA,NA,NA,1000,0,"null","45","seurat_napari"
1,1,0.586,0.773,NA,NA,NA,NA,NA,1000,0,"null","45","seurat_quint"
1,1,0.623,0.802,NA,NA,NA,NA,NA,1000,0,"null","45","wilcoxon"
1,1,0.002002002002002,0.0800800800800801,NA,NA,NA,NA,NA,999,0,"null","45","deseq2_pb"
1,1,0.005,0.098,NA,NA,NA,NA,NA,1000,0,"null","46","dream_blind"
1,1,0.004,0.083,NA,NA,NA,NA,NA,1000,0,"null","46","dream_napari"
1,1,0.004,0.083,NA,NA,NA,NA,NA,1000,0,"null","46","dream_quint"
1,1,0.625,0.805,NA,NA,NA,NA,NA,1000,0,"null","46","seurat_blind"
1,1,0.581,0.758,NA,NA,NA,NA,NA,1000,0,"null","46","seurat_napari"
1,1,0.581,0.758,NA,NA,NA,NA,NA,1000,0,"null","46","seurat_quint"
1,1,0.626,0.791,NA,NA,NA,NA,NA,1000,0,"null","46","wilcoxon"
1,1,0.003,0.076,NA,NA,NA,NA,NA,1000,0,"null","46","deseq2_pb"
1,1,0.002002002002002,0.0790790790790791,NA,NA,NA,NA,NA,999,0,"null","47","dream_blind"
1,1,0.002002002002002,0.0730730730730731,NA,NA,NA,NA,NA,999,0,"null","47","dream_napari"
1,1,0.002002002002002,0.0730730730730731,NA,NA,NA,NA,NA,999,0,"null","47","dream_quint"
1,1,0.602,0.778,NA,NA,NA,NA,NA,1000,0,"null","47","seurat_blind"
1,1,0.589,0.765,NA,NA,NA,NA,NA,1000,0,"null","47","seurat_napari"
1,1,0.589,0.765,NA,NA,NA,NA,NA,1000,0,"null","47","seurat_quint"
1,1,0.618,0.79,NA,NA,NA,NA,NA,1000,0,"null","47","wilcoxon"
1,1,0.00200400801603206,0.0801603206412826,NA,NA,NA,NA,NA,998,0,"null","47","deseq2_pb"
1,1,0.009,0.089,NA,NA,NA,NA,NA,1000,0,"null","48","dream_blind"
1,1,0.007,0.085,NA,NA,NA,NA,NA,1000,0,"null","48","dream_napari"
1,1,0.007,0.085,NA,NA,NA,NA,NA,1000,0,"null","48","dream_quint"
1,1,0.616,0.801,NA,NA,NA,NA,NA,1000,0,"null","48","seurat_blind"
1,1,0.619,0.791,NA,NA,NA,NA,NA,1000,0,"null","48","seurat_napari"
1,1,0.619,0.791,NA,NA,NA,NA,NA,1000,0,"null","48","seurat_quint"
1,1,0.621,0.809,NA,NA,NA,NA,NA,1000,0,"null","48","wilcoxon"
NA,1,0,0.088,NA,NA,NA,NA,NA,1000,0,"null","48","deseq2_pb"
1,1,0.001,0.092,NA,NA,NA,NA,NA,1000,0,"null","49","dream_blind"
1,1,0.001,0.083,NA,NA,NA,NA,NA,1000,0,"null","49","dream_napari"
1,1,0.001,0.083,NA,NA,NA,NA,NA,1000,0,"null","49","dream_quint"
1,1,0.62,0.786,NA,NA,NA,NA,NA,1000,0,"null","49","seurat_blind"
1,1,0.592,0.751,NA,NA,NA,NA,NA,1000,0,"null","49","seurat_napari"
1,1,0.592,0.751,NA,NA,NA,NA,NA,1000,0,"null","49","seurat_quint"
1,1,0.624,0.802,NA,NA,NA,NA,NA,1000,0,"null","49","wilcoxon"
1,1,0.004004004004004,0.0800800800800801,NA,NA,NA,NA,NA,999,0,"null","49","deseq2_pb"
NA,1,0,0.098,NA,NA,NA,NA,NA,1000,0,"null","5","dream_blind"
1,1,0.002,0.07,NA,NA,NA,NA,NA,1000,0,"null","5","dream_napari"
1,1,0.002,0.07,NA,NA,NA,NA,NA,1000,0,"null","5","dream_quint"
1,1,0.619,0.795,NA,NA,NA,NA,NA,1000,0,"null","5","seurat_blind"
1,1,0.584,0.766,NA,NA,NA,NA,NA,1000,0,"null","5","seurat_napari"
1,1,0.584,0.766,NA,NA,NA,NA,NA,1000,0,"null","5","seurat_quint"
1,1,0.623,0.797,NA,NA,NA,NA,NA,1000,0,"null","5","wilcoxon"
NA,1,0,0.067,NA,NA,NA,NA,NA,1000,0,"null","5","deseq2_pb"
1,1,0.00600600600600601,0.0840840840840841,NA,NA,NA,NA,NA,999,0,"null","50","dream_blind"
1,1,0.004004004004004,0.0830830830830831,NA,NA,NA,NA,NA,999,0,"null","50","dream_napari"
1,1,0.004004004004004,0.0830830830830831,NA,NA,NA,NA,NA,999,0,"null","50","dream_quint"
1,1,0.646,0.785,NA,NA,NA,NA,NA,1000,0,"null","50","seurat_blind"
1,1,0.617,0.781,NA,NA,NA,NA,NA,1000,0,"null","50","seurat_napari"
1,1,0.617,0.781,NA,NA,NA,NA,NA,1000,0,"null","50","seurat_quint"
1,1,0.652,0.799,NA,NA,NA,NA,NA,1000,0,"null","50","wilcoxon"
1,1,0.00100300902708124,0.0912738214643932,NA,NA,NA,NA,NA,997,0,"null","50","deseq2_pb"
1,1,0.001001001001001,0.0930930930930931,NA,NA,NA,NA,NA,999,0,"null","6","dream_blind"
1,1,0.002002002002002,0.0750750750750751,NA,NA,NA,NA,NA,999,0,"null","6","dream_napari"
1,1,0.002002002002002,0.0750750750750751,NA,NA,NA,NA,NA,999,0,"null","6","dream_quint"
1,1,0.634,0.802,NA,NA,NA,NA,NA,1000,0,"null","6","seurat_blind"
1,1,0.61,0.777,NA,NA,NA,NA,NA,1000,0,"null","6","seurat_napari"
1,1,0.61,0.777,NA,NA,NA,NA,NA,1000,0,"null","6","seurat_quint"
1,1,0.638,0.804,NA,NA,NA,NA,NA,1000,0,"null","6","wilcoxon"
NA,1,0,0.0802407221664995,NA,NA,NA,NA,NA,997,0,"null","6","deseq2_pb"
NA,1,0,0.0860860860860861,NA,NA,NA,NA,NA,999,0,"null","7","dream_blind"
1,1,0.001001001001001,0.0730730730730731,NA,NA,NA,NA,NA,999,0,"null","7","dream_napari"
1,1,0.001001001001001,0.0730730730730731,NA,NA,NA,NA,NA,999,0,"null","7","dream_quint"
1,1,0.641,0.815,NA,NA,NA,NA,NA,1000,0,"null","7","seurat_blind"
1,1,0.604,0.776,NA,NA,NA,NA,NA,1000,0,"null","7","seurat_napari"
1,1,0.604,0.776,NA,NA,NA,NA,NA,1000,0,"null","7","seurat_quint"
1,1,0.64,0.81,NA,NA,NA,NA,NA,1000,0,"null","7","wilcoxon"
NA,1,0,0.0762286860581745,NA,NA,NA,NA,NA,997,0,"null","7","deseq2_pb"
1,1,0.001001001001001,0.0800800800800801,NA,NA,NA,NA,NA,999,0,"null","8","dream_blind"
NA,1,0,0.0710710710710711,NA,NA,NA,NA,NA,999,0,"null","8","dream_napari"
NA,1,0,0.0710710710710711,NA,NA,NA,NA,NA,999,0,"null","8","dream_quint"
1,1,0.609,0.78,NA,NA,NA,NA,NA,1000,0,"null","8","seurat_blind"
1,1,0.58,0.763,NA,NA,NA,NA,NA,1000,0,"null","8","seurat_napari"
1,1,0.58,0.763,NA,NA,NA,NA,NA,1000,0,"null","8","seurat_quint"
1,1,0.614,0.784,NA,NA,NA,NA,NA,1000,0,"null","8","wilcoxon"
NA,1,0,0.0721442885771543,NA,NA,NA,NA,NA,998,0,"null","8","deseq2_pb"
1,1,0.002,0.089,NA,NA,NA,NA,NA,1000,0,"null","9","dream_blind"
1,1,0.002,0.073,NA,NA,NA,NA,NA,1000,0,"null","9","dream_napari"
1,1,0.002,0.073,NA,NA,NA,NA,NA,1000,0,"null","9","dream_quint"
1,1,0.612,0.802,NA,NA,NA,NA,NA,1000,0,"null","9","seurat_blind"
1,1,0.583,0.773,NA,NA,NA,NA,NA,1000,0,"null","9","seurat_napari"
1,1,0.583,0.773,NA,NA,NA,NA,NA,1000,0,"null","9","seurat_quint"
1,1,0.621,0.811,NA,NA,NA,NA,NA,1000,0,"null","9","wilcoxon"
1,1,0.001,0.087,NA,NA,NA,NA,NA,1000,0,"null","9","deseq2_pb"
0.433962264150943,0.589958158995816,0.0766666666666667,0.156666666666667,0.9,0.98,-0.187905308540529,0.331517746492365,0.66,1000,100,"shared","1","dream_blind"
0.426751592356688,0.570175438596491,0.0744444444444444,0.144444444444444,0.9,0.98,-0.189650017174438,0.330452393480146,0.62,1000,100,"shared","1","dream_napari"
0.426751592356688,0.570175438596491,0.0744444444444444,0.144444444444444,0.9,0.98,-0.189650017174438,0.330452393480146,0.62,1000,100,"shared","1","dream_quint"
0.846153846153846,0.875776397515528,0.611111111111111,0.783333333333333,1,1,0.0108030518461905,0.177642060039773,NA,1000,100,"shared","1","seurat_blind"
0.839228295819936,0.872773536895674,0.58,0.762222222222222,1,1,0.0108030518461905,0.177642060039773,NA,1000,100,"shared","1","seurat_napari"
0.839228295819936,0.872773536895674,0.58,0.762222222222222,1,1,0.0108030518461905,0.177642060039773,NA,1000,100,"shared","1","seurat_quint"
0.846390168970814,0.87468671679198,0.612222222222222,0.775555555555556,1,1,0.0108030518461905,0.177642060039773,NA,1000,100,"shared","1","wilcoxon"
0.166666666666667,0.401197604790419,0.0222469410456062,0.0745272525027809,1,1,-0.0281647847830046,0.180322767149012,0.85,999,100,"shared","1","deseq2_pb"
0.252252252252252,0.554455445544555,0.0311111111111111,0.124444444444444,0.83,0.9,-0.276528979624371,0.431851406876249,0.56,1000,100,"shared","10","dream_blind"
0.234234234234234,0.545,0.0288888888888889,0.121111111111111,0.85,0.91,-0.279304087547334,0.432299753659938,0.56,1000,100,"shared","10","dream_napari"
0.234234234234234,0.545,0.0288888888888889,0.121111111111111,0.85,0.91,-0.279304087547334,0.432299753659938,0.56,1000,100,"shared","10","dream_quint"
0.855869242199108,0.878345498783455,0.64,0.802222222222222,0.97,1,-0.060536285230589,0.18520623701751,NA,1000,100,"shared","10","seurat_blind"
0.852134146341463,0.878197320341047,0.621111111111111,0.801111111111111,0.97,1,-0.060536285230589,0.18520623701751,NA,1000,100,"shared","10","seurat_napari"
0.852134146341463,0.878197320341047,0.621111111111111,0.801111111111111,0.97,1,-0.060536285230589,0.18520623701751,NA,1000,100,"shared","10","seurat_quint"
0.853915662650602,0.880434782608696,0.63,0.81,0.97,0.99,-0.060536285230589,0.18520623701751,NA,1000,100,"shared","10","wilcoxon"
0.147826086956522,0.431034482758621,0.0189098998887653,0.0834260289210234,0.98,0.99,-0.0514892027492099,0.181513319503971,0.89,999,100,"shared","10","deseq2_pb"
0.377483443708609,0.580508474576271,0.0633333333333333,0.152222222222222,0.94,0.99,-0.205328517903811,0.336619916368879,0.6,1000,100,"shared","11","dream_blind"
0.364864864864865,0.55,0.06,0.134444444444444,0.94,0.99,-0.216462882662494,0.338539763386884,0.56,1000,100,"shared","11","dream_napari"
0.364864864864865,0.55,0.06,0.134444444444444,0.94,0.99,-0.216462882662494,0.338539763386884,0.56,1000,100,"shared","11","dream_quint"
0.856729377713459,0.881578947368421,0.657777777777778,0.818888888888889,0.99,0.99,0.0156031675312846,0.66725435322939,NA,1000,100,"shared","11","seurat_blind"
0.847222222222222,0.876558603491272,0.61,0.781111111111111,0.99,0.99,0.0156031675312846,0.66725435322939,NA,1000,100,"shared","11","seurat_napari"
0.847222222222222,0.876558603491272,0.61,0.781111111111111,0.99,0.99,0.0156031675312846,0.66725435322939,NA,1000,100,"shared","11","seurat_quint"
0.855474452554745,0.882002383790226,0.651111111111111,0.822222222222222,0.99,0.99,0.0156031675312846,0.66725435322939,NA,1000,100,"shared","11","wilcoxon"
0.0917431192660551,0.4375,0.0111482720178372,0.0858416945373467,0.99,0.99,0.0417202440256801,1.0668913803269,0.78,997,100,"shared","11","deseq2_pb"
0.434210526315789,0.613545816733068,0.0733333333333333,0.171111111111111,0.86,0.97,-0.244677553452574,0.410927584217007,0.59,1000,100,"shared","12","dream_blind"
0.459627329192547,0.618110236220472,0.0822222222222222,0.174444444444444,0.87,0.97,-0.251464367368395,0.41288473505832,0.58,1000,100,"shared","12","dream_napari"
0.459627329192547,0.618110236220472,0.0822222222222222,0.174444444444444,0.87,0.97,-0.251464367368395,0.41288473505832,0.58,1000,100,"shared","12","dream_quint"
0.859773371104816,0.882629107981221,0.674444444444444,0.835555555555556,0.99,1,-0.0736322502006709,0.202336718911239,NA,1000,100,"shared","12","seurat_blind"
0.859375,0.880095923261391,0.672222222222222,0.815555555555556,0.99,1,-0.0736322502006709,0.202336718911239,NA,1000,100,"shared","12","seurat_napari"
0.859375,0.880095923261391,0.672222222222222,0.815555555555556,0.99,1,-0.0736322502006709,0.202336718911239,NA,1000,100,"shared","12","seurat_quint"
0.857142857142857,0.880810488676996,0.653333333333333,0.821111111111111,0.98,1,-0.0736322502006709,0.202336718911239,NA,1000,100,"shared","12","wilcoxon"
0.181818181818182,0.456521739130435,0.0244444444444444,0.0933333333333333,0.99,1,-0.0414081589299583,0.202134976151622,0.84,1000,100,"shared","12","deseq2_pb"
0.395833333333333,0.615686274509804,0.0634037819799778,0.174638487208009,0.87,0.98,-0.231863411386497,0.363000704526768,0.53,999,100,"shared","13","dream_blind"
0.381294964028777,0.598360655737705,0.0589543937708565,0.162402669632925,0.86,0.98,-0.240065652076776,0.368726319980818,0.51,999,100,"shared","13","dream_napari"
0.381294964028777,0.598360655737705,0.0589543937708565,0.162402669632925,0.86,0.98,-0.240065652076776,0.368726319980818,0.51,999,100,"shared","13","dream_quint"
0.841269841269841,0.875,0.588888888888889,0.777777777777778,1,1,-0.027492000961527,0.170187415817242,NA,1000,100,"shared","13","seurat_blind"
0.837925445705024,0.869621903520209,0.574444444444444,0.741111111111111,1,1,-0.027492000961527,0.170187415817242,NA,1000,100,"shared","13","seurat_napari"
0.837925445705024,0.869621903520209,0.574444444444444,0.741111111111111,1,1,-0.027492000961527,0.170187415817242,NA,1000,100,"shared","13","seurat_quint"
0.839486356340289,0.871794871794872,0.581111111111111,0.755555555555556,1,1,-0.027492000961527,0.170187415817242,NA,1000,100,"shared","13","wilcoxon"
0.180327868852459,0.484536082474227,0.0244988864142539,0.10467706013363,1,1,-0.0513874736467722,0.176366073736198,0.87,998,100,"shared","13","deseq2_pb"
0.333333333333333,0.581196581196581,0.05,0.151111111111111,0.9,0.98,-0.204779665357685,0.339749891753344,0.62,1000,100,"shared","14","dream_blind"
0.286821705426357,0.573275862068966,0.0411111111111111,0.147777777777778,0.92,0.99,-0.2068885208537,0.338883868658717,0.59,1000,100,"shared","14","dream_napari"
0.286821705426357,0.573275862068966,0.0411111111111111,0.147777777777778,0.92,0.99,-0.2068885208537,0.338883868658717,0.59,1000,100,"shared","14","dream_quint"
0.862448418156809,0.881516587677725,0.696666666666667,0.826666666666667,1,1,-0.0942323844163417,0.198160995574972,NA,1000,100,"shared","14","seurat_blind"
0.855282199710564,0.880095923261391,0.656666666666667,0.815555555555556,1,1,-0.0942323844163417,0.198160995574972,NA,1000,100,"shared","14","seurat_napari"
0.855282199710564,0.880095923261391,0.656666666666667,0.815555555555556,1,1,-0.0942323844163417,0.198160995574972,NA,1000,100,"shared","14","seurat_quint"
0.855491329479769,0.883449883449883,0.657777777777778,0.842222222222222,1,1,-0.0942323844163417,0.198160995574972,NA,1000,100,"shared","14","wilcoxon"
0.166666666666667,0.470899470899471,0.0222469410456062,0.0989988876529477,1,1,-0.0667506397598228,0.1855385492287,0.86,999,100,"shared","14","deseq2_pb"
0.239316239316239,0.531400966183575,0.0311111111111111,0.122222222222222,0.89,0.97,-0.219787898852738,0.379475917950791,0.49,1000,100,"shared","15","dream_blind"
0.228070175438596,0.526829268292683,0.0288888888888889,0.12,0.88,0.97,-0.230316973129308,0.381778721418881,0.47,1000,100,"shared","15","dream_napari"
0.228070175438596,0.526829268292683,0.0288888888888889,0.12,0.88,0.97,-0.230316973129308,0.381778721418881,0.47,1000,100,"shared","15","dream_quint"
0.849315068493151,0.881152460984394,0.62,0.815555555555556,0.99,0.99,-0.0116438758039102,0.196034868754941,NA,1000,100,"shared","15","seurat_blind"
0.845070422535211,0.876847290640394,0.6,0.791111111111111,0.99,1,-0.0116438758039102,0.196034868754941,NA,1000,100,"shared","15","seurat_napari"
0.845070422535211,0.876847290640394,0.6,0.791111111111111,0.99,1,-0.0116438758039102,0.196034868754941,NA,1000,100,"shared","15","seurat_quint"
0.845070422535211,0.876237623762376,0.6,0.786666666666667,0.99,1,-0.0116438758039102,0.196034868754941,NA,1000,100,"shared","15","wilcoxon"
0.123893805309735,0.424418604651163,0.0155555555555556,0.0811111111111111,0.99,0.99,-0.0390799207725701,0.196526040812445,0.84,1000,100,"shared","15","deseq2_pb"
0.394557823129252,0.619047619047619,0.0645161290322581,0.173526140155729,0.89,0.96,-0.216112696858148,0.35751110975293,0.6,999,100,"shared","16","dream_blind"
0.43312101910828,0.622568093385214,0.0756395995550612,0.17797552836485,0.89,0.97,-0.221208346914723,0.357228763717007,0.57,999,100,"shared","16","dream_napari"
0.43312101910828,0.622568093385214,0.0756395995550612,0.17797552836485,0.89,0.97,-0.221208346914723,0.357228763717007,0.57,999,100,"shared","16","dream_quint"
0.863070539419087,0.881936245572609,0.693333333333333,0.83,0.99,1,-0.0954118279081498,0.195114439500671,NA,1000,100,"shared","16","seurat_blind"
0.853115727002967,0.877750611246944,0.638888888888889,0.797777777777778,0.99,1,-0.0954118279081498,0.195114439500671,NA,1000,100,"shared","16","seurat_napari"
0.853115727002967,0.877750611246944,0.638888888888889,0.797777777777778,0.99,1,-0.0954118279081498,0.195114439500671,NA,1000,100,"shared","16","seurat_quint"
0.857962697274032,0.880382775119617,0.664444444444444,0.817777777777778,0.99,1,-0.0954118279081498,0.195114439500671,NA,1000,100,"shared","16","wilcoxon"
0.188524590163934,0.478947368421053,0.0256124721603563,0.101336302895323,0.99,0.99,-0.0391515480035904,0.172966184324462,0.86,998,100,"shared","16","deseq2_pb"
0.439189189189189,0.612244897959184,0.0722222222222222,0.166666666666667,0.83,0.95,-0.266828872527092,0.400623831009559,0.61,1000,100,"shared","17","dream_blind"
0.4,0.59915611814346,0.0622222222222222,0.157777777777778,0.84,0.95,-0.273770209897645,0.400934611605705,0.6,1000,100,"shared","17","dream_napari"
0.4,0.59915611814346,0.0622222222222222,0.157777777777778,0.84,0.95,-0.273770209897645,0.400934611605705,0.6,1000,100,"shared","17","dream_quint"
0.85459940652819,0.880952380952381,0.64,0.822222222222222,0.98,1,-0.0922726675444468,0.19321084472748,NA,1000,100,"shared","17","seurat_blind"
0.857558139534884,0.879081015719468,0.655555555555556,0.807777777777778,0.98,1,-0.0922726675444468,0.19321084472748,NA,1000,100,"shared","17","seurat_napari"
0.857558139534884,0.879081015719468,0.655555555555556,0.807777777777778,0.98,1,-0.0922726675444468,0.19321084472748,NA,1000,100,"shared","17","seurat_quint"
0.854383358098068,0.877149877149877,0.638888888888889,0.793333333333333,0.98,1,-0.0922726675444468,0.19321084472748,NA,1000,100,"shared","17","wilcoxon"
0.162393162393162,0.428571428571429,0.0211111111111111,0.0833333333333333,0.98,1,-0.070820783963015,0.18341497261835,0.86,1000,100,"shared","17","deseq2_pb"
0.46875,0.630350194552529,0.0833333333333333,0.18,0.85,0.95,-0.287704085793755,0.423550609969813,0.5,1000,100,"shared","18","dream_blind"
0.484848484848485,0.630350194552529,0.0888888888888889,0.18,0.85,0.95,-0.294949898488275,0.425681977860816,0.49,1000,100,"shared","18","dream_napari"
0.484848484848485,0.630350194552529,0.0888888888888889,0.18,0.85,0.95,-0.294949898488275,0.425681977860816,0.49,1000,100,"shared","18","dream_quint"
0.867567567567568,0.884480746791132,0.713333333333333,0.842222222222222,0.98,0.99,-0.169914474234801,0.259484831249498,NA,1000,100,"shared","18","seurat_blind"
0.862937062937063,0.882562277580071,0.685555555555556,0.826666666666667,0.98,0.99,-0.169914474234801,0.259484831249498,NA,1000,100,"shared","18","seurat_napari"
0.862937062937063,0.882562277580071,0.685555555555556,0.826666666666667,0.98,0.99,-0.169914474234801,0.259484831249498,NA,1000,100,"shared","18","seurat_quint"
0.862552594670407,0.882002383790226,0.683333333333333,0.822222222222222,0.98,0.99,-0.169914474234801,0.259484831249498,NA,1000,100,"shared","18","wilcoxon"
0.209677419354839,0.481675392670157,0.0289210233592881,0.102335928809789,0.98989898989899,1,-0.0687393925895616,0.201413539041201,0.787878787878788,998,99,"shared","18","deseq2_pb"
0.208695652173913,0.535211267605634,0.0266963292547275,0.126807563959956,0.91,0.99,-0.215537704979043,0.358387903410121,0.56,999,100,"shared","19","dream_blind"
0.235294117647059,0.519417475728155,0.0311457174638487,0.119021134593993,0.91,0.99,-0.220743151120118,0.359066198419891,0.57,999,100,"shared","19","dream_napari"
0.235294117647059,0.519417475728155,0.0311457174638487,0.119021134593993,0.91,0.99,-0.220743151120118,0.359066198419891,0.57,999,100,"shared","19","dream_quint"
0.853115727002967,0.878493317132442,0.638888888888889,0.803333333333333,0.99,1,-0.00456231280193524,0.181814227001367,NA,1000,100,"shared","19","seurat_blind"
0.846273291925466,0.873417721518987,0.605555555555556,0.766666666666667,0.99,1,-0.00456231280193524,0.181814227001367,NA,1000,100,"shared","19","seurat_napari"
0.846273291925466,0.873417721518987,0.605555555555556,0.766666666666667,0.99,1,-0.00456231280193524,0.181814227001367,NA,1000,100,"shared","19","seurat_quint"
0.849544072948328,0.880668257756563,0.621111111111111,0.82,0.99,1,-0.00456231280193524,0.181814227001367,NA,1000,100,"shared","19","wilcoxon"
0.181818181818182,0.479166666666667,0.0244988864142539,0.102449888641425,0.99,1,-0.0347381173795926,0.185792707404552,0.84,998,100,"shared","19","deseq2_pb"
0.343065693430657,0.595918367346939,0.0522222222222222,0.162222222222222,0.9,0.99,-0.210631412227457,0.388968868115872,0.67,1000,100,"shared","2","dream_blind"
0.315789473684211,0.586497890295359,0.0466666666666667,0.154444444444444,0.91,0.98,-0.216900718193609,0.388634068686036,0.65,1000,100,"shared","2","dream_napari"
0.315789473684211,0.586497890295359,0.0466666666666667,0.154444444444444,0.91,0.98,-0.216900718193609,0.388634068686036,0.65,1000,100,"shared","2","dream_quint"
0.87303664921466,0.890519187358916,0.741111111111111,0.876666666666667,0.97,0.97,-0.121940616951461,0.234927826887821,NA,1000,100,"shared","2","seurat_blind"
0.875324675324675,0.891498881431767,0.748888888888889,0.885555555555556,0.96,0.97,-0.121940616951461,0.234927826887821,NA,1000,100,"shared","2","seurat_napari"
0.875324675324675,0.891498881431767,0.748888888888889,0.885555555555556,0.96,0.97,-0.121940616951461,0.234927826887821,NA,1000,100,"shared","2","seurat_quint"
0.868493150684931,0.885380116959064,0.704444444444444,0.841111111111111,0.96,0.98,-0.121940616951461,0.234927826887821,NA,1000,100,"shared","2","wilcoxon"
0.265151515151515,0.469945355191257,0.0388888888888889,0.0955555555555556,0.97,0.97,-0.0244681789764632,0.20412191240018,0.87,1000,100,"shared","2","deseq2_pb"
0.340579710144928,0.612648221343874,0.0522222222222222,0.172222222222222,0.91,0.98,-0.217282116025924,0.366003787872152,0.63,1000,100,"shared","20","dream_blind"
0.376712328767123,0.608870967741935,0.0611111111111111,0.167777777777778,0.91,0.97,-0.226981090446688,0.369365038632147,0.6,1000,100,"shared","20","dream_napari"
0.376712328767123,0.608870967741935,0.0611111111111111,0.167777777777778,0.91,0.97,-0.226981090446688,0.369365038632147,0.6,1000,100,"shared","20","dream_quint"
0.852238805970149,0.879081015719468,0.634444444444444,0.807777777777778,0.99,1,-0.0314964833074916,0.186643143045567,NA,1000,100,"shared","20","seurat_blind"
0.849772382397572,0.876543209876543,0.622222222222222,0.788888888888889,0.99,1,-0.0314964833074916,0.186643143045567,NA,1000,100,"shared","20","seurat_napari"
0.849772382397572,0.876543209876543,0.622222222222222,0.788888888888889,0.99,1,-0.0314964833074916,0.186643143045567,NA,1000,100,"shared","20","seurat_quint"
0.853766617429838,0.877450980392157,0.642222222222222,0.795555555555556,0.99,1,-0.0314964833074916,0.186643143045567,NA,1000,100,"shared","20","wilcoxon"
0.2265625,0.484375,0.0322222222222222,0.103333333333333,0.99,0.99,-0.0437263170744917,0.190520182388541,0.87,1000,100,"shared","20","deseq2_pb"
0.326086956521739,0.552511415525114,0.05,0.134444444444444,0.93,0.98,-0.191913034987537,0.353917573538382,0.56,1000,100,"shared","21","dream_blind"
0.318840579710145,0.5625,0.0488888888888889,0.14,0.94,0.98,-0.202107831539994,0.357249053564066,0.54,1000,100,"shared","21","dream_napari"
0.318840579710145,0.5625,0.0488888888888889,0.14,0.94,0.98,-0.202107831539994,0.357249053564066,0.54,1000,100,"shared","21","dream_quint"
0.860759493670886,0.882352941176471,0.68,0.833333333333333,0.99,1,-0.0697102636122809,0.196306946762993,NA,1000,100,"shared","21","seurat_blind"
0.858773181169758,0.880095923261391,0.668888888888889,0.815555555555556,0.99,1,-0.0697102636122809,0.196306946762993,NA,1000,100,"shared","21","seurat_napari"
0.858773181169758,0.880095923261391,0.668888888888889,0.815555555555556,0.99,1,-0.0697102636122809,0.196306946762993,NA,1000,100,"shared","21","seurat_quint"
0.861189801699717,0.882491186839013,0.675555555555556,0.834444444444444,0.98,1,-0.0697102636122809,0.196306946762993,NA,1000,100,"shared","21","wilcoxon"
0.188524590163934,0.456521739130435,0.0255555555555556,0.0933333333333333,0.99,1,-0.0514975876955753,0.190984428052636,0.86,1000,100,"shared","21","deseq2_pb"
0.422818791946309,0.585152838427948,0.07,0.148888888888889,0.86,0.95,-0.227113152274581,0.363169595427696,0.64,1000,100,"shared","22","dream_blind"
0.398601398601399,0.58695652173913,0.0633333333333333,0.15,0.86,0.95,-0.230415345283692,0.364947707885925,0.63,1000,100,"shared","22","dream_napari"
0.398601398601399,0.58695652173913,0.0633333333333333,0.15,0.86,0.95,-0.230415345283692,0.364947707885925,0.63,1000,100,"shared","22","dream_quint"
0.86449864498645,0.882766705744431,0.708888888888889,0.836666666666667,1,1,-0.0736536666132094,0.1821634467947,NA,1000,100,"shared","22","seurat_blind"
0.864314789687924,0.882352941176471,0.707777777777778,0.833333333333333,1,1,-0.0736536666132094,0.1821634467947,NA,1000,100,"shared","22","seurat_napari"
0.864314789687924,0.882352941176471,0.707777777777778,0.833333333333333,1,1,-0.0736536666132094,0.1821634467947,NA,1000,100,"shared","22","seurat_quint"
0.861150070126227,0.883313885647608,0.682222222222222,0.841111111111111,0.99,1,-0.0736536666132094,0.1821634467947,NA,1000,100,"shared","22","wilcoxon"
0.206349206349206,0.479166666666667,0.0288888888888889,0.102222222222222,1,1,-0.0521134175821872,0.175059632546301,0.89,1000,100,"shared","22","deseq2_pb"
0.252100840336134,0.53953488372093,0.0333333333333333,0.128888888888889,0.89,0.99,-0.202137450759194,0.337449865034835,0.59,1000,100,"shared","23","dream_blind"
0.299212598425197,0.533018867924528,0.0422222222222222,0.125555555555556,0.89,0.99,-0.201317001561491,0.335211021361846,0.59,1000,100,"shared","23","dream_napari"
0.299212598425197,0.533018867924528,0.0422222222222222,0.125555555555556,0.89,0.99,-0.201317001561491,0.335211021361846,0.59,1000,100,"shared","23","dream_quint"
0.862258953168044,0.882903981264637,0.695555555555556,0.837777777777778,1,1,-0.0271444641028609,0.175940523421187,NA,1000,100,"shared","23","seurat_blind"
0.858156028368794,0.879951980792317,0.672222222222222,0.814444444444444,1,1,-0.0271444641028609,0.175940523421187,NA,1000,100,"shared","23","seurat_napari"
0.858156028368794,0.879951980792317,0.672222222222222,0.814444444444444,1,1,-0.0271444641028609,0.175940523421187,NA,1000,100,"shared","23","seurat_quint"
0.85734664764622,0.880810488676996,0.667777777777778,0.821111111111111,1,1,-0.0271444641028609,0.175940523421187,NA,1000,100,"shared","23","wilcoxon"
0.130434782608696,0.489795918367347,0.0167037861915367,0.106904231625835,1,1,-0.0261899325845981,0.175889069012842,0.88,998,100,"shared","23","deseq2_pb"
0.27906976744186,0.573913043478261,0.04,0.146666666666667,0.93,0.98,-0.251865476039044,0.395841199418522,0.54,1000,100,"shared","24","dream_blind"
0.293233082706767,0.556561085972851,0.0433333333333333,0.136666666666667,0.94,0.98,-0.254883415457998,0.395121616927483,0.53,1000,100,"shared","24","dream_napari"
0.293233082706767,0.556561085972851,0.0433333333333333,0.136666666666667,0.94,0.98,-0.254883415457998,0.395121616927483,0.53,1000,100,"shared","24","dream_quint"
0.857553956834532,0.882978723404255,0.662222222222222,0.83,0.99,0.99,-0.0676897075873263,0.21051129743064,NA,1000,100,"shared","24","seurat_blind"
0.851351351351351,0.88086642599278,0.63,0.813333333333333,0.99,0.99,-0.0676897075873263,0.21051129743064,NA,1000,100,"shared","24","seurat_napari"
0.851351351351351,0.88086642599278,0.63,0.813333333333333,0.99,0.99,-0.0676897075873263,0.21051129743064,NA,1000,100,"shared","24","seurat_quint"
0.854838709677419,0.881578947368421,0.647777777777778,0.818888888888889,0.99,0.99,-0.0676897075873263,0.21051129743064,NA,1000,100,"shared","24","wilcoxon"
0.161016949152542,0.484375,0.0211345939933259,0.103448275862069,0.99,0.99,-0.0691902775114436,0.207673115430822,0.85,999,100,"shared","24","deseq2_pb"
0.406451612903226,0.592436974789916,0.07,0.156666666666667,0.92,0.97,-0.234048139545702,0.373959160191488,0.57,1000,100,"shared","25","dream_blind"
0.43125,0.588983050847458,0.0766666666666667,0.154444444444444,0.91,0.97,-0.24210850804857,0.376348315142108,0.56,1000,100,"shared","25","dream_napari"
0.43125,0.588983050847458,0.0766666666666667,0.154444444444444,0.91,0.97,-0.24210850804857,0.376348315142108,0.56,1000,100,"shared","25","dream_quint"
0.864827586206897,0.884210526315789,0.696666666666667,0.84,0.98,0.99,-0.123853494127633,0.23703145549339,NA,1000,100,"shared","25","seurat_blind"
0.864265927977839,0.885549132947977,0.693333333333333,0.851111111111111,0.98,0.99,-0.123853494127633,0.23703145549339,NA,1000,100,"shared","25","seurat_napari"
0.864265927977839,0.885549132947977,0.693333333333333,0.851111111111111,0.98,0.99,-0.123853494127633,0.23703145549339,NA,1000,100,"shared","25","seurat_quint"
0.864453665283541,0.882978723404255,0.694444444444444,0.83,0.98,0.99,-0.123853494127633,0.23703145549339,NA,1000,100,"shared","25","wilcoxon"
0.169491525423729,0.431034482758621,0.0222222222222222,0.0833333333333333,0.98,0.99,-0.0545392103177273,0.205936532702335,0.8,1000,100,"shared","25","deseq2_pb"
0.44311377245509,0.6,0.0822222222222222,0.163333333333333,0.93,0.98,-0.212781534760648,0.325746116942516,0.59,1000,100,"shared","26","dream_blind"
0.471910112359551,0.596707818930041,0.0933333333333333,0.161111111111111,0.94,0.98,-0.218314672065706,0.32713199741573,0.55,1000,100,"shared","26","dream_napari"
0.471910112359551,0.596707818930041,0.0933333333333333,0.161111111111111,0.94,0.98,-0.218314672065706,0.32713199741573,0.55,1000,100,"shared","26","dream_quint"
0.871761658031088,0.887005649717514,0.747777777777778,0.872222222222222,0.99,1,-0.138089056950402,0.232234335126609,NA,1000,100,"shared","26","seurat_blind"
0.868351063829787,0.886621315192744,0.725555555555556,0.868888888888889,0.99,1,-0.138089056950402,0.232234335126609,NA,1000,100,"shared","26","seurat_napari"
0.868351063829787,0.886621315192744,0.725555555555556,0.868888888888889,0.99,1,-0.138089056950402,0.232234335126609,NA,1000,100,"shared","26","seurat_quint"
0.866756393001346,0.884259259259259,0.715555555555556,0.848888888888889,0.99,1,-0.138089056950402,0.232234335126609,NA,1000,100,"shared","26","wilcoxon"
0.186991869918699,0.450549450549451,0.0255555555555556,0.0911111111111111,1,1,-0.0537475569849011,0.218164928283471,0.84,1000,100,"shared","26","deseq2_pb"
0.15929203539823,0.486910994764398,0.02,0.103333333333333,0.95,0.98,-0.197417238028176,0.363411184786236,0.56,1000,100,"shared","27","dream_blind"
0.136363636363636,0.481481481481481,0.0166666666666667,0.101111111111111,0.95,0.98,-0.19862324941689,0.359131777665739,0.55,1000,100,"shared","27","dream_napari"
0.136363636363636,0.481481481481481,0.0166666666666667,0.101111111111111,0.95,0.98,-0.19862324941689,0.359131777665739,0.55,1000,100,"shared","27","dream_quint"
0.857752489331437,0.881936245572609,0.67,0.83,1,1,-0.104266517175841,0.210904679867704,NA,1000,100,"shared","27","seurat_blind"
0.854862119013062,0.879372738238842,0.654444444444444,0.81,1,1,-0.104266517175841,0.210904679867704,NA,1000,100,"shared","27","seurat_napari"
0.854862119013062,0.879372738238842,0.654444444444444,0.81,1,1,-0.104266517175841,0.210904679867704,NA,1000,100,"shared","27","seurat_quint"
0.855491329479769,0.880810488676996,0.657777777777778,0.821111111111111,1,1,-0.104266517175841,0.210904679867704,NA,1000,100,"shared","27","wilcoxon"
0.173553719008264,0.438202247191011,0.0233592880978865,0.0867630700778643,1,1,-0.0447797486083312,0.187663482357047,0.83,999,100,"shared","27","deseq2_pb"
0.256,0.532019704433498,0.0355555555555556,0.12,0.93,0.95,-0.221474814407725,0.377493396888714,0.55,1000,100,"shared","28","dream_blind"
0.298507462686567,0.52020202020202,0.0444444444444444,0.114444444444444,0.94,0.95,-0.230180972600057,0.378735281763457,0.56,1000,100,"shared","28","dream_napari"
0.298507462686567,0.52020202020202,0.0444444444444444,0.114444444444444,0.94,0.95,-0.230180972600057,0.378735281763457,0.56,1000,100,"shared","28","dream_quint"
0.853157121879589,0.880810488676996,0.645555555555556,0.821111111111111,1,1,-0.0503765871434543,0.176567102874064,NA,1000,100,"shared","28","seurat_blind"
0.846390168970814,0.879807692307692,0.612222222222222,0.813333333333333,1,1,-0.0503765871434543,0.176567102874064,NA,1000,100,"shared","28","seurat_napari"
0.846390168970814,0.879807692307692,0.612222222222222,0.813333333333333,1,1,-0.0503765871434543,0.176567102874064,NA,1000,100,"shared","28","seurat_quint"
0.853333333333333,0.879807692307692,0.64,0.813333333333333,0.99,1,-0.0503765871434543,0.176567102874064,NA,1000,100,"shared","28","wilcoxon"
0.145299145299145,0.447513812154696,0.0188888888888889,0.09,1,1,-0.0457772714545283,0.174124307248037,0.9,1000,100,"shared","28","deseq2_pb"
0.424242424242424,0.596774193548387,0.0778642936596218,0.164627363737486,0.95,1,-0.190530685619174,0.352463960665942,0.63,999,100,"shared","29","dream_blind"
0.409937888198758,0.59349593495935,0.0734149054505006,0.162402669632925,0.95,1,-0.199719985313637,0.355190654130377,0.61,999,100,"shared","29","dream_napari"
0.409937888198758,0.59349593495935,0.0734149054505006,0.162402669632925,0.95,1,-0.199719985313637,0.355190654130377,0.61,999,100,"shared","29","dream_quint"
0.849772382397572,0.877450980392157,0.622222222222222,0.795555555555556,0.99,1,0.0527228784176997,0.674244153449428,NA,1000,100,"shared","29","seurat_blind"
0.847692307692308,0.876390605686032,0.612222222222222,0.787777777777778,0.99,1,0.0527228784176997,0.674244153449428,NA,1000,100,"shared","29","seurat_napari"
0.847692307692308,0.876390605686032,0.612222222222222,0.787777777777778,0.99,1,0.0527228784176997,0.674244153449428,NA,1000,100,"shared","29","seurat_quint"
0.848623853211009,0.876695437731196,0.616666666666667,0.79,0.99,1,0.0527228784176997,0.674244153449428,NA,1000,100,"shared","29","wilcoxon"
0.238461538461538,0.51219512195122,0.0344827586206897,0.116796440489433,0.99,1,0.0732391083187164,1.05269513131392,0.84,999,100,"shared","29","deseq2_pb"
0.409937888198758,0.59919028340081,0.0733333333333333,0.164444444444444,0.95,0.99,-0.224236644025392,0.349937512275258,0.58,1000,100,"shared","3","dream_blind"
0.409937888198758,0.585774058577406,0.0733333333333333,0.155555555555556,0.95,0.99,-0.230602596192841,0.353238718134959,0.58,1000,100,"shared","3","dream_napari"
0.409937888198758,0.585774058577406,0.0733333333333333,0.155555555555556,0.95,0.99,-0.230602596192841,0.353238718134959,0.58,1000,100,"shared","3","dream_quint"
0.856304985337243,0.882840236686391,0.648888888888889,0.828888888888889,0.98,0.99,-0.0495265102721614,0.213365692744972,NA,1000,100,"shared","3","seurat_blind"
0.857764876632801,0.88086642599278,0.656666666666667,0.813333333333333,0.98,0.99,-0.0495265102721614,0.213365692744972,NA,1000,100,"shared","3","seurat_napari"
0.857764876632801,0.88086642599278,0.656666666666667,0.813333333333333,0.98,0.99,-0.0495265102721614,0.213365692744972,NA,1000,100,"shared","3","seurat_quint"
0.858789625360231,0.881720430107527,0.662222222222222,0.82,0.98,0.99,-0.0495265102721614,0.213365692744972,NA,1000,100,"shared","3","wilcoxon"
0.181818181818182,0.476190476190476,0.0244716351501669,0.100111234705228,0.99,0.99,-0.0647713136140805,0.225999349348004,0.82,999,100,"shared","3","deseq2_pb"
0.312977099236641,0.555045871559633,0.0455555555555556,0.134444444444444,0.9,0.97,-0.243520600419108,0.386848804415491,0.56,1000,100,"shared","30","dream_blind"
0.333333333333333,0.542452830188679,0.0511111111111111,0.127777777777778,0.92,0.97,-0.250790218638613,0.385999799481022,0.54,1000,100,"shared","30","dream_napari"
0.333333333333333,0.542452830188679,0.0511111111111111,0.127777777777778,0.92,0.97,-0.250790218638613,0.385999799481022,0.54,1000,100,"shared","30","dream_quint"
0.852724594992636,0.879663056558363,0.643333333333333,0.812222222222222,1,1,-0.0758777747824201,0.192699595182406,NA,1000,100,"shared","30","seurat_blind"
0.850746268656716,0.880382775119617,0.633333333333333,0.817777777777778,1,1,-0.0758777747824201,0.192699595182406,NA,1000,100,"shared","30","seurat_napari"
0.850746268656716,0.880382775119617,0.633333333333333,0.817777777777778,1,1,-0.0758777747824201,0.192699595182406,NA,1000,100,"shared","30","seurat_quint"
0.852289512555391,0.877750611246944,0.641111111111111,0.797777777777778,1,1,-0.0758777747824201,0.192699595182406,NA,1000,100,"shared","30","wilcoxon"
0.12280701754386,0.425287356321839,0.0155902004454343,0.0824053452115813,1,1,-0.0605970704231519,0.187220736300302,0.87,998,100,"shared","30","deseq2_pb"
0.213675213675214,0.548387096774194,0.0277777777777778,0.132222222222222,0.92,0.98,-0.222856091327146,0.365728089263624,0.5,1000,100,"shared","31","dream_blind"
0.265625,0.537735849056604,0.0377777777777778,0.126666666666667,0.94,0.98,-0.228786095233833,0.366164785050351,0.48,1000,100,"shared","31","dream_napari"
0.265625,0.537735849056604,0.0377777777777778,0.126666666666667,0.94,0.98,-0.228786095233833,0.366164785050351,0.48,1000,100,"shared","31","dream_quint"
0.855051244509517,0.881376037959668,0.648888888888889,0.825555555555556,0.99,1,-0.0729622833218813,0.199276526370229,NA,1000,100,"shared","31","seurat_blind"
0.857553956834532,0.880382775119617,0.662222222222222,0.817777777777778,0.99,1,-0.0729622833218813,0.199276526370229,NA,1000,100,"shared","31","seurat_napari"
0.857553956834532,0.880382775119617,0.662222222222222,0.817777777777778,0.99,1,-0.0729622833218813,0.199276526370229,NA,1000,100,"shared","31","seurat_quint"
0.855263157894737,0.879372738238842,0.65,0.81,0.99,1,-0.0729622833218813,0.199276526370229,NA,1000,100,"shared","31","wilcoxon"
0.123893805309735,0.421052631578947,0.0155555555555556,0.08,0.99,0.99,-0.0560029861210858,0.192712837725689,0.8,1000,100,"shared","31","deseq2_pb"
0.408163265306122,0.578260869565217,0.0666666666666667,0.147777777777778,0.87,0.97,-0.204198937091274,0.350043968616736,0.63,1000,100,"shared","32","dream_blind"
0.391608391608392,0.572687224669604,0.0622222222222222,0.144444444444444,0.87,0.97,-0.211772823371263,0.349303461228906,0.63,1000,100,"shared","32","dream_napari"
0.391608391608392,0.572687224669604,0.0622222222222222,0.144444444444444,0.87,0.97,-0.211772823371263,0.349303461228906,0.63,1000,100,"shared","32","dream_quint"
0.865951742627346,0.883040935672515,0.717777777777778,0.838888888888889,1,1,-0.0800017219769458,0.192576885910925,NA,1000,100,"shared","32","seurat_blind"
0.860724233983287,0.883990719257541,0.686666666666667,0.846666666666667,1,1,-0.0800017219769458,0.192576885910925,NA,1000,100,"shared","32","seurat_napari"
0.860724233983287,0.883990719257541,0.686666666666667,0.846666666666667,1,1,-0.0800017219769458,0.192576885910925,NA,1000,100,"shared","32","seurat_quint"
0.864197530864197,0.884125144843569,0.7,0.847777777777778,0.99,1,-0.0800017219769458,0.192576885910925,NA,1000,100,"shared","32","wilcoxon"
0.193548387096774,0.484536082474227,0.0266666666666667,0.104444444444444,1,1,-0.0313505702943431,0.177541336902267,0.89,1000,100,"shared","32","deseq2_pb"
0.235294117647059,0.481865284974093,0.0311111111111111,0.103333333333333,0.91,1,-0.208614765757144,0.365246347089879,0.61,1000,100,"shared","33","dream_blind"
0.252032520325203,0.481865284974093,0.0345211581291759,0.103563474387528,0.92,1,-0.212029862110942,0.363953748539748,0.61,998,100,"shared","33","dream_napari"
0.252032520325203,0.481865284974093,0.0345211581291759,0.103563474387528,0.92,1,-0.212029862110942,0.363953748539748,0.61,998,100,"shared","33","dream_quint"
0.864569083447332,0.882903981264637,0.702222222222222,0.837777777777778,0.99,1,-0.0676341623636834,0.198587576205022,NA,1000,100,"shared","33","seurat_blind"
0.862825788751715,0.882629107981221,0.698888888888889,0.835555555555556,1,1,-0.0676341623636834,0.198587576205022,NA,1000,100,"shared","33","seurat_napari"
0.862825788751715,0.882629107981221,0.698888888888889,0.835555555555556,1,1,-0.0676341623636834,0.198587576205022,NA,1000,100,"shared","33","seurat_quint"
0.864010989010989,0.880668257756563,0.698888888888889,0.82,0.99,1,-0.0676341623636834,0.198587576205022,NA,1000,100,"shared","33","wilcoxon"
0.168067226890756,0.425287356321839,0.0222469410456062,0.082313681868743,0.99,1,-0.0343936148273298,0.192611679177215,0.89,999,100,"shared","33","deseq2_pb"
0.361702127659574,0.604,0.0566666666666667,0.167777777777778,0.9,0.99,-0.199713128636599,0.353170840266566,0.56,1000,100,"shared","34","dream_blind"
0.357142857142857,0.594262295081967,0.0555555555555556,0.161111111111111,0.9,0.99,-0.209208580614596,0.352877841699257,0.56,1000,100,"shared","34","dream_napari"
0.357142857142857,0.594262295081967,0.0555555555555556,0.161111111111111,0.9,0.99,-0.209208580614596,0.352877841699257,0.56,1000,100,"shared","34","dream_quint"
0.864754098360656,0.882766705744431,0.703333333333333,0.836666666666667,0.99,1,-0.0826373545196796,0.204254555446256,NA,1000,100,"shared","34","seurat_blind"
0.863448275862069,0.881796690307329,0.695555555555556,0.828888888888889,0.99,1,-0.0826373545196796,0.204254555446256,NA,1000,100,"shared","34","seurat_napari"
0.863448275862069,0.881796690307329,0.695555555555556,0.828888888888889,0.99,1,-0.0826373545196796,0.204254555446256,NA,1000,100,"shared","34","seurat_quint"
0.8625,0.881861575178998,0.69,0.821111111111111,0.99,0.99,-0.0826373545196796,0.204254555446256,NA,1000,100,"shared","34","wilcoxon"
0.208,0.46195652173913,0.0289210233592881,0.0945494994438265,0.99,0.99,-0.0242099882540267,0.187163988261615,0.88,999,100,"shared","34","deseq2_pb"
0.4,0.584745762711864,0.0644444444444444,0.153333333333333,0.87,0.98,-0.200766631991967,0.339351525310876,0.59,1000,100,"shared","35","dream_blind"
0.37410071942446,0.584033613445378,0.0577777777777778,0.154444444444444,0.87,0.99,-0.21098474096867,0.343868673462524,0.55,1000,100,"shared","35","dream_napari"
0.37410071942446,0.584033613445378,0.0577777777777778,0.154444444444444,0.87,0.99,-0.21098474096867,0.343868673462524,0.55,1000,100,"shared","35","dream_quint"
0.854411764705882,0.880290205562273,0.645555555555556,0.808888888888889,0.99,0.99,-0.0825984470804584,0.226551809752214,NA,1000,100,"shared","35","seurat_blind"
0.857142857142857,0.882978723404255,0.653333333333333,0.83,0.98,0.99,-0.0825984470804584,0.226551809752214,NA,1000,100,"shared","35","seurat_napari"
0.857142857142857,0.882978723404255,0.653333333333333,0.83,0.98,0.99,-0.0825984470804584,0.226551809752214,NA,1000,100,"shared","35","seurat_quint"
0.854814814814815,0.879268292682927,0.641111111111111,0.801111111111111,0.98,0.99,-0.0825984470804584,0.226551809752214,NA,1000,100,"shared","35","wilcoxon"
0.188524590163934,0.427745664739884,0.0255839822024472,0.082313681868743,0.99,0.99,-0.0645102981936524,0.23045621133898,0.83,999,100,"shared","35","deseq2_pb"
0.375,0.571428571428571,0.0600667408231368,0.146829810901001,0.9,0.99,-0.207864253542997,0.356902274308279,0.59,999,100,"shared","36","dream_blind"
0.325925925925926,0.535211267605634,0.0489432703003337,0.126807563959956,0.91,0.99,-0.215523307180871,0.358767317391364,0.54,999,100,"shared","36","dream_napari"
0.325925925925926,0.535211267605634,0.0489432703003337,0.126807563959956,0.91,0.99,-0.215523307180871,0.358767317391364,0.54,999,100,"shared","36","dream_quint"
0.866756393001346,0.884259259259259,0.715555555555556,0.848888888888889,0.99,1,-0.10416225775823,0.206461928621824,NA,1000,100,"shared","36","seurat_blind"
0.864754098360656,0.883449883449883,0.703333333333333,0.842222222222222,0.99,1,-0.10416225775823,0.206461928621824,NA,1000,100,"shared","36","seurat_napari"
0.864754098360656,0.883449883449883,0.703333333333333,0.842222222222222,0.99,1,-0.10416225775823,0.206461928621824,NA,1000,100,"shared","36","seurat_quint"
0.863509749303621,0.879663056558363,0.688888888888889,0.812222222222222,0.98,1,-0.10416225775823,0.206461928621824,NA,1000,100,"shared","36","wilcoxon"
0.159663865546218,0.470899470899471,0.0211345939933259,0.0989988876529477,1,1,-0.0486956055796591,0.1840117825635,0.88,999,100,"shared","36","deseq2_pb"
0.380952380952381,0.544186046511628,0.0533333333333333,0.13,0.78,0.98,-0.251053484385452,0.389501673051251,0.49,1000,100,"shared","37","dream_blind"
0.381679389312977,0.548387096774194,0.0555555555555556,0.132222222222222,0.81,0.98,-0.253344322074126,0.387844477102794,0.5,1000,100,"shared","37","dream_napari"
0.381679389312977,0.548387096774194,0.0555555555555556,0.132222222222222,0.81,0.98,-0.253344322074126,0.387844477102794,0.5,1000,100,"shared","37","dream_quint"
0.869565217391304,0.886727688787185,0.733333333333333,0.861111111111111,0.99,0.99,-0.193345133512954,0.298135752919044,NA,1000,100,"shared","37","seurat_blind"
0.87007874015748,0.887115165336374,0.736666666666667,0.864444444444444,0.99,0.99,-0.193345133512954,0.298135752919044,NA,1000,100,"shared","37","seurat_napari"
0.87007874015748,0.887115165336374,0.736666666666667,0.864444444444444,0.99,0.99,-0.193345133512954,0.298135752919044,NA,1000,100,"shared","37","seurat_quint"
0.866396761133603,0.884883720930233,0.713333333333333,0.845555555555556,0.99,0.99,-0.193345133512954,0.298135752919044,NA,1000,100,"shared","37","wilcoxon"
0.220472440944882,0.443820224719101,0.0311111111111111,0.0877777777777778,0.99,0.99,-0.109749475688341,0.26743979740276,0.83,1000,100,"shared","37","deseq2_pb"
0.497076023391813,0.638783269961977,0.0944444444444444,0.186666666666667,0.86,0.95,-0.26469340981309,0.434949178189702,0.58,1000,100,"shared","38","dream_blind"
0.488372093023256,0.640151515151515,0.0933333333333333,0.187777777777778,0.88,0.95,-0.271148843048431,0.435520125465571,0.56,1000,100,"shared","38","dream_napari"
0.488372093023256,0.640151515151515,0.0933333333333333,0.187777777777778,0.88,0.95,-0.271148843048431,0.435520125465571,0.56,1000,100,"shared","38","dream_quint"
0.860230547550432,0.883748517200475,0.663333333333333,0.827777777777778,0.97,0.98,-0.055300723330749,0.208168772384806,NA,1000,100,"shared","38","seurat_blind"
0.854572713643178,0.881642512077295,0.633333333333333,0.811111111111111,0.97,0.98,-0.055300723330749,0.208168772384806,NA,1000,100,"shared","38","seurat_napari"
0.854572713643178,0.881642512077295,0.633333333333333,0.811111111111111,0.97,0.98,-0.055300723330749,0.208168772384806,NA,1000,100,"shared","38","seurat_quint"
0.855439642324888,0.879901960784314,0.637777777777778,0.797777777777778,0.97,0.98,-0.055300723330749,0.208168772384806,NA,1000,100,"shared","38","wilcoxon"
0.177966101694915,0.484210526315789,0.0233853006681514,0.102449888641425,0.97979797979798,0.98989898989899,-0.0275150719803802,0.185875883346359,0.888888888888889,997,99,"shared","38","deseq2_pb"
0.149532710280374,0.50990099009901,0.0177777777777778,0.114444444444444,0.91,0.99,-0.231201368056874,0.360692503477663,0.6,1000,100,"shared","39","dream_blind"
0.155963302752294,0.516908212560386,0.0188888888888889,0.118888888888889,0.92,1,-0.240955500344261,0.361439290641203,0.59,1000,100,"shared","39","dream_napari"
0.155963302752294,0.516908212560386,0.0188888888888889,0.118888888888889,0.92,1,-0.240955500344261,0.361439290641203,0.59,1000,100,"shared","39","dream_quint"
0.849624060150376,0.879081015719468,0.627777777777778,0.807777777777778,1,1,-0.0464755498281242,0.14695012125985,NA,1000,100,"shared","39","seurat_blind"
0.843260188087774,0.873417721518987,0.597777777777778,0.766666666666667,1,1,-0.0464755498281242,0.14695012125985,NA,1000,100,"shared","39","seurat_napari"
0.843260188087774,0.873417721518987,0.597777777777778,0.766666666666667,1,1,-0.0464755498281242,0.14695012125985,NA,1000,100,"shared","39","seurat_quint"
0.849624060150376,0.878493317132442,0.627777777777778,0.803333333333333,1,1,-0.0464755498281242,0.14695012125985,NA,1000,100,"shared","39","wilcoxon"
0.0909090909090909,0.404761904761905,0.0111358574610245,0.0757238307349666,1,1,-0.0513469725757076,0.148801006241832,0.91,998,100,"shared","39","deseq2_pb"
0.265625,0.537037037037037,0.0377777777777778,0.128888888888889,0.94,1,-0.196176074438385,0.328347474698761,0.63,1000,100,"shared","4","dream_blind"
0.263565891472868,0.541284403669725,0.0377777777777778,0.131111111111111,0.95,1,-0.200532234582304,0.327608748752893,0.6,1000,100,"shared","4","dream_napari"
0.263565891472868,0.541284403669725,0.0377777777777778,0.131111111111111,0.95,1,-0.200532234582304,0.327608748752893,0.6,1000,100,"shared","4","dream_quint"
0.84984984984985,0.878345498783455,0.628888888888889,0.802222222222222,1,1,-0.0126794998064942,0.163651704906188,NA,1000,100,"shared","4","seurat_blind"
0.847094801223242,0.878048780487805,0.615555555555556,0.8,1,1,-0.0126794998064942,0.163651704906188,NA,1000,100,"shared","4","seurat_napari"
0.847094801223242,0.878048780487805,0.615555555555556,0.8,1,1,-0.0126794998064942,0.163651704906188,NA,1000,100,"shared","4","seurat_quint"
0.851411589895988,0.876543209876543,0.636666666666667,0.788888888888889,1,1,-0.0126794998064942,0.163651704906188,NA,1000,100,"shared","4","wilcoxon"
0.137931034482759,0.441340782122905,0.0177777777777778,0.0877777777777778,1,1,-0.0387913849854685,0.167283649258279,0.88,1000,100,"shared","4","deseq2_pb"
0.411764705882353,0.59919028340081,0.07,0.164444444444444,0.9,0.99,-0.178555641735037,0.320393994879011,0.59,1000,100,"shared","40","dream_blind"
0.411764705882353,0.597560975609756,0.07,0.163333333333333,0.9,0.99,-0.188393289176008,0.322356740559454,0.58,1000,100,"shared","40","dream_napari"
0.411764705882353,0.597560975609756,0.07,0.163333333333333,0.9,0.99,-0.188393289176008,0.322356740559454,0.58,1000,100,"shared","40","dream_quint"
0.863823933975241,0.883040935672515,0.697777777777778,0.838888888888889,0.99,1,-0.0768964667384832,0.195805983513747,NA,1000,100,"shared","40","seurat_blind"
0.860955056179775,0.882214369846879,0.681111111111111,0.832222222222222,0.99,1,-0.0768964667384832,0.195805983513747,NA,1000,100,"shared","40","seurat_napari"
0.860955056179775,0.882214369846879,0.681111111111111,0.832222222222222,0.99,1,-0.0768964667384832,0.195805983513747,NA,1000,100,"shared","40","seurat_quint"
0.860992907801418,0.879372738238842,0.674444444444444,0.81,0.98,1,-0.0768964667384832,0.195805983513747,NA,1000,100,"shared","40","wilcoxon"
0.115044247787611,0.447513812154696,0.0144766146993318,0.0902004454342984,1,1,-0.0146650349865164,0.180572874388257,0.82,998,100,"shared","40","deseq2_pb"
0.421768707482993,0.608163265306122,0.0688888888888889,0.165555555555556,0.85,0.96,-0.262051259361581,0.416341138916499,0.56,1000,100,"shared","41","dream_blind"
0.414965986394558,0.578947368421053,0.0677777777777778,0.146666666666667,0.86,0.96,-0.267846457321151,0.417210515225795,0.53,1000,100,"shared","41","dream_napari"
0.414965986394558,0.578947368421053,0.0677777777777778,0.146666666666667,0.86,0.96,-0.267846457321151,0.417210515225795,0.53,1000,100,"shared","41","dream_quint"
0.855457227138643,0.880810488676996,0.644444444444444,0.821111111111111,0.98,1,-0.0104282163381877,0.195984091546626,NA,1000,100,"shared","41","seurat_blind"
0.844444444444444,0.872122762148338,0.591111111111111,0.757777777777778,0.98,1,-0.0104282163381877,0.195984091546626,NA,1000,100,"shared","41","seurat_napari"
0.844444444444444,0.872122762148338,0.591111111111111,0.757777777777778,0.98,1,-0.0104282163381877,0.195984091546626,NA,1000,100,"shared","41","seurat_quint"
0.850381679389313,0.873417721518987,0.618888888888889,0.766666666666667,0.98,1,-0.0104282163381877,0.195984091546626,NA,1000,100,"shared","41","wilcoxon"
0.147826086956522,0.4375,0.0189309576837416,0.0857461024498886,0.98,0.99,-0.0457712343330351,0.200861202923249,0.83,998,100,"shared","41","deseq2_pb"
0.283464566929134,0.55,0.04,0.134444444444444,0.91,0.99,-0.260745404900254,0.414448661832249,0.46,1000,100,"shared","42","dream_blind"
0.256198347107438,0.519417475728155,0.0344444444444444,0.118888888888889,0.9,0.99,-0.269335996794061,0.418443906181711,0.46,1000,100,"shared","42","dream_napari"
0.256198347107438,0.519417475728155,0.0344444444444444,0.118888888888889,0.9,0.99,-0.269335996794061,0.418443906181711,0.46,1000,100,"shared","42","dream_quint"
0.859773371104816,0.881796690307329,0.674444444444444,0.828888888888889,0.99,1,-0.05657800839538,0.186582732317165,NA,1000,100,"shared","42","seurat_blind"
0.855474452554745,0.8805256869773,0.651111111111111,0.818888888888889,0.99,1,-0.05657800839538,0.186582732317165,NA,1000,100,"shared","42","seurat_napari"
0.855474452554745,0.8805256869773,0.651111111111111,0.818888888888889,0.99,1,-0.05657800839538,0.186582732317165,NA,1000,100,"shared","42","seurat_quint"
0.855263157894737,0.878934624697337,0.65,0.806666666666667,0.99,1,-0.05657800839538,0.186582732317165,NA,1000,100,"shared","42","wilcoxon"
0.224806201550388,0.489795918367347,0.0322222222222222,0.106666666666667,1,1,-0.020600251452826,0.180678895342168,0.85,1000,100,"shared","42","deseq2_pb"
0.235294117647059,0.5625,0.0311111111111111,0.14,0.91,0.98,-0.218134185103209,0.369051156748223,0.54,1000,100,"shared","43","dream_blind"
0.224137931034483,0.512437810945274,0.0288888888888889,0.114444444444444,0.9,0.98,-0.226006808282164,0.369670609018394,0.52,1000,100,"shared","43","dream_napari"
0.224137931034483,0.512437810945274,0.0288888888888889,0.114444444444444,0.9,0.98,-0.226006808282164,0.369670609018394,0.52,1000,100,"shared","43","dream_quint"
0.855072463768116,0.879518072289157,0.655555555555556,0.811111111111111,1,1,-0.0680020859699588,0.196323030698111,NA,1000,100,"shared","43","seurat_blind"
0.851411589895988,0.875930521091811,0.636666666666667,0.784444444444444,1,1,-0.0680020859699588,0.196323030698111,NA,1000,100,"shared","43","seurat_napari"
0.851411589895988,0.875930521091811,0.636666666666667,0.784444444444444,1,1,-0.0680020859699588,0.196323030698111,NA,1000,100,"shared","43","seurat_quint"
0.851190476190476,0.877600979192167,0.635555555555556,0.796666666666667,1,1,-0.0680020859699588,0.196323030698111,NA,1000,100,"shared","43","wilcoxon"
0.145299145299145,0.397590361445783,0.0188888888888889,0.0733333333333333,1,1,-0.0359985478249248,0.186608669587179,0.82,1000,100,"shared","43","deseq2_pb"
0.439490445859873,0.611336032388664,0.0767519466073415,0.167964404894327,0.88,0.96,-0.256899474353485,0.372524719957818,0.59,999,100,"shared","44","dream_blind"
0.435897435897436,0.601659751037344,0.0756395995550612,0.161290322580645,0.88,0.96,-0.262236877186771,0.373774026408617,0.58,999,100,"shared","44","dream_napari"
0.435897435897436,0.601659751037344,0.0756395995550612,0.161290322580645,0.88,0.96,-0.262236877186771,0.373774026408617,0.58,999,100,"shared","44","dream_quint"
0.857962697274032,0.881516587677725,0.664444444444444,0.826666666666667,0.99,1,-0.0362564068433826,0.674804422344312,NA,1000,100,"shared","44","seurat_blind"
0.852459016393443,0.879227053140097,0.635555555555556,0.808888888888889,0.99,1,-0.0362564068433826,0.674804422344312,NA,1000,100,"shared","44","seurat_napari"
0.852459016393443,0.879227053140097,0.635555555555556,0.808888888888889,0.99,1,-0.0362564068433826,0.674804422344312,NA,1000,100,"shared","44","seurat_quint"
0.84984984984985,0.877149877149877,0.628888888888889,0.793333333333333,1,1,-0.0362564068433826,0.674804422344312,NA,1000,100,"shared","44","wilcoxon"
0.224806201550388,0.481865284974093,0.032329988851728,0.103678929765886,1,1,0.0296664944641311,1.06734128981325,0.8,997,100,"shared","44","deseq2_pb"
0.485714285714286,0.658620689655172,0.0944444444444444,0.212222222222222,0.9,0.99,-0.203923257013227,0.356334664002574,0.58,1000,100,"shared","45","dream_blind"
0.464705882352941,0.657439446366782,0.0877777777777778,0.211111111111111,0.91,0.99,-0.210830286650545,0.357040436611935,0.57,1000,100,"shared","45","dream_napari"
0.464705882352941,0.657439446366782,0.0877777777777778,0.211111111111111,0.91,0.99,-0.210830286650545,0.357040436611935,0.57,1000,100,"shared","45","dream_quint"
0.858166189111748,0.882282996432818,0.665555555555556,0.824444444444444,0.99,0.99,-0.0161594694722445,0.19344745629902,NA,1000,100,"shared","45","seurat_blind"
0.855263157894737,0.88,0.65,0.806666666666667,0.99,0.99,-0.0161594694722445,0.19344745629902,NA,1000,100,"shared","45","seurat_napari"
0.855263157894737,0.88,0.65,0.806666666666667,0.99,0.99,-0.0161594694722445,0.19344745629902,NA,1000,100,"shared","45","seurat_quint"
0.854838709677419,0.88,0.647777777777778,0.806666666666667,0.99,0.99,-0.0161594694722445,0.19344745629902,NA,1000,100,"shared","45","wilcoxon"
0.123893805309735,0.464864864864865,0.0155728587319244,0.0956618464961068,0.99,0.99,-0.00984683643393765,0.187002353415451,0.86,999,100,"shared","45","deseq2_pb"
0.402597402597403,0.612648221343874,0.0688888888888889,0.172222222222222,0.92,0.98,-0.206501598065417,0.374765310502316,0.62,1000,100,"shared","46","dream_blind"
0.394736842105263,0.6,0.0666666666666667,0.163333333333333,0.92,0.98,-0.214564748563264,0.373834435999563,0.6,1000,100,"shared","46","dream_napari"
0.394736842105263,0.6,0.0666666666666667,0.163333333333333,0.92,0.98,-0.214564748563264,0.373834435999563,0.6,1000,100,"shared","46","dream_quint"
0.85632183908046,0.880239520958084,0.662222222222222,0.816666666666667,1,1,0.0188991670803807,0.174134658996916,NA,1000,100,"shared","46","seurat_blind"
0.851411589895988,0.879081015719468,0.636666666666667,0.807777777777778,1,1,0.0188991670803807,0.174134658996916,NA,1000,100,"shared","46","seurat_napari"
0.851411589895988,0.879081015719468,0.636666666666667,0.807777777777778,1,1,0.0188991670803807,0.174134658996916,NA,1000,100,"shared","46","seurat_quint"
0.854439592430859,0.879518072289157,0.652222222222222,0.811111111111111,1,1,0.0188991670803807,0.174134658996916,NA,1000,100,"shared","46","wilcoxon"
0.173553719008264,0.456521739130435,0.0233333333333333,0.0933333333333333,1,1,-0.0100582428370905,0.177131897732708,0.9,1000,100,"shared","46","deseq2_pb"
0.412903225806452,0.612,0.0711902113459399,0.170189098998888,0.91,0.97,-0.260299321070955,0.387994403854063,0.51,999,100,"shared","47","dream_blind"
0.393333333333333,0.606425702811245,0.0656284760845384,0.167964404894327,0.91,0.98,-0.270897954057891,0.389394025928281,0.49,999,100,"shared","47","dream_napari"
0.393333333333333,0.606425702811245,0.0656284760845384,0.167964404894327,0.91,0.98,-0.270897954057891,0.389394025928281,0.49,999,100,"shared","47","dream_quint"
0.86737400530504,0.887133182844244,0.726666666666667,0.873333333333333,1,1,-0.167459278374494,0.2493905318856,NA,1000,100,"shared","47","seurat_blind"
0.861687413554634,0.883313885647608,0.692222222222222,0.841111111111111,1,1,-0.167459278374494,0.2493905318856,NA,1000,100,"shared","47","seurat_napari"
0.861687413554634,0.883313885647608,0.692222222222222,0.841111111111111,1,1,-0.167459278374494,0.2493905318856,NA,1000,100,"shared","47","seurat_quint"
0.861111111111111,0.882075471698113,0.688888888888889,0.831111111111111,1,1,-0.167459278374494,0.2493905318856,NA,1000,100,"shared","47","wilcoxon"
0.166666666666667,0.473684210526316,0.022271714922049,0.10022271714922,1,1,-0.0573899395984596,0.192202989865312,0.79,998,100,"shared","47","deseq2_pb"
0.424050632911392,0.616858237547893,0.0744444444444444,0.178888888888889,0.91,1,-0.178004617386102,0.30903433070183,0.63,1000,100,"shared","48","dream_blind"
0.451807228915663,0.625,0.0833333333333333,0.183333333333333,0.91,0.99,-0.190086796903287,0.313111348722617,0.58,1000,100,"shared","48","dream_napari"
0.451807228915663,0.625,0.0833333333333333,0.183333333333333,0.91,0.99,-0.190086796903287,0.313111348722617,0.58,1000,100,"shared","48","dream_quint"
0.855907780979827,0.881516587677725,0.66,0.826666666666667,1,1,-0.0637111634735435,0.198367137661001,NA,1000,100,"shared","48","seurat_blind"
0.854439592430859,0.878787878787879,0.652222222222222,0.805555555555556,1,1,-0.0637111634735435,0.198367137661001,NA,1000,100,"shared","48","seurat_napari"
0.854439592430859,0.878787878787879,0.652222222222222,0.805555555555556,1,1,-0.0637111634735435,0.198367137661001,NA,1000,100,"shared","48","seurat_quint"
0.856521739130435,0.881235154394299,0.656666666666667,0.824444444444444,0.99,1,-0.0637111634735435,0.198367137661001,NA,1000,100,"shared","48","wilcoxon"
0.166666666666667,0.46524064171123,0.0222222222222222,0.0966666666666667,1,1,-0.0444546699467545,0.195376759617693,0.83,1000,100,"shared","48","deseq2_pb"
0.330882352941176,0.556561085972851,0.05,0.136666666666667,0.91,0.98,-0.224643201620105,0.39817735089712,0.52,1000,100,"shared","49","dream_blind"
0.3046875,0.554545454545455,0.0433333333333333,0.135555555555556,0.89,0.98,-0.230717441591799,0.397368500524149,0.5,1000,100,"shared","49","dream_napari"
0.3046875,0.554545454545455,0.0433333333333333,0.135555555555556,0.89,0.98,-0.230717441591799,0.397368500524149,0.5,1000,100,"shared","49","dream_quint"
0.848909657320872,0.878228782287823,0.605555555555556,0.793333333333333,0.97,0.99,0.0296184371422657,0.213185871045622,NA,1000,100,"shared","49","seurat_blind"
0.843548387096774,0.87515923566879,0.581111111111111,0.763333333333333,0.97,0.98,0.0296184371422657,0.213185871045622,NA,1000,100,"shared","49","seurat_napari"
0.843548387096774,0.87515923566879,0.581111111111111,0.763333333333333,0.97,0.98,0.0296184371422657,0.213185871045622,NA,1000,100,"shared","49","seurat_quint"
0.852307692307692,0.880923450789793,0.615555555555556,0.805555555555556,0.96,0.98,0.0296184371422657,0.213185871045622,NA,1000,100,"shared","49","wilcoxon"
0.183333333333333,0.440677966101695,0.0244716351501669,0.0867630700778643,0.98,0.99,-0.0307077790196908,0.210193095948409,0.79,999,100,"shared","49","deseq2_pb"
0.410596026490066,0.604938271604938,0.0688888888888889,0.163333333333333,0.89,0.96,-0.216818663521395,0.349328786246608,0.58,1000,100,"shared","5","dream_blind"
0.391891891891892,0.584415584415584,0.0644444444444444,0.15,0.9,0.96,-0.227048012954761,0.352981023579507,0.56,1000,100,"shared","5","dream_napari"
0.391891891891892,0.584415584415584,0.0644444444444444,0.15,0.9,0.96,-0.227048012954761,0.352981023579507,0.56,1000,100,"shared","5","dream_quint"
0.853157121879589,0.883720930232558,0.645555555555556,0.844444444444444,1,1,-0.0249093685319607,0.173800755440068,NA,1000,100,"shared","5","seurat_blind"
0.84447900466563,0.876695437731196,0.603333333333333,0.79,1,1,-0.0249093685319607,0.173800755440068,NA,1000,100,"shared","5","seurat_napari"
0.84447900466563,0.876695437731196,0.603333333333333,0.79,1,1,-0.0249093685319607,0.173800755440068,NA,1000,100,"shared","5","seurat_quint"
0.84984984984985,0.877450980392157,0.628888888888889,0.795555555555556,1,1,-0.0249093685319607,0.173800755440068,NA,1000,100,"shared","5","wilcoxon"
0.159663865546218,0.444444444444444,0.0211111111111111,0.0888888888888889,1,1,-0.0392740391989859,0.177083135521725,0.88,1000,100,"shared","5","deseq2_pb"
0.389261744966443,0.598360655737705,0.0644444444444444,0.162222222222222,0.91,0.98,-0.202847009160129,0.369693055946276,0.55,1000,100,"shared","50","dream_blind"
0.401315789473684,0.586497890295359,0.0677777777777778,0.154444444444444,0.91,0.98,-0.208596741423189,0.370450880772299,0.52,1000,100,"shared","50","dream_napari"
0.401315789473684,0.586497890295359,0.0677777777777778,0.154444444444444,0.91,0.98,-0.208596741423189,0.370450880772299,0.52,1000,100,"shared","50","dream_quint"
0.852289512555391,0.880810488676996,0.641111111111111,0.821111111111111,1,1,0.0883430132416747,0.671548549308965,NA,1000,100,"shared","50","seurat_blind"
0.845679012345679,0.873737373737374,0.608888888888889,0.768888888888889,1,1,0.0883430132416747,0.671548549308965,NA,1000,100,"shared","50","seurat_napari"
0.845679012345679,0.873737373737374,0.608888888888889,0.768888888888889,1,1,0.0883430132416747,0.671548549308965,NA,1000,100,"shared","50","seurat_quint"
0.84984984984985,0.879372738238842,0.628888888888889,0.81,1,1,0.0883430132416747,0.671548549308965,NA,1000,100,"shared","50","wilcoxon"
0.145299145299145,0.470899470899471,0.0189309576837416,0.099109131403118,1,1,0.0762900310589485,1.05871430264858,0.82,998,100,"shared","50","deseq2_pb"
0.422360248447205,0.614785992217899,0.0755555555555556,0.175555555555556,0.93,0.99,-0.193038998205129,0.333216213089005,0.63,1000,100,"shared","6","dream_blind"
0.408805031446541,0.603238866396761,0.0722222222222222,0.165555555555556,0.94,0.98,-0.201380469420177,0.3370340148161,0.61,1000,100,"shared","6","dream_napari"
0.408805031446541,0.603238866396761,0.0722222222222222,0.165555555555556,0.94,0.98,-0.201380469420177,0.3370340148161,0.61,1000,100,"shared","6","dream_quint"
0.866302864938608,0.88568129330254,0.705555555555556,0.852222222222222,0.98,0.99,-0.0390700827377171,0.685075346781797,NA,1000,100,"shared","6","seurat_blind"
0.862937062937063,0.88339222614841,0.685555555555556,0.833333333333333,0.98,0.99,-0.0390700827377171,0.685075346781797,NA,1000,100,"shared","6","seurat_napari"
0.862937062937063,0.88339222614841,0.685555555555556,0.833333333333333,0.98,0.99,-0.0390700827377171,0.685075346781797,NA,1000,100,"shared","6","seurat_quint"
0.861538461538462,0.881294964028777,0.684444444444444,0.816666666666667,0.99,0.99,-0.0390700827377171,0.685075346781797,NA,1000,100,"shared","6","wilcoxon"
0.147826086956522,0.467741935483871,0.0189309576837416,0.0968819599109131,0.98,0.99,0.065724195972104,1.06608896064098,0.83,998,100,"shared","6","deseq2_pb"
0.216216216216216,0.5,0.0266963292547275,0.10678531701891,0.87,0.96,-0.210100460433527,0.355334968828737,0.65,999,100,"shared","7","dream_blind"
0.156862745098039,0.472527472527473,0.017797552836485,0.0956618464961068,0.86,0.96,-0.218137136476706,0.356353058283134,0.62,999,100,"shared","7","dream_napari"
0.156862745098039,0.472527472527473,0.017797552836485,0.0956618464961068,0.86,0.96,-0.218137136476706,0.356353058283134,0.62,999,100,"shared","7","dream_quint"
0.870445344129555,0.885780885780886,0.716666666666667,0.844444444444444,0.96,0.98,-0.107986228052158,0.204138325126756,NA,1000,100,"shared","7","seurat_blind"
0.862068965517241,0.882211538461538,0.666666666666667,0.815555555555556,0.96,0.98,-0.107986228052158,0.204138325126756,NA,1000,100,"shared","7","seurat_napari"
0.862068965517241,0.882211538461538,0.666666666666667,0.815555555555556,0.96,0.98,-0.107986228052158,0.204138325126756,NA,1000,100,"shared","7","seurat_quint"
0.859649122807018,0.882840236686391,0.653333333333333,0.828888888888889,0.96,0.99,-0.107986228052158,0.204138325126756,NA,1000,100,"shared","7","wilcoxon"
0.127272727272727,0.446327683615819,0.0156075808249721,0.0880713489409142,0.96,0.98,-0.0723952659085961,0.18400973709098,0.89,997,100,"shared","7","deseq2_pb"
0.338235294117647,0.593220338983051,0.0511679644048943,0.155728587319244,0.9,0.96,-0.232773462291372,0.378361279869381,0.62,999,100,"shared","8","dream_blind"
0.352517985611511,0.582608695652174,0.0545050055617353,0.149054505005562,0.9,0.96,-0.237957421854166,0.379455671980393,0.63,999,100,"shared","8","dream_napari"
0.352517985611511,0.582608695652174,0.0545050055617353,0.149054505005562,0.9,0.96,-0.237957421854166,0.379455671980393,0.63,999,100,"shared","8","dream_quint"
0.863823933975241,0.883177570093458,0.697777777777778,0.84,0.99,1,-0.0948114627759546,0.190915709202232,NA,1000,100,"shared","8","seurat_blind"
0.860366713681241,0.880810488676996,0.677777777777778,0.821111111111111,0.99,1,-0.0948114627759546,0.190915709202232,NA,1000,100,"shared","8","seurat_napari"
0.860366713681241,0.880810488676996,0.677777777777778,0.821111111111111,0.99,1,-0.0948114627759546,0.190915709202232,NA,1000,100,"shared","8","seurat_quint"
0.859574468085106,0.882352941176471,0.673333333333333,0.833333333333333,0.99,1,-0.0948114627759546,0.190915709202232,NA,1000,100,"shared","8","wilcoxon"
0.2,0.462365591397849,0.0278396436525612,0.0957683741648107,1,1,-0.0512399015474203,0.173508739897491,0.9,998,100,"shared","8","deseq2_pb"
0.141414141414141,0.467032967032967,0.0155555555555556,0.0944444444444444,0.85,0.97,-0.212189899331886,0.37065335339169,0.56,1000,100,"shared","9","dream_blind"
0.16,0.475675675675676,0.0177777777777778,0.0977777777777778,0.84,0.97,-0.215899074973969,0.373023403412071,0.55,1000,100,"shared","9","dream_napari"
0.16,0.475675675675676,0.0177777777777778,0.0977777777777778,0.84,0.97,-0.215899074973969,0.373023403412071,0.55,1000,100,"shared","9","dream_quint"
0.87007874015748,0.886492622020431,0.736666666666667,0.867777777777778,0.99,1,-0.138502163540883,0.235217826094071,NA,1000,100,"shared","9","seurat_blind"
0.870925684485007,0.886234357224118,0.742222222222222,0.865555555555556,0.99,1,-0.138502163540883,0.235217826094071,NA,1000,100,"shared","9","seurat_napari"
0.870925684485007,0.886234357224118,0.742222222222222,0.865555555555556,0.99,1,-0.138502163540883,0.235217826094071,NA,1000,100,"shared","9","seurat_quint"
0.8625,0.881516587677725,0.69,0.826666666666667,0.99,1,-0.138502163540883,0.235217826094071,NA,1000,100,"shared","9","wilcoxon"
0.0917431192660551,0.425287356321839,0.0111111111111111,0.0822222222222222,0.99,1,-0.0634978871509729,0.200534678441191,0.78,1000,100,"shared","9","deseq2_pb"
0.6,0.589595375722543,0.0366666666666667,0.113333333333333,0.22,0.71,-1.08027438418629,1.09930703879251,0,1000,100,"region_specific","1","dream_blind"
0.538461538461538,0.595890410958904,0.0233333333333333,0.0966666666666667,0.18,0.59,-1.14354847716322,1.16010482399617,0,1000,100,"region_specific","1","dream_napari"
0.538461538461538,0.595890410958904,0.0233333333333333,0.0966666666666667,0.18,0.59,-1.14354847716322,1.16010482399617,0,1000,100,"region_specific","1","dream_quint"
0.46524064171123,0.622641509433962,0.0966666666666667,0.183333333333333,1,1,-0.281762642370916,0.443167750963358,0.64,1000,100,"region_specific","1","dream_interaction"
0.843354430379747,0.875628140703518,0.592222222222222,0.774444444444444,0.99,0.99,-0.808698955232532,0.838303097347475,NA,1000,100,"region_specific","1","seurat_blind"
0.841243862520458,0.8715953307393,0.571111111111111,0.746666666666667,0.97,0.99,-0.808698955232532,0.838303097347475,NA,1000,100,"region_specific","1","seurat_napari"
0.841243862520458,0.8715953307393,0.571111111111111,0.746666666666667,0.97,0.99,-0.808698955232532,0.838303097347475,NA,1000,100,"region_specific","1","seurat_quint"
0.843601895734597,0.87515762925599,0.593333333333333,0.771111111111111,0.99,0.99,-0.808698955232532,0.838303097347475,NA,1000,100,"region_specific","1","wilcoxon"
0.128712871287129,0.404907975460123,0.014460511679644,0.0734149054505006,0.88,0.97,-0.83555828695733,0.865088654896543,0.02,999,100,"region_specific","1","deseq2_pb"
0.333333333333333,0.513698630136986,0.00888888888888889,0.0833333333333333,0.16,0.71,-1.12272826168475,1.14244053972251,0,1000,100,"region_specific","10","dream_blind"
0.35,0.578125,0.00777777777777778,0.0822222222222222,0.13,0.54,-1.18271954984017,1.19850924006662,0,1000,100,"region_specific","10","dream_napari"
0.35,0.578125,0.00777777777777778,0.0822222222222222,0.13,0.54,-1.18271954984017,1.19850924006662,0,1000,100,"region_specific","10","dream_quint"
0.239669421487603,0.53921568627451,0.0322222222222222,0.122222222222222,0.92,0.94,-0.400898045771497,0.614691779128349,0.57,1000,100,"region_specific","10","dream_interaction"
0.852614896988906,0.88039457459926,0.597777777777778,0.793333333333333,0.93,0.97,-0.903957290799295,0.926916417014894,NA,1000,100,"region_specific","10","seurat_blind"
0.856682769726248,0.880201765447667,0.591111111111111,0.775555555555556,0.89,0.95,-0.903957290799295,0.926916417014894,NA,1000,100,"region_specific","10","seurat_napari"
0.856682769726248,0.880201765447667,0.591111111111111,0.775555555555556,0.89,0.95,-0.903957290799295,0.926916417014894,NA,1000,100,"region_specific","10","seurat_quint"
0.864406779661017,0.886138613861386,0.623333333333333,0.795555555555556,0.88,0.92,-0.903957290799295,0.926916417014894,NA,1000,100,"region_specific","10","wilcoxon"
0.156862745098039,0.452380952380952,0.017797552836485,0.0845383759733037,0.86,0.92,-0.855486415760253,0.880209606745232,0.01,999,100,"region_specific","10","deseq2_pb"
0.166666666666667,0.557142857142857,0.00333333333333333,0.0866666666666667,0.15,0.62,-1.09562466820943,1.11446715052557,0,1000,100,"region_specific","11","dream_blind"
0.166666666666667,0.571428571428571,0.00111111111111111,0.0666666666666667,0.05,0.45,-1.17161042336589,1.1873241020017,0,1000,100,"region_specific","11","dream_napari"
0.166666666666667,0.571428571428571,0.00111111111111111,0.0666666666666667,0.05,0.45,-1.17161042336589,1.1873241020017,0,1000,100,"region_specific","11","dream_quint"
0.365384615384615,0.574468085106383,0.0633333333333333,0.15,0.99,1,-0.318116525371563,0.460619685962926,0.59,1000,100,"region_specific","11","dream_interaction"
0.856278366111952,0.882138517618469,0.628888888888889,0.806666666666667,0.95,0.97,-0.829925165537362,1.02393036006427,NA,1000,100,"region_specific","11","seurat_blind"
0.852512155591572,0.87708066581306,0.584444444444444,0.761111111111111,0.91,0.96,-0.829925165537362,1.02393036006427,NA,1000,100,"region_specific","11","seurat_napari"
0.852512155591572,0.87708066581306,0.584444444444444,0.761111111111111,0.91,0.96,-0.829925165537362,1.02393036006427,NA,1000,100,"region_specific","11","seurat_quint"
0.860119047619048,0.884197828709288,0.642222222222222,0.814444444444444,0.94,0.96,-0.829925165537362,1.02393036006427,NA,1000,100,"region_specific","11","wilcoxon"
0.0947368421052632,0.447058823529412,0.0100334448160535,0.084726867335563,0.86,0.94,-0.761649231160331,1.25567371185964,0.02,997,100,"region_specific","11","deseq2_pb"
0.384615384615385,0.6125,0.0111111111111111,0.108888888888889,0.16,0.62,-1.11026167023973,1.13266130556243,0,1000,100,"region_specific","12","dream_blind"
0.363636363636364,0.611940298507463,0.00888888888888889,0.0911111111111111,0.14,0.52,-1.17119746369243,1.19009467229564,0,1000,100,"region_specific","12","dream_napari"
0.363636363636364,0.611940298507463,0.00888888888888889,0.0911111111111111,0.14,0.52,-1.17119746369243,1.19009467229564,0,1000,100,"region_specific","12","dream_quint"
0.454545454545455,0.612648221343874,0.0888888888888889,0.172222222222222,0.96,0.98,-0.352249733025032,0.565117723426915,0.57,1000,100,"region_specific","12","dream_interaction"
0.857580398162328,0.882850241545894,0.622222222222222,0.812222222222222,0.93,0.97,-0.920275616471387,0.943997444685703,NA,1000,100,"region_specific","12","seurat_blind"
0.863492063492064,0.880559085133418,0.604444444444444,0.77,0.86,0.94,-0.920275616471387,0.943997444685703,NA,1000,100,"region_specific","12","seurat_napari"
0.863492063492064,0.880559085133418,0.604444444444444,0.77,0.86,0.94,-0.920275616471387,0.943997444685703,NA,1000,100,"region_specific","12","seurat_quint"
0.86412213740458,0.881773399014778,0.628888888888889,0.795555555555556,0.89,0.96,-0.920275616471387,0.943997444685703,NA,1000,100,"region_specific","12","wilcoxon"
0.18,0.471590909090909,0.02,0.0922222222222222,0.82,0.93,-0.86605673420623,0.891949056962198,0.01,1000,100,"region_specific","12","deseq2_pb"
0.434782608695652,0.568493150684932,0.0111234705228031,0.0923248053392658,0.13,0.63,-1.10576636552014,1.12443328614764,0,999,100,"region_specific","13","dream_blind"
0.285714285714286,0.526315789473684,0.00444938820912125,0.0667408231368187,0.1,0.54,-1.17328976657675,1.19019132318656,0,999,100,"region_specific","13","dream_napari"
0.285714285714286,0.526315789473684,0.00444938820912125,0.0667408231368187,0.1,0.54,-1.17328976657675,1.19019132318656,0,999,100,"region_specific","13","dream_quint"
0.406060606060606,0.617760617760618,0.0745272525027809,0.17797552836485,0.98,0.99,-0.344569810940943,0.510962155532406,0.55,999,100,"region_specific","13","dream_interaction"
0.83993399339934,0.873417721518987,0.565555555555556,0.766666666666667,0.97,1,-0.836294157959054,0.861127134844273,NA,1000,100,"region_specific","13","seurat_blind"
0.831304347826087,0.869736842105263,0.531111111111111,0.734444444444444,0.97,0.99,-0.836294157959054,0.861127134844273,NA,1000,100,"region_specific","13","seurat_napari"
0.831304347826087,0.869736842105263,0.531111111111111,0.734444444444444,0.97,0.99,-0.836294157959054,0.861127134844273,NA,1000,100,"region_specific","13","seurat_quint"
0.841845140032949,0.873239436619718,0.567777777777778,0.757777777777778,0.96,0.99,-0.836294157959054,0.861127134844273,NA,1000,100,"region_specific","13","wilcoxon"
0.185840707964602,0.489473684210526,0.0233853006681514,0.103563474387528,0.92,0.97,-0.849385076021429,0.874294087648366,0.01,998,100,"region_specific","13","deseq2_pb"
0.4,0.640883977900553,0.02,0.128888888888889,0.27,0.65,-1.10722559367745,1.12408716851142,0,1000,100,"region_specific","14","dream_blind"
0.366666666666667,0.609271523178808,0.0122222222222222,0.102222222222222,0.19,0.59,-1.17331354852614,1.18773829880194,0,1000,100,"region_specific","14","dream_napari"
0.366666666666667,0.609271523178808,0.0122222222222222,0.102222222222222,0.19,0.59,-1.17331354852614,1.18773829880194,0,1000,100,"region_specific","14","dream_quint"
0.4,0.598393574297189,0.0733333333333333,0.165555555555556,0.99,1,-0.320291845158779,0.471842966990124,0.62,1000,100,"region_specific","14","dream_interaction"
0.854383358098068,0.882352941176471,0.638888888888889,0.816666666666667,0.98,0.98,-0.93227284903409,0.951936107911022,NA,1000,100,"region_specific","14","seurat_blind"
0.853080568720379,0.879594423320659,0.6,0.771111111111111,0.93,0.95,-0.93227284903409,0.951936107911022,NA,1000,100,"region_specific","14","seurat_napari"
0.853080568720379,0.879594423320659,0.6,0.771111111111111,0.93,0.95,-0.93227284903409,0.951936107911022,NA,1000,100,"region_specific","14","seurat_quint"
0.857562408223201,0.883413461538462,0.648888888888889,0.816666666666667,0.97,0.97,-0.93227284903409,0.951936107911022,NA,1000,100,"region_specific","14","wilcoxon"
0.16,0.483870967741935,0.017797552836485,0.100111234705228,0.84,0.96,-0.869560500684061,0.891640059030136,0.01,999,100,"region_specific","14","deseq2_pb"
0.314285714285714,0.572368421052632,0.0122222222222222,0.0966666666666667,0.24,0.65,-1.10257538016505,1.12325035084499,0,1000,100,"region_specific","15","dream_blind"
0.15,0.5703125,0.00333333333333333,0.0811111111111111,0.17,0.55,-1.17100119537071,1.18865287331956,0,1000,100,"region_specific","15","dream_napari"
0.15,0.5703125,0.00333333333333333,0.0811111111111111,0.17,0.55,-1.17100119537071,1.18865287331956,0,1000,100,"region_specific","15","dream_quint"
0.286764705882353,0.572052401746725,0.0433333333333333,0.145555555555556,0.97,0.98,-0.363338754961478,0.540178795912006,0.53,1000,100,"region_specific","15","dream_interaction"
0.845669291338583,0.877018633540373,0.596666666666667,0.784444444444444,0.98,0.99,-0.844825477713679,0.87305252962442,NA,1000,100,"region_specific","15","seurat_blind"
0.8500823723229,0.87434554973822,0.573333333333333,0.742222222222222,0.91,0.96,-0.844825477713679,0.87305252962442,NA,1000,100,"region_specific","15","seurat_napari"
0.8500823723229,0.87434554973822,0.573333333333333,0.742222222222222,0.91,0.96,-0.844825477713679,0.87305252962442,NA,1000,100,"region_specific","15","seurat_quint"
0.856025039123631,0.876574307304786,0.607777777777778,0.773333333333333,0.92,0.98,-0.844825477713679,0.87305252962442,NA,1000,100,"region_specific","15","wilcoxon"
0.129032258064516,0.431137724550898,0.0133333333333333,0.08,0.81,0.95,-0.856691597740103,0.884449097147607,0.01,1000,100,"region_specific","15","deseq2_pb"
0.333333333333333,0.645833333333333,0.00556173526140156,0.137931034482759,0.1,0.68,-1.0992159626097,1.11785678250805,0,999,100,"region_specific","16","dream_blind"
0.25,0.648148148148148,0.00111234705228031,0.116796440489433,0.03,0.57,-1.16736117325579,1.1825048513818,0,999,100,"region_specific","16","dream_napari"
0.25,0.648148148148148,0.00111234705228031,0.116796440489433,0.03,0.57,-1.16736117325579,1.1825048513818,0,999,100,"region_specific","16","dream_quint"
0.475935828877005,0.657534246575342,0.100112485939258,0.215973003374578,0.98,1,-0.33636189522274,0.49745424034346,0.55,989,100,"region_specific","16","dream_interaction"
0.85459940652819,0.880722891566265,0.64,0.812222222222222,0.98,0.99,-0.952030881811444,0.97158788322333,NA,1000,100,"region_specific","16","seurat_blind"
0.8500823723229,0.879699248120301,0.573333333333333,0.78,0.91,0.96,-0.952030881811444,0.97158788322333,NA,1000,100,"region_specific","16","seurat_napari"
0.8500823723229,0.879699248120301,0.573333333333333,0.78,0.91,0.96,-0.952030881811444,0.97158788322333,NA,1000,100,"region_specific","16","seurat_quint"
0.85972850678733,0.880145278450363,0.633333333333333,0.807777777777778,0.93,0.99,-0.952030881811444,0.97158788322333,NA,1000,100,"region_specific","16","wilcoxon"
0.191304347826087,0.469945355191257,0.0244988864142539,0.0957683741648107,0.93,0.97,-0.84376581623776,0.866784125583757,0.01,998,100,"region_specific","16","deseq2_pb"
0.517241379310345,0.629139072847682,0.0166666666666667,0.105555555555556,0.14,0.56,-1.13880531904216,1.15583671969942,0,1000,100,"region_specific","17","dream_blind"
0.545454545454545,0.608333333333333,0.00666666666666667,0.0811111111111111,0.05,0.47,-1.20856492103563,1.22202843980215,0,1000,100,"region_specific","17","dream_napari"
0.545454545454545,0.608333333333333,0.00666666666666667,0.0811111111111111,0.05,0.47,-1.20856492103563,1.22202843980215,0,1000,100,"region_specific","17","dream_quint"
0.454022988505747,0.620553359683794,0.0877777777777778,0.174444444444444,0.95,0.96,-0.406335493552997,0.577764866745784,0.56,1000,100,"region_specific","17","dream_interaction"
0.853881278538813,0.880923450789793,0.623333333333333,0.805555555555556,0.96,0.98,-0.882066772215754,0.90771018247828,NA,1000,100,"region_specific","17","seurat_blind"
0.858064516129032,0.881163084702908,0.591111111111111,0.774444444444444,0.88,0.94,-0.882066772215754,0.90771018247828,NA,1000,100,"region_specific","17","seurat_napari"
0.858064516129032,0.881163084702908,0.591111111111111,0.774444444444444,0.88,0.94,-0.882066772215754,0.90771018247828,NA,1000,100,"region_specific","17","seurat_quint"
0.860182370820669,0.881127450980392,0.628888888888889,0.798888888888889,0.92,0.97,-0.882066772215754,0.90771018247828,NA,1000,100,"region_specific","17","wilcoxon"
0.168316831683168,0.439024390243902,0.0188888888888889,0.08,0.84,0.92,-0.863553324087311,0.891061628367255,0.01,1000,100,"region_specific","17","deseq2_pb"
0.729166666666667,0.682291666666667,0.0388888888888889,0.145555555555556,0.13,0.61,-1.14353324434048,1.16384158519289,0,1000,100,"region_specific","18","dream_blind"
0.666666666666667,0.706214689265537,0.00444444444444444,0.138888888888889,0.02,0.52,-1.2065560730025,1.22307677809167,0,1000,100,"region_specific","18","dream_napari"
0.666666666666667,0.706214689265537,0.00444444444444444,0.138888888888889,0.02,0.52,-1.2065560730025,1.22307677809167,0,1000,100,"region_specific","18","dream_quint"
0.49738219895288,0.649819494584838,0.105555555555556,0.2,0.96,0.97,-0.400492663669684,0.580065431523004,0.5,1000,100,"region_specific","18","dream_interaction"
0.858662613981763,0.881642512077295,0.627777777777778,0.811111111111111,0.93,0.98,-1.01735489067071,1.03893736691182,NA,1000,100,"region_specific","18","seurat_blind"
0.862809917355372,0.880201765447667,0.58,0.775555555555556,0.83,0.95,-1.01735489067071,1.03893736691182,NA,1000,100,"region_specific","18","seurat_napari"
0.862809917355372,0.880201765447667,0.58,0.775555555555556,0.83,0.95,-1.01735489067071,1.03893736691182,NA,1000,100,"region_specific","18","seurat_quint"
0.865963855421687,0.883693045563549,0.638888888888889,0.818888888888889,0.89,0.97,-1.01735489067071,1.03893736691182,NA,1000,100,"region_specific","18","wilcoxon"
0.222222222222222,0.486338797814208,0.0266963292547275,0.0989988876529477,0.84,0.94,-0.859220211958867,0.925239009004773,0.01,999,100,"region_specific","18","deseq2_pb"
0.266666666666667,0.539473684210526,0.00889877641824249,0.0912124582869855,0.22,0.7,-1.10226745064379,1.11954843204372,0,999,100,"region_specific","19","dream_blind"
0.37037037037037,0.537878787878788,0.0111234705228031,0.0789766407119021,0.17,0.61,-1.16605886632753,1.18072502749508,0,999,100,"region_specific","19","dream_napari"
0.37037037037037,0.537878787878788,0.0111234705228031,0.0789766407119021,0.17,0.61,-1.16605886632753,1.18072502749508,0,999,100,"region_specific","19","dream_quint"
0.203252032520325,0.552511415525114,0.0278086763070078,0.134593993325918,0.98,0.98,-0.340755741358236,0.514680665676834,0.57,999,100,"region_specific","19","dream_interaction"
0.853168469860896,0.880487804878049,0.613333333333333,0.802222222222222,0.95,0.98,-0.823323436934677,0.849036944150856,NA,1000,100,"region_specific","19","seurat_blind"
0.85691573926868,0.878326996197719,0.598888888888889,0.77,0.9,0.96,-0.823323436934677,0.849036944150856,NA,1000,100,"region_specific","19","seurat_napari"
0.85691573926868,0.878326996197719,0.598888888888889,0.77,0.9,0.96,-0.823323436934677,0.849036944150856,NA,1000,100,"region_specific","19","seurat_quint"
0.85625,0.884753901560624,0.608888888888889,0.818888888888889,0.92,0.96,-0.823323436934677,0.849036944150856,NA,1000,100,"region_specific","19","wilcoxon"
0.174311926605505,0.483870967741935,0.0211581291759465,0.10022271714922,0.9,0.96,-0.8544491099276,0.879560463551712,0.02,998,100,"region_specific","19","deseq2_pb"
0.368421052631579,0.638743455497382,0.00777777777777778,0.135555555555556,0.12,0.69,-1.10024094199,1.11935876519848,0,1000,100,"region_specific","2","dream_blind"
0.4375,0.674418604651163,0.00777777777777778,0.128888888888889,0.09,0.56,-1.1688948226315,1.18437753700342,0,1000,100,"region_specific","2","dream_napari"
0.4375,0.674418604651163,0.00777777777777778,0.128888888888889,0.09,0.56,-1.1688948226315,1.18437753700342,0,1000,100,"region_specific","2","dream_quint"
0.452513966480447,0.634328358208955,0.09,0.188888888888889,0.98,0.98,-0.364126202928525,0.571083669613435,0.64,1000,100,"region_specific","2","dream_interaction"
0.865714285714286,0.884523809523809,0.673333333333333,0.825555555555556,0.94,0.97,-0.917823438437552,0.939951385576331,NA,1000,100,"region_specific","2","seurat_blind"
0.867469879518072,0.885608856088561,0.64,0.8,0.88,0.93,-0.917823438437552,0.939951385576331,NA,1000,100,"region_specific","2","seurat_napari"
0.867469879518072,0.885608856088561,0.64,0.8,0.88,0.93,-0.917823438437552,0.939951385576331,NA,1000,100,"region_specific","2","seurat_quint"
0.86734693877551,0.883693045563549,0.661111111111111,0.818888888888889,0.91,0.97,-0.917823438437552,0.939951385576331,NA,1000,100,"region_specific","2","wilcoxon"
0.275590551181102,0.475409836065574,0.0388888888888889,0.0966666666666667,0.92,0.96,-0.820005570592803,0.846370187306108,0.02,1000,100,"region_specific","2","deseq2_pb"
0.470588235294118,0.613095238095238,0.00888888888888889,0.114444444444444,0.09,0.65,-1.10408981159302,1.12470462727424,0,1000,100,"region_specific","20","dream_blind"
0.533333333333333,0.635135135135135,0.00888888888888889,0.104444444444444,0.07,0.54,-1.16896656984971,1.18673948486204,0,1000,100,"region_specific","20","dream_napari"
0.533333333333333,0.635135135135135,0.00888888888888889,0.104444444444444,0.07,0.54,-1.16896656984971,1.18673948486204,0,1000,100,"region_specific","20","dream_quint"
0.39375,0.607142857142857,0.0724971231300345,0.176064441887227,0.97,0.99,-0.329956724555306,0.512742824912716,0.59,969,100,"region_specific","20","dream_interaction"
0.852807283763278,0.87807881773399,0.624444444444444,0.792222222222222,0.97,0.99,-0.848182002335929,0.871414541326758,NA,1000,100,"region_specific","20","seurat_blind"
0.850699844479005,0.876574307304786,0.607777777777778,0.773333333333333,0.96,0.98,-0.848182002335929,0.871414541326758,NA,1000,100,"region_specific","20","seurat_napari"
0.850699844479005,0.876574307304786,0.607777777777778,0.773333333333333,0.96,0.98,-0.848182002335929,0.871414541326758,NA,1000,100,"region_specific","20","seurat_quint"
0.856711915535445,0.880048959608323,0.631111111111111,0.798888888888889,0.95,0.98,-0.848182002335929,0.871414541326758,NA,1000,100,"region_specific","20","wilcoxon"
0.225225225225225,0.491978609625668,0.0277777777777778,0.102222222222222,0.86,0.95,-0.877037447273761,0.900332652268691,0.01,1000,100,"region_specific","20","deseq2_pb"
0.511111111111111,0.585227272727273,0.0255555555555556,0.114444444444444,0.22,0.73,-1.09790249910973,1.11817137930445,0,1000,100,"region_specific","21","dream_blind"
0.466666666666667,0.616352201257862,0.0155555555555556,0.108888888888889,0.16,0.61,-1.16361261934081,1.18158255344168,0,1000,100,"region_specific","21","dream_napari"
0.466666666666667,0.616352201257862,0.0155555555555556,0.108888888888889,0.16,0.61,-1.16361261934081,1.18158255344168,0,1000,100,"region_specific","21","dream_quint"
0.397515527950311,0.608,0.0711111111111111,0.168888888888889,0.97,0.98,-0.323288626896366,0.508644831024599,0.53,1000,100,"region_specific","21","dream_interaction"
0.853881278538813,0.878048780487805,0.623333333333333,0.8,0.96,1,-0.880953720284279,0.902241348193752,NA,1000,100,"region_specific","21","seurat_blind"
0.861280487804878,0.880893300248139,0.627777777777778,0.788888888888889,0.91,0.96,-0.880953720284279,0.902241348193752,NA,1000,100,"region_specific","21","seurat_napari"
0.861280487804878,0.880893300248139,0.627777777777778,0.788888888888889,0.91,0.96,-0.880953720284279,0.902241348193752,NA,1000,100,"region_specific","21","seurat_quint"
0.864661654135338,0.884146341463415,0.638888888888889,0.805555555555556,0.9,0.95,-0.880953720284279,0.902241348193752,NA,1000,100,"region_specific","21","wilcoxon"
0.196428571428571,0.46242774566474,0.0244444444444444,0.0888888888888889,0.9,0.93,-0.853747561934622,0.876450352927283,0.01,1000,100,"region_specific","21","deseq2_pb"
0.333333333333333,0.612121212121212,0.01,0.112222222222222,0.18,0.64,-1.11446666061743,1.13111425143587,0,1000,100,"region_specific","22","dream_blind"
0.428571428571429,0.6,0.00666666666666667,0.09,0.08,0.54,-1.17690739793036,1.19133728793497,0,1000,100,"region_specific","22","dream_napari"
0.428571428571429,0.6,0.00666666666666667,0.09,0.08,0.54,-1.17690739793036,1.19133728793497,0,1000,100,"region_specific","22","dream_quint"
0.431952662721893,0.621212121212121,0.0811111111111111,0.182222222222222,0.96,1,-0.350196315404173,0.520066105765704,0.61,1000,100,"region_specific","22","dream_interaction"
0.858823529411765,0.884297520661157,0.648888888888889,0.832222222222222,0.96,0.98,-0.90366553160066,0.92279175095279,NA,1000,100,"region_specific","22","seurat_blind"
0.853736089030207,0.878260869565217,0.596666666666667,0.785555555555556,0.92,0.98,-0.90366553160066,0.92279175095279,NA,1000,100,"region_specific","22","seurat_napari"
0.853736089030207,0.878260869565217,0.596666666666667,0.785555555555556,0.92,0.98,-0.90366553160066,0.92279175095279,NA,1000,100,"region_specific","22","seurat_quint"
0.861607142857143,0.883472057074911,0.643333333333333,0.825555555555556,0.93,0.98,-0.90366553160066,0.92279175095279,NA,1000,100,"region_specific","22","wilcoxon"
0.209090909090909,0.494623655913978,0.0255555555555556,0.102222222222222,0.87,0.94,-0.857604605786519,0.878713839646207,0,1000,100,"region_specific","22","deseq2_pb"
0.404761904761905,0.5,0.0188888888888889,0.0833333333333333,0.25,0.75,-1.07970615130546,1.09667373045915,0,1000,100,"region_specific","23","dream_blind"
0.545454545454545,0.492307692307692,0.0133333333333333,0.0711111111111111,0.1,0.66,-1.14313942962131,1.15762706752313,0,1000,100,"region_specific","23","dream_napari"
0.545454545454545,0.492307692307692,0.0133333333333333,0.0711111111111111,0.1,0.66,-1.14313942962131,1.15762706752313,0,1000,100,"region_specific","23","dream_quint"
0.2,0.502487562189055,0.0277777777777778,0.112222222222222,1,1,-0.290172100953684,0.446378274680195,0.61,1000,100,"region_specific","23","dream_interaction"
0.857142857142857,0.883132530120482,0.64,0.814444444444444,0.96,0.97,-0.859392460160937,0.883785404804581,NA,1000,100,"region_specific","23","seurat_blind"
0.850539291217257,0.877018633540373,0.613333333333333,0.784444444444444,0.97,0.99,-0.859392460160937,0.883785404804581,NA,1000,100,"region_specific","23","seurat_napari"
0.850539291217257,0.877018633540373,0.613333333333333,0.784444444444444,0.97,0.99,-0.859392460160937,0.883785404804581,NA,1000,100,"region_specific","23","seurat_quint"
0.855007473841555,0.881927710843374,0.635555555555556,0.813333333333333,0.97,0.98,-0.859392460160937,0.883785404804581,NA,1000,100,"region_specific","23","wilcoxon"
0.0833333333333333,0.49468085106383,0.0089086859688196,0.103563474387528,0.88,0.95,-0.831282049294161,0.85730933169605,0.01,998,100,"region_specific","23","deseq2_pb"
0.210526315789474,0.601226993865031,0.00444444444444444,0.108888888888889,0.15,0.65,-1.1278542978771,1.14733047393153,0,1000,100,"region_specific","24","dream_blind"
0.1,0.560606060606061,0.00111111111111111,0.0822222222222222,0.09,0.58,-1.19015229522827,1.2066143679,0,1000,100,"region_specific","24","dream_napari"
0.1,0.560606060606061,0.00111111111111111,0.0822222222222222,0.09,0.58,-1.19015229522827,1.2066143679,0,1000,100,"region_specific","24","dream_quint"
0.375796178343949,0.602409638554217,0.0655555555555556,0.166666666666667,0.98,0.99,-0.377272086275939,0.554631094313194,0.52,1000,100,"region_specific","24","dream_interaction"
0.858841010401189,0.882142857142857,0.642222222222222,0.823333333333333,0.95,0.99,-0.874350139297823,0.898536125233698,NA,1000,100,"region_specific","24","seurat_blind"
0.858914728682171,0.879093198992443,0.615555555555556,0.775555555555556,0.91,0.96,-0.874350139297823,0.898536125233698,NA,1000,100,"region_specific","24","seurat_napari"
0.858914728682171,0.879093198992443,0.615555555555556,0.775555555555556,0.91,0.96,-0.874350139297823,0.898536125233698,NA,1000,100,"region_specific","24","seurat_quint"
0.86094674556213,0.883413461538462,0.646666666666667,0.816666666666667,0.94,0.97,-0.874350139297823,0.898536125233698,NA,1000,100,"region_specific","24","wilcoxon"
0.180952380952381,0.475138121546961,0.0211345939933259,0.0956618464961068,0.86,0.95,-0.854306133031379,0.881101939040942,0.02,999,100,"region_specific","24","deseq2_pb"
0.352941176470588,0.605882352941176,0.0133333333333333,0.114444444444444,0.22,0.67,-1.1004587437214,1.1202831613299,0,1000,100,"region_specific","25","dream_blind"
0.428571428571429,0.641379310344828,0.00666666666666667,0.103333333333333,0.08,0.52,-1.16718340001559,1.18316881567294,0,1000,100,"region_specific","25","dream_napari"
0.428571428571429,0.641379310344828,0.00666666666666667,0.103333333333333,0.08,0.52,-1.16718340001559,1.18316881567294,0,1000,100,"region_specific","25","dream_quint"
0.421686746987952,0.610236220472441,0.0777777777777778,0.172222222222222,0.96,0.99,-0.322784724002292,0.504273087646309,0.63,1000,100,"region_specific","25","dream_interaction"
0.861918604651163,0.878824969400245,0.658888888888889,0.797777777777778,0.95,0.99,-0.949106913015312,0.97198317392629,NA,1000,100,"region_specific","25","seurat_blind"
0.860501567398119,0.885783718104496,0.61,0.81,0.89,0.94,-0.949106913015312,0.97198317392629,NA,1000,100,"region_specific","25","seurat_napari"
0.860501567398119,0.885783718104496,0.61,0.81,0.89,0.94,-0.949106913015312,0.97198317392629,NA,1000,100,"region_specific","25","seurat_quint"
0.87018544935806,0.883720930232558,0.677777777777778,0.802222222222222,0.91,0.95,-0.949106913015312,0.97198317392629,NA,1000,100,"region_specific","25","wilcoxon"
0.185185185185185,0.444444444444444,0.0222222222222222,0.0844444444444444,0.88,0.95,-0.870672706311786,0.895759249356946,0.02,1000,100,"region_specific","25","deseq2_pb"
0.5,0.625698324022346,0.0211111111111111,0.124444444444444,0.19,0.67,-1.10132817904205,1.11846558358716,0,1000,100,"region_specific","26","dream_blind"
0.5,0.639751552795031,0.00555555555555556,0.114444444444444,0.05,0.58,-1.17202796625397,1.18607951804065,0,1000,100,"region_specific","26","dream_napari"
0.5,0.639751552795031,0.00555555555555556,0.114444444444444,0.05,0.58,-1.17202796625397,1.18607951804065,0,1000,100,"region_specific","26","dream_quint"
0.481675392670157,0.605577689243028,0.102222222222222,0.168888888888889,0.99,0.99,-0.302070997251576,0.424604514570467,0.55,1000,100,"region_specific","26","dream_interaction"
0.857553956834532,0.882903981264637,0.662222222222222,0.837777777777778,0.99,1,-0.956410336340567,0.981240870144762,NA,1000,100,"region_specific","26","seurat_blind"
0.864661654135338,0.881927710843374,0.638888888888889,0.813333333333333,0.9,0.98,-0.956410336340567,0.981240870144762,NA,1000,100,"region_specific","26","seurat_napari"
0.864661654135338,0.881927710843374,0.638888888888889,0.813333333333333,0.9,0.98,-0.956410336340567,0.981240870144762,NA,1000,100,"region_specific","26","seurat_quint"
0.865994236311239,0.884297520661157,0.667777777777778,0.832222222222222,0.93,0.98,-0.956410336340567,0.981240870144762,NA,1000,100,"region_specific","26","wilcoxon"
0.177570093457944,0.452513966480447,0.0211111111111111,0.09,0.88,0.98,-0.85447545802113,0.892515888922569,0.02,1000,100,"region_specific","26","deseq2_pb"
0.208333333333333,0.485294117647059,0.00555555555555556,0.0733333333333333,0.19,0.7,-1.09136704068116,1.11291380264302,0,1000,100,"region_specific","27","dream_blind"
0.133333333333333,0.539568345323741,0.00222222222222222,0.0833333333333333,0.13,0.64,-1.15321039047638,1.17125901712826,0,1000,100,"region_specific","27","dream_napari"
0.133333333333333,0.539568345323741,0.00222222222222222,0.0833333333333333,0.13,0.64,-1.15321039047638,1.17125901712826,0,1000,100,"region_specific","27","dream_quint"
0.176470588235294,0.507462686567164,0.0233333333333333,0.113333333333333,0.98,0.99,-0.311829713899071,0.508659892920017,0.62,1000,100,"region_specific","27","dream_interaction"
0.859111791730475,0.881127450980392,0.623333333333333,0.798888888888889,0.92,0.97,-0.989660986296989,1.00991571642978,NA,1000,100,"region_specific","27","seurat_blind"
0.853577371048253,0.872229465449804,0.57,0.743333333333333,0.88,0.98,-0.989660986296989,1.00991571642978,NA,1000,100,"region_specific","27","seurat_napari"
0.853577371048253,0.872229465449804,0.57,0.743333333333333,0.88,0.98,-0.989660986296989,1.00991571642978,NA,1000,100,"region_specific","27","seurat_quint"
0.859567901234568,0.879415347137637,0.618888888888889,0.802222222222222,0.91,0.99,-0.989660986296989,1.00991571642978,NA,1000,100,"region_specific","27","wilcoxon"
0.194174757281553,0.444444444444444,0.0222469410456062,0.0845383759733037,0.83,0.95,-0.87533822744122,0.899861351320163,0,999,100,"region_specific","27","deseq2_pb"
0.285714285714286,0.542483660130719,0.00888888888888889,0.0922222222222222,0.2,0.7,-1.10446212827267,1.12284218156126,0,1000,100,"region_specific","28","dream_blind"
0.285714285714286,0.572519083969466,0.00666666666666667,0.0833333333333333,0.15,0.56,-1.1730637405196,1.18882122478075,0,1000,100,"region_specific","28","dream_napari"
0.285714285714286,0.572519083969466,0.00666666666666667,0.0833333333333333,0.15,0.56,-1.1730637405196,1.18882122478075,0,1000,100,"region_specific","28","dream_quint"
0.298507462686567,0.564220183486238,0.0444444444444444,0.136666666666667,0.94,0.95,-0.354759379628556,0.541096669994123,0.56,1000,100,"region_specific","28","dream_interaction"
0.858231707317073,0.879854368932039,0.625555555555556,0.805555555555556,0.93,0.99,-0.916416739125654,0.935520874383014,NA,1000,100,"region_specific","28","seurat_blind"
0.8592,0.881398252184769,0.596666666666667,0.784444444444444,0.88,0.95,-0.916416739125654,0.935520874383014,NA,1000,100,"region_specific","28","seurat_napari"
0.8592,0.881398252184769,0.596666666666667,0.784444444444444,0.88,0.95,-0.916416739125654,0.935520874383014,NA,1000,100,"region_specific","28","seurat_quint"
0.86232980332829,0.884287454323995,0.633333333333333,0.806666666666667,0.91,0.95,-0.916416739125654,0.935520874383014,NA,1000,100,"region_specific","28","wilcoxon"
0.118811881188119,0.454022988505747,0.0133333333333333,0.0877777777777778,0.89,0.95,-0.859709147792084,0.880806636931599,0,1000,100,"region_specific","28","deseq2_pb"
0.470588235294118,0.611111111111111,0.017797552836485,0.122358175750834,0.18,0.7,-1.0854136033083,1.10622694661566,0,999,100,"region_specific","29","dream_blind"
0.318181818181818,0.618055555555556,0.00778642936596218,0.0989988876529477,0.15,0.55,-1.150765487617,1.16890236698906,0,999,100,"region_specific","29","dream_napari"
0.318181818181818,0.618055555555556,0.00778642936596218,0.0989988876529477,0.15,0.55,-1.150765487617,1.16890236698906,0,999,100,"region_specific","29","dream_quint"
0.481481481481481,0.633699633699634,0.101223581757508,0.192436040044494,0.98,1,-0.325917021990541,0.505756114449102,0.62,999,100,"region_specific","29","dream_interaction"
0.846875,0.872773536895674,0.602222222222222,0.762222222222222,0.98,1,-0.778645657085537,0.981176712674396,NA,1000,100,"region_specific","29","seurat_blind"
0.850961538461538,0.874683544303797,0.59,0.767777777777778,0.93,0.99,-0.778645657085537,0.981176712674396,NA,1000,100,"region_specific","29","seurat_napari"
0.850961538461538,0.874683544303797,0.59,0.767777777777778,0.93,0.99,-0.778645657085537,0.981176712674396,NA,1000,100,"region_specific","29","seurat_quint"
0.848531684698609,0.87593984962406,0.61,0.776666666666667,0.98,0.99,-0.778645657085537,0.981176712674396,NA,1000,100,"region_specific","29","wilcoxon"
0.246031746031746,0.504950495049505,0.0344827586206897,0.113459399332592,0.95,1,-0.72690899382472,1.21997634703061,0,999,100,"region_specific","29","deseq2_pb"
0.548387096774194,0.602409638554217,0.0188888888888889,0.111111111111111,0.14,0.66,-1.10821227010984,1.12502056122237,0,1000,100,"region_specific","3","dream_blind"
0.65625,0.618055555555556,0.0233333333333333,0.0988888888888889,0.11,0.55,-1.1767972146391,1.19146145044551,0,1000,100,"region_specific","3","dream_napari"
0.65625,0.618055555555556,0.0233333333333333,0.0988888888888889,0.11,0.55,-1.1767972146391,1.19146145044551,0,1000,100,"region_specific","3","dream_quint"
0.434285714285714,0.619230769230769,0.0844444444444444,0.178888888888889,0.99,0.99,-0.337252898292393,0.489365835786283,0.6,1000,100,"region_specific","3","dream_interaction"
0.85985401459854,0.881009615384615,0.654444444444444,0.814444444444444,0.96,0.99,-0.843434569210014,0.867208500976053,NA,1000,100,"region_specific","3","seurat_blind"
0.862426035502959,0.880098887515451,0.647777777777778,0.791111111111111,0.93,0.97,-0.843434569210014,0.867208500976053,NA,1000,100,"region_specific","3","seurat_napari"
0.862426035502959,0.880098887515451,0.647777777777778,0.791111111111111,0.93,0.97,-0.843434569210014,0.867208500976053,NA,1000,100,"region_specific","3","seurat_quint"
0.861516034985423,0.883273164861613,0.656666666666667,0.815555555555556,0.95,0.97,-0.843434569210014,0.867208500976053,NA,1000,100,"region_specific","3","wilcoxon"
0.177570093457944,0.486338797814208,0.0211345939933259,0.0989988876529477,0.88,0.94,-0.856124277269191,0.880050518657499,0.01,999,100,"region_specific","3","deseq2_pb"
0.463414634146341,0.616766467065868,0.0211111111111111,0.114444444444444,0.22,0.64,-1.13286065857861,1.15092064754428,0,1000,100,"region_specific","30","dream_blind"
0.428571428571429,0.645390070921986,0.0133333333333333,0.101111111111111,0.16,0.5,-1.20092101137959,1.21578414494522,0,1000,100,"region_specific","30","dream_napari"
0.428571428571429,0.645390070921986,0.0133333333333333,0.101111111111111,0.16,0.5,-1.20092101137959,1.21578414494522,0,1000,100,"region_specific","30","dream_quint"
0.436781609195402,0.617760617760618,0.0844444444444444,0.177777777777778,0.98,0.99,-0.396924598130565,0.556838603008906,0.5,1000,100,"region_specific","30","dream_interaction"
0.8484375,0.875784190715182,0.603333333333333,0.775555555555556,0.97,0.99,-0.891309175457153,0.917982379954044,NA,1000,100,"region_specific","30","seurat_blind"
0.845901639344262,0.873873873873874,0.573333333333333,0.754444444444444,0.94,0.98,-0.891309175457153,0.917982379954044,NA,1000,100,"region_specific","30","seurat_napari"
0.845901639344262,0.873873873873874,0.573333333333333,0.754444444444444,0.94,0.98,-0.891309175457153,0.917982379954044,NA,1000,100,"region_specific","30","seurat_quint"
0.854740061162079,0.878824969400245,0.621111111111111,0.797777777777778,0.95,0.99,-0.891309175457153,0.917982379954044,NA,1000,100,"region_specific","30","wilcoxon"
0.128712871287129,0.435294117647059,0.0144766146993318,0.0824053452115813,0.88,0.96,-0.86350963598045,0.89256336032133,0.01,998,100,"region_specific","30","deseq2_pb"
0.321428571428571,0.587878787878788,0.01,0.107777777777778,0.19,0.68,-1.11425721617094,1.13342768870215,0,1000,100,"region_specific","31","dream_blind"
0.333333333333333,0.590909090909091,0.00888888888888889,0.0866666666666667,0.16,0.54,-1.17921411798214,1.19629250095653,0,1000,100,"region_specific","31","dream_napari"
0.333333333333333,0.590909090909091,0.00888888888888889,0.0866666666666667,0.16,0.54,-1.17921411798214,1.19629250095653,0,1000,100,"region_specific","31","dream_quint"
0.44,0.607142857142857,0.0855555555555556,0.17,0.98,0.99,-0.357794812369358,0.520869652692866,0.48,1000,100,"region_specific","31","dream_interaction"
0.848998459167951,0.879268292682927,0.612222222222222,0.801111111111111,0.98,0.99,-0.898602453332721,0.922868749527921,NA,1000,100,"region_specific","31","seurat_blind"
0.851968503937008,0.87920298879203,0.601111111111111,0.784444444444444,0.94,0.97,-0.898602453332721,0.922868749527921,NA,1000,100,"region_specific","31","seurat_napari"
0.851968503937008,0.87920298879203,0.601111111111111,0.784444444444444,0.94,0.97,-0.898602453332721,0.922868749527921,NA,1000,100,"region_specific","31","seurat_quint"
0.855842185128983,0.881127450980392,0.626666666666667,0.798888888888889,0.95,0.97,-0.898602453332721,0.922868749527921,NA,1000,100,"region_specific","31","wilcoxon"
0.122448979591837,0.420118343195266,0.0133333333333333,0.0788888888888889,0.86,0.98,-0.871712687229129,0.896864178319502,0.01,1000,100,"region_specific","31","deseq2_pb"
0.416666666666667,0.58433734939759,0.0111111111111111,0.107777777777778,0.14,0.69,-1.08868209659576,1.10686728465633,0,1000,100,"region_specific","32","dream_blind"
0.5,0.605633802816901,0.00555555555555556,0.0955555555555556,0.05,0.56,-1.15850993443644,1.1728291902797,0,1000,100,"region_specific","32","dream_napari"
0.5,0.605633802816901,0.00555555555555556,0.0955555555555556,0.05,0.56,-1.15850993443644,1.1728291902797,0,1000,100,"region_specific","32","dream_quint"
0.464088397790055,0.644927536231884,0.0933333333333333,0.197777777777778,0.97,0.98,-0.347353726974653,0.50597188167582,0.6,1000,100,"region_specific","32","dream_interaction"
0.859030837004405,0.879663056558363,0.65,0.812222222222222,0.96,1,-0.907046433669445,0.931669063062046,NA,1000,100,"region_specific","32","seurat_blind"
0.858914728682171,0.877018633540373,0.615555555555556,0.784444444444444,0.91,0.99,-0.907046433669445,0.931669063062046,NA,1000,100,"region_specific","32","seurat_napari"
0.858914728682171,0.877018633540373,0.615555555555556,0.784444444444444,0.91,0.99,-0.907046433669445,0.931669063062046,NA,1000,100,"region_specific","32","seurat_quint"
0.865800865800866,0.882978723404255,0.666666666666667,0.83,0.93,0.99,-0.907046433669445,0.931669063062046,NA,1000,100,"region_specific","32","wilcoxon"
0.19047619047619,0.486910994764398,0.0222222222222222,0.103333333333333,0.85,0.98,-0.834141907097079,0.862252436427635,0.02,1000,100,"region_specific","32","deseq2_pb"
0.233333333333333,0.526315789473684,0.00777777777777778,0.0888888888888889,0.23,0.72,-1.09073864891796,1.1100790016301,0,1000,100,"region_specific","33","dream_blind"
0.217391304347826,0.551470588235294,0.00555555555555556,0.0833333333333333,0.18,0.61,-1.15663141841004,1.17229882521881,0,1000,100,"region_specific","33","dream_napari"
0.217391304347826,0.551470588235294,0.00555555555555556,0.0833333333333333,0.18,0.61,-1.15663141841004,1.17229882521881,0,1000,100,"region_specific","33","dream_quint"
0.366013071895425,0.584745762711864,0.0622222222222222,0.153333333333333,0.97,0.98,-0.351727439420618,0.532563229192159,0.57,1000,100,"region_specific","33","dream_interaction"
0.858806404657933,0.88086642599278,0.655555555555556,0.813333333333333,0.97,0.99,-0.887834480088048,0.917413985381347,NA,1000,100,"region_specific","33","seurat_blind"
0.859516616314199,0.882352941176471,0.632222222222222,0.816666666666667,0.93,0.98,-0.887834480088048,0.917413985381347,NA,1000,100,"region_specific","33","seurat_napari"
0.859516616314199,0.882352941176471,0.632222222222222,0.816666666666667,0.93,0.98,-0.887834480088048,0.917413985381347,NA,1000,100,"region_specific","33","seurat_quint"
0.867816091954023,0.883194278903456,0.671111111111111,0.823333333333333,0.92,0.98,-0.887834480088048,0.917413985381347,NA,1000,100,"region_specific","33","wilcoxon"
0.168224299065421,0.43452380952381,0.0200222469410456,0.0812013348164627,0.89,0.95,-0.840588408854423,0.873690493762673,0.04,999,100,"region_specific","33","deseq2_pb"
0.428571428571429,0.611764705882353,0.0133333333333333,0.115555555555556,0.16,0.66,-1.07404802393571,1.0950082240376,0,1000,100,"region_specific","34","dream_blind"
0.578947368421053,0.6,0.0122222222222222,0.0933333333333333,0.08,0.56,-1.14405569254369,1.16091970449352,0,1000,100,"region_specific","34","dream_napari"
0.578947368421053,0.6,0.0122222222222222,0.0933333333333333,0.08,0.56,-1.14405569254369,1.16091970449352,0,1000,100,"region_specific","34","dream_quint"
0.443181818181818,0.622137404580153,0.0866666666666667,0.181111111111111,0.98,0.99,-0.313279436200506,0.487466272218575,0.57,1000,100,"region_specific","34","dream_interaction"
0.859623733719247,0.880290205562273,0.66,0.808888888888889,0.97,0.99,-0.919082228601668,0.942764124485503,NA,1000,100,"region_specific","34","seurat_blind"
0.858662613981763,0.88249694002448,0.627777777777778,0.801111111111111,0.93,0.96,-0.919082228601668,0.942764124485503,NA,1000,100,"region_specific","34","seurat_napari"
0.858662613981763,0.88249694002448,0.627777777777778,0.801111111111111,0.93,0.96,-0.919082228601668,0.942764124485503,NA,1000,100,"region_specific","34","seurat_quint"
0.863768115942029,0.883495145631068,0.662222222222222,0.808888888888889,0.94,0.96,-0.919082228601668,0.942764124485503,NA,1000,100,"region_specific","34","wilcoxon"
0.219298245614035,0.466666666666667,0.0278086763070078,0.0934371523915462,0.89,0.96,-0.825408223915945,0.85251052000638,0.01,999,100,"region_specific","34","deseq2_pb"
0.418604651162791,0.58125,0.02,0.103333333333333,0.25,0.67,-1.08687803522911,1.10783289591408,0,1000,100,"region_specific","35","dream_blind"
0.40625,0.601503759398496,0.0145251396648045,0.0893854748603352,0.19,0.53,-1.15932955178426,1.17704290311123,0,995,100,"region_specific","35","dream_napari"
0.40625,0.601503759398496,0.0145251396648045,0.0893854748603352,0.19,0.53,-1.15932955178426,1.17704290311123,0,995,100,"region_specific","35","dream_quint"
0.417647058823529,0.603174603174603,0.0788888888888889,0.168888888888889,0.99,1,-0.292726790103512,0.459004513098076,0.63,1000,100,"region_specific","35","dream_interaction"
0.853030303030303,0.878228782287823,0.625555555555556,0.793333333333333,0.97,0.99,-0.871741431385432,0.908492696378196,NA,1000,100,"region_specific","35","seurat_blind"
0.861198738170347,0.883984867591425,0.606666666666667,0.778888888888889,0.88,0.92,-0.871741431385432,0.908492696378196,NA,1000,100,"region_specific","35","seurat_napari"
0.861198738170347,0.883984867591425,0.606666666666667,0.778888888888889,0.88,0.92,-0.871741431385432,0.908492696378196,NA,1000,100,"region_specific","35","seurat_quint"
0.860606060606061,0.884093711467324,0.631111111111111,0.796666666666667,0.92,0.94,-0.871741431385432,0.908492696378196,NA,1000,100,"region_specific","35","wilcoxon"
0.20952380952381,0.44311377245509,0.0244716351501669,0.082313681868743,0.83,0.93,-0.84761253789369,0.888639701506214,0.02,999,100,"region_specific","35","deseq2_pb"
0.321428571428571,0.60655737704918,0.0100111234705228,0.123470522803115,0.19,0.72,-1.09820587808067,1.11668960411728,0,999,100,"region_specific","36","dream_blind"
0.347826086956522,0.569444444444444,0.00889877641824249,0.0912124582869855,0.15,0.62,-1.17196272398225,1.18740487940958,0,999,100,"region_specific","36","dream_napari"
0.347826086956522,0.569444444444444,0.00889877641824249,0.0912124582869855,0.15,0.62,-1.17196272398225,1.18740487940958,0,999,100,"region_specific","36","dream_quint"
0.431034482758621,0.612403100775194,0.0834260289210234,0.175750834260289,0.99,1,-0.33042888829542,0.501812252568709,0.58,999,100,"region_specific","36","dream_interaction"
0.861070911722142,0.881578947368421,0.661111111111111,0.818888888888889,0.96,0.99,-0.930189704989125,0.953360729433967,NA,1000,100,"region_specific","36","seurat_blind"
0.855606758832565,0.878787878787879,0.618888888888889,0.773333333333333,0.94,0.96,-0.930189704989125,0.953360729433967,NA,1000,100,"region_specific","36","seurat_napari"
0.855606758832565,0.878787878787879,0.618888888888889,0.773333333333333,0.94,0.96,-0.930189704989125,0.953360729433967,NA,1000,100,"region_specific","36","seurat_quint"
0.866666666666667,0.882281553398058,0.664444444444444,0.807777777777778,0.92,0.97,-0.930189704989125,0.953360729433967,NA,1000,100,"region_specific","36","wilcoxon"
0.171428571428571,0.480225988700565,0.0200222469410456,0.0945494994438265,0.87,0.92,-0.853588523730188,0.880309359362624,0,999,100,"region_specific","36","deseq2_pb"
0.310344827586207,0.623376623376623,0.01,0.106666666666667,0.2,0.58,-1.13765032678411,1.15816984967434,0,1000,100,"region_specific","37","dream_blind"
0.32,0.608,0.00888888888888889,0.0844444444444444,0.17,0.49,-1.20102595177719,1.21788620335138,0,1000,100,"region_specific","37","dream_napari"
0.32,0.608,0.00888888888888889,0.0844444444444444,0.17,0.49,-1.20102595177719,1.21788620335138,0,1000,100,"region_specific","37","dream_quint"
0.428571428571429,0.641304347826087,0.08,0.196666666666667,0.96,0.99,-0.381889936105745,0.545748890075628,0.52,1000,100,"region_specific","37","dream_interaction"
0.864583333333333,0.880487804878049,0.645555555555556,0.802222222222222,0.91,0.98,-1.0334951672581,1.05773970134721,NA,1000,100,"region_specific","37","seurat_blind"
0.860062893081761,0.881546134663342,0.607777777777778,0.785555555555556,0.89,0.95,-1.0334951672581,1.05773970134721,NA,1000,100,"region_specific","37","seurat_napari"
0.860062893081761,0.881546134663342,0.607777777777778,0.785555555555556,0.89,0.95,-1.0334951672581,1.05773970134721,NA,1000,100,"region_specific","37","seurat_quint"
0.871064467766117,0.886198547215496,0.645555555555556,0.813333333333333,0.86,0.94,-1.0334951672581,1.05773970134721,NA,1000,100,"region_specific","37","wilcoxon"
0.172043010752688,0.467065868263473,0.0177777777777778,0.0866666666666667,0.77,0.89,-0.929660046334299,0.959173828249607,0,1000,100,"region_specific","37","deseq2_pb"
0.473684210526316,0.635359116022099,0.02,0.127777777777778,0.2,0.66,-1.11653091710485,1.13907084768682,0,1000,100,"region_specific","38","dream_blind"
0.555555555555556,0.6375,0.0166666666666667,0.113333333333333,0.12,0.58,-1.18472290283145,1.20325632538582,0,1000,100,"region_specific","38","dream_napari"
0.555555555555556,0.6375,0.0166666666666667,0.113333333333333,0.12,0.58,-1.18472290283145,1.20325632538582,0,1000,100,"region_specific","38","dream_quint"
0.484042553191489,0.672240802675585,0.101111111111111,0.223333333333333,0.97,0.98,-0.405409925459225,0.602061696229944,0.53,1000,100,"region_specific","38","dream_interaction"
0.848909657320872,0.874358974358974,0.605555555555556,0.757777777777778,0.97,0.98,-0.816015220374178,1.0223394929893,NA,1000,100,"region_specific","38","seurat_blind"
0.850328947368421,0.87467362924282,0.574444444444444,0.744444444444444,0.91,0.96,-0.816015220374178,1.0223394929893,NA,1000,100,"region_specific","38","seurat_napari"
0.850328947368421,0.87467362924282,0.574444444444444,0.744444444444444,0.91,0.96,-0.816015220374178,1.0223394929893,NA,1000,100,"region_specific","38","seurat_quint"
0.85243328100471,0.879548306148055,0.603333333333333,0.778888888888889,0.94,0.96,-0.816015220374178,1.0223394929893,NA,1000,100,"region_specific","38","wilcoxon"
0.175925925925926,0.491803278688525,0.0211581291759465,0.10022271714922,0.89,0.93,-0.751290078200733,1.25824594233607,0.03,998,100,"region_specific","38","deseq2_pb"
0.1,0.4375,0.00111111111111111,0.0622222222222222,0.09,0.72,-1.10420623185168,1.11870328370483,0,1000,100,"region_specific","39","dream_blind"
0,0.481818181818182,0,0.0588888888888889,0.04,0.57,-1.17483868428462,1.18701672960116,0,1000,100,"region_specific","39","dream_napari"
0,0.481818181818182,0,0.0588888888888889,0.04,0.57,-1.17483868428462,1.18701672960116,0,1000,100,"region_specific","39","dream_quint"
0.115044247787611,0.468085106382979,0.0144444444444444,0.0977777777777778,1,1,-0.343348965664589,0.494764971037717,0.59,1000,100,"region_specific","39","dream_interaction"
0.844444444444444,0.875776397515528,0.591111111111111,0.783333333333333,0.98,1,-0.865444111131981,0.884429255325185,NA,1000,100,"region_specific","39","seurat_blind"
0.84390243902439,0.87146529562982,0.576666666666667,0.753333333333333,0.96,1,-0.865444111131981,0.884429255325185,NA,1000,100,"region_specific","39","seurat_napari"
0.84390243902439,0.87146529562982,0.576666666666667,0.753333333333333,0.96,1,-0.865444111131981,0.884429255325185,NA,1000,100,"region_specific","39","seurat_quint"
0.854489164086687,0.876543209876543,0.613333333333333,0.788888888888889,0.94,1,-0.865444111131981,0.884429255325185,NA,1000,100,"region_specific","39","wilcoxon"
0.101010101010101,0.404907975460123,0.0111358574610245,0.0734966592427617,0.89,0.97,-0.857196477600682,0.877139031784639,0,998,100,"region_specific","39","deseq2_pb"
0.318181818181818,0.516778523489933,0.00777777777777778,0.0855555555555556,0.15,0.72,-1.09715980232157,1.11374578374141,0,1000,100,"region_specific","4","dream_blind"
0.333333333333333,0.548387096774194,0.00444444444444444,0.0755555555555556,0.08,0.56,-1.15753617592281,1.17173347207516,0,1000,100,"region_specific","4","dream_napari"
0.333333333333333,0.548387096774194,0.00444444444444444,0.0755555555555556,0.08,0.56,-1.15753617592281,1.17173347207516,0,1000,100,"region_specific","4","dream_quint"
0.411764705882353,0.621212121212121,0.0777777777777778,0.182222222222222,1,1,-0.318760704934281,0.458468613871857,0.59,1000,100,"region_specific","4","dream_interaction"
0.84779299847793,0.877300613496933,0.618888888888889,0.794444444444444,1,1,-0.848332678298097,0.871095275147174,NA,1000,100,"region_specific","4","seurat_blind"
0.847352024922118,0.874843554443054,0.604444444444444,0.776666666666667,0.98,1,-0.848332678298097,0.871095275147174,NA,1000,100,"region_specific","4","seurat_napari"
0.847352024922118,0.874843554443054,0.604444444444444,0.776666666666667,0.98,1,-0.848332678298097,0.871095275147174,NA,1000,100,"region_specific","4","seurat_quint"
0.852678571428571,0.878493317132442,0.636666666666667,0.803333333333333,0.99,1,-0.848332678298097,0.871095275147174,NA,1000,100,"region_specific","4","wilcoxon"
0.138613861386139,0.454022988505747,0.0155555555555556,0.0877777777777778,0.87,0.95,-0.854639518158288,0.877584084626878,0.01,1000,100,"region_specific","4","deseq2_pb"
0.392857142857143,0.586826347305389,0.0122222222222222,0.108888888888889,0.17,0.69,-1.07683823554345,1.09589541202525,0,1000,100,"region_specific","40","dream_blind"
0.333333333333333,0.615384615384615,0.00777777777777778,0.106666666666667,0.14,0.6,-1.14707796190919,1.16341777042236,0,1000,100,"region_specific","40","dream_napari"
0.333333333333333,0.615384615384615,0.00777777777777778,0.106666666666667,0.14,0.6,-1.14707796190919,1.16341777042236,0,1000,100,"region_specific","40","dream_quint"
0.395061728395062,0.611764705882353,0.0727272727272727,0.177272727272727,0.98,0.99,-0.284835975587957,0.439806875383079,0.62,980,100,"region_specific","40","dream_interaction"
0.857142857142857,0.880246913580247,0.626666666666667,0.792222222222222,0.94,0.97,-0.907532979072034,0.931374303701411,NA,1000,100,"region_specific","40","seurat_blind"
0.847619047619048,0.8775,0.593333333333333,0.78,0.96,0.98,-0.907532979072034,0.931374303701411,NA,1000,100,"region_specific","40","seurat_napari"
0.847619047619048,0.8775,0.593333333333333,0.78,0.96,0.98,-0.907532979072034,0.931374303701411,NA,1000,100,"region_specific","40","seurat_quint"
0.856269113149847,0.881481481481482,0.622222222222222,0.793333333333333,0.94,0.96,-0.907532979072034,0.931374303701411,NA,1000,100,"region_specific","40","wilcoxon"
0.13,0.456647398843931,0.0144766146993318,0.0879732739420935,0.87,0.94,-0.823339658128434,0.851498911139175,0.01,998,100,"region_specific","40","deseq2_pb"
0.476190476190476,0.633333333333333,0.0111111111111111,0.126666666666667,0.11,0.66,-1.14078458573718,1.16045981344568,0,1000,100,"region_specific","41","dream_blind"
0.4375,0.63265306122449,0.00777777777777778,0.103333333333333,0.09,0.54,-1.1991973986022,1.21599248467721,0,1000,100,"region_specific","41","dream_napari"
0.4375,0.63265306122449,0.00777777777777778,0.103333333333333,0.09,0.54,-1.1991973986022,1.21599248467721,0,1000,100,"region_specific","41","dream_quint"
0.401273885350318,0.613821138211382,0.07,0.167777777777778,0.94,0.95,-0.397448763846097,0.596234062996503,0.51,1000,100,"region_specific","41","dream_interaction"
0.852534562211982,0.876262626262626,0.616666666666667,0.771111111111111,0.96,0.98,-0.865623293413295,0.893072179548514,NA,1000,100,"region_specific","41","seurat_blind"
0.846787479406919,0.875647668393782,0.571111111111111,0.751111111111111,0.93,0.96,-0.865623293413295,0.893072179548514,NA,1000,100,"region_specific","41","seurat_napari"
0.846787479406919,0.875647668393782,0.571111111111111,0.751111111111111,0.93,0.96,-0.865623293413295,0.893072179548514,NA,1000,100,"region_specific","41","seurat_quint"
0.854460093896714,0.88125,0.606666666666667,0.783333333333333,0.93,0.95,-0.865623293413295,0.893072179548514,NA,1000,100,"region_specific","41","wilcoxon"
0.145833333333333,0.448275862068966,0.0155902004454343,0.0868596881959911,0.82,0.96,-0.873935202858574,0.901953977824086,0.02,998,100,"region_specific","41","deseq2_pb"
0.352941176470588,0.579617834394904,0.0133333333333333,0.101111111111111,0.22,0.66,-1.13803806260404,1.15662030039345,0,1000,100,"region_specific","42","dream_blind"
0.384615384615385,0.565573770491803,0.0115074798619102,0.0794016110471807,0.16,0.53,-1.23396460773402,1.24761765736924,0,969,100,"region_specific","42","dream_napari"
0.384615384615385,0.565573770491803,0.0115074798619102,0.0794016110471807,0.16,0.53,-1.23396460773402,1.24761765736924,0,969,100,"region_specific","42","dream_quint"
0.333333333333333,0.615686274509804,0.053392658509455,0.174638487208009,0.96,0.98,-0.432603470943958,0.616897276631191,0.48,999,100,"region_specific","42","dream_interaction"
0.856711915535445,0.882775119617225,0.631111111111111,0.82,0.95,0.98,-0.886314352433115,0.908094494551314,NA,1000,100,"region_specific","42","seurat_blind"
0.855555555555556,0.882427307206068,0.598888888888889,0.775555555555556,0.91,0.93,-0.886314352433115,0.908094494551314,NA,1000,100,"region_specific","42","seurat_napari"
0.855555555555556,0.882427307206068,0.598888888888889,0.775555555555556,0.91,0.93,-0.886314352433115,0.908094494551314,NA,1000,100,"region_specific","42","seurat_quint"
0.857575757575758,0.882424242424242,0.628888888888889,0.808888888888889,0.94,0.97,-0.886314352433115,0.908094494551314,NA,1000,100,"region_specific","42","wilcoxon"
0.239669421487603,0.489247311827957,0.0322222222222222,0.101111111111111,0.92,0.95,-0.831211597912472,0.855752525428971,0.01,1000,100,"region_specific","42","deseq2_pb"
0.2,0.551282051282051,0.00555555555555556,0.0955555555555556,0.2,0.7,-1.10454013972263,1.12569773321099,0,1000,100,"region_specific","43","dream_blind"
0.210526315789474,0.525862068965517,0.00444444444444444,0.0677777777777778,0.15,0.55,-1.17585491739882,1.19334812212066,0,1000,100,"region_specific","43","dream_napari"
0.210526315789474,0.525862068965517,0.00444444444444444,0.0677777777777778,0.15,0.55,-1.17585491739882,1.19334812212066,0,1000,100,"region_specific","43","dream_quint"
0.406060606060606,0.624521072796935,0.0744444444444444,0.181111111111111,0.98,0.98,-0.358661109825764,0.518391981586746,0.51,1000,100,"region_specific","43","dream_interaction"
0.848818897637795,0.881294964028777,0.598888888888889,0.816666666666667,0.96,0.99,-0.886879039405478,0.911694706553171,NA,1000,100,"region_specific","43","seurat_blind"
0.848387096774194,0.876433121019108,0.584444444444444,0.764444444444444,0.94,0.97,-0.886879039405478,0.911694706553171,NA,1000,100,"region_specific","43","seurat_napari"
0.848387096774194,0.876433121019108,0.584444444444444,0.764444444444444,0.94,0.97,-0.886879039405478,0.911694706553171,NA,1000,100,"region_specific","43","seurat_quint"
0.854460093896714,0.881499395405079,0.606666666666667,0.81,0.93,0.98,-0.886879039405478,0.911694706553171,NA,1000,100,"region_specific","43","wilcoxon"
0.153846153846154,0.4,0.0177777777777778,0.0711111111111111,0.88,0.96,-0.833893927666438,0.860985444352989,0,1000,100,"region_specific","43","deseq2_pb"
0.5,0.645714285714286,0.0222469410456062,0.125695216907675,0.2,0.62,-1.13162296336684,1.14727970488009,0,999,100,"region_specific","44","dream_blind"
0.545454545454545,0.691176470588235,0.0133481646273637,0.104560622914349,0.1,0.42,-1.23805918098237,1.24937723493059,0,999,100,"region_specific","44","dream_napari"
0.545454545454545,0.691176470588235,0.0133481646273637,0.104560622914349,0.1,0.42,-1.23805918098237,1.24937723493059,0,999,100,"region_specific","44","dream_quint"
0.435294117647059,0.635687732342007,0.082313681868743,0.190211345939933,0.96,0.98,-0.372065766945796,0.519705079313349,0.54,999,100,"region_specific","44","dream_interaction"
0.846394984326019,0.872611464968153,0.6,0.761111111111111,0.98,1,-0.856740868719893,1.04833648624457,NA,1000,100,"region_specific","44","seurat_blind"
0.845140032948929,0.875968992248062,0.57,0.753333333333333,0.94,0.96,-0.856740868719893,1.04833648624457,NA,1000,100,"region_specific","44","seurat_napari"
0.845140032948929,0.875968992248062,0.57,0.753333333333333,0.94,0.96,-0.856740868719893,1.04833648624457,NA,1000,100,"region_specific","44","seurat_quint"
0.851097178683386,0.873885350318471,0.603333333333333,0.762222222222222,0.95,0.99,-0.856740868719893,1.04833648624457,NA,1000,100,"region_specific","44","wilcoxon"
0.236363636363636,0.497297297297297,0.0289855072463768,0.102564102564103,0.84,0.93,-0.784289805440059,1.26806611579958,0.01,997,100,"region_specific","44","deseq2_pb"
0.4,0.637305699481865,0.0177777777777778,0.136666666666667,0.24,0.7,-1.08429397789505,1.10478108648441,0,1000,100,"region_specific","45","dream_blind"
0.434782608695652,0.625,0.0111111111111111,0.105555555555556,0.13,0.57,-1.15696012927575,1.17318147785731,0,1000,100,"region_specific","45","dream_napari"
0.434782608695652,0.625,0.0111111111111111,0.105555555555556,0.13,0.57,-1.15696012927575,1.17318147785731,0,1000,100,"region_specific","45","dream_quint"
0.481481481481481,0.671140939597315,0.101111111111111,0.222222222222222,0.98,0.98,-0.319987754630225,0.496007443392106,0.59,1000,100,"region_specific","45","dream_interaction"
0.853030303030303,0.879120879120879,0.625555555555556,0.8,0.97,0.99,-0.825422726524677,0.85674800025056,NA,1000,100,"region_specific","45","seurat_blind"
0.850699844479005,0.876558603491272,0.607777777777778,0.781111111111111,0.96,0.99,-0.825422726524677,0.85674800025056,NA,1000,100,"region_specific","45","seurat_napari"
0.850699844479005,0.876558603491272,0.607777777777778,0.781111111111111,0.96,0.99,-0.825422726524677,0.85674800025056,NA,1000,100,"region_specific","45","seurat_quint"
0.854961832061069,0.882138517618469,0.622222222222222,0.806666666666667,0.95,0.97,-0.825422726524677,0.85674800025056,NA,1000,100,"region_specific","45","wilcoxon"
0.133333333333333,0.469613259668508,0.0155728587319244,0.0945494994438265,0.91,0.96,-0.801722359278898,0.835301309167391,0.02,999,100,"region_specific","45","deseq2_pb"
0.365853658536585,0.637305699481865,0.0166666666666667,0.136666666666667,0.26,0.7,-1.08531324432116,1.10411631413821,0,1000,100,"region_specific","46","dream_blind"
0.6,0.686274509803922,0.00333704115684093,0.116796440489433,0.02,0.48,-1.18722884101385,1.200313952408,0,999,100,"region_specific","46","dream_napari"
0.6,0.686274509803922,0.00333704115684093,0.116796440489433,0.02,0.48,-1.18722884101385,1.200313952408,0,999,100,"region_specific","46","dream_quint"
0.398773006134969,0.608695652173913,0.0722222222222222,0.171111111111111,0.98,0.99,-0.332300588641877,0.523418718074137,0.62,1000,100,"region_specific","46","dream_interaction"
0.851127819548872,0.881235154394299,0.628888888888889,0.824444444444444,0.99,1,-0.788672987152822,0.815930810777512,NA,1000,100,"region_specific","46","seurat_blind"
0.844197138314785,0.876404494382023,0.59,0.78,0.98,0.99,-0.788672987152822,0.815930810777512,NA,1000,100,"region_specific","46","seurat_napari"
0.844197138314785,0.876404494382023,0.59,0.78,0.98,0.99,-0.788672987152822,0.815930810777512,NA,1000,100,"region_specific","46","seurat_quint"
0.850903614457831,0.881437125748503,0.627777777777778,0.817777777777778,0.99,0.99,-0.788672987152822,0.815930810777512,NA,1000,100,"region_specific","46","wilcoxon"
0.173913043478261,0.455555555555556,0.0222222222222222,0.0911111111111111,0.95,0.98,-0.802025522563954,0.830140850061158,0.04,1000,100,"region_specific","46","deseq2_pb"
0.181818181818182,0.52258064516129,0.00444938820912125,0.0901001112347052,0.18,0.74,-1.11464057845696,1.13258304709142,0,999,100,"region_specific","47","dream_blind"
0.142857142857143,0.527131782945736,0.00111234705228031,0.0756395995550612,0.06,0.61,-1.18893906320287,1.20381767750573,0,999,100,"region_specific","47","dream_napari"
0.142857142857143,0.527131782945736,0.00111234705228031,0.0756395995550612,0.06,0.61,-1.18893906320287,1.20381767750573,0,999,100,"region_specific","47","dream_quint"
0.146551724137931,0.505,0.0189098998887653,0.112347052280311,0.99,0.99,-0.344161847748749,0.507119717585847,0.51,999,100,"region_specific","47","dream_interaction"
0.857997010463378,0.882352941176471,0.637777777777778,0.816666666666667,0.95,0.98,-1.00472964444965,1.02962065017417,NA,1000,100,"region_specific","47","seurat_blind"
0.859649122807018,0.879641485275288,0.598888888888889,0.763333333333333,0.88,0.94,-1.00472964444965,1.02962065017417,NA,1000,100,"region_specific","47","seurat_napari"
0.859649122807018,0.879641485275288,0.598888888888889,0.763333333333333,0.88,0.94,-1.00472964444965,1.02962065017417,NA,1000,100,"region_specific","47","seurat_quint"
0.865583456425406,0.88456865127582,0.651111111111111,0.808888888888889,0.91,0.95,-1.00472964444965,1.02962065017417,NA,1000,100,"region_specific","47","wilcoxon"
0.15,0.483870967741935,0.0167037861915367,0.10022271714922,0.85,0.96,-0.870771244528692,0.900963540568757,0.01,998,100,"region_specific","47","deseq2_pb"
0.575757575757576,0.606382978723404,0.0422222222222222,0.126666666666667,0.28,0.74,-1.07884038350936,1.09806815019502,0,1000,100,"region_specific","48","dream_blind"
0.595744680851064,0.624242424242424,0.0311111111111111,0.114444444444444,0.19,0.62,-1.15280194457362,1.16906238701001,0,1000,100,"region_specific","48","dream_napari"
0.595744680851064,0.624242424242424,0.0311111111111111,0.114444444444444,0.19,0.62,-1.15280194457362,1.16906238701001,0,1000,100,"region_specific","48","dream_quint"
0.533018867924528,0.67741935483871,0.125555555555556,0.233333333333333,0.99,1,-0.280800801173898,0.42052084045768,0.62,1000,100,"region_specific","48","dream_interaction"
0.854984894259819,0.882424242424242,0.628888888888889,0.808888888888889,0.96,0.97,-0.869100466511779,0.898648330424664,NA,1000,100,"region_specific","48","seurat_blind"
0.856692913385827,0.878862793572311,0.604444444444444,0.79,0.91,0.98,-0.869100466511779,0.898648330424664,NA,1000,100,"region_specific","48","seurat_napari"
0.856692913385827,0.878862793572311,0.604444444444444,0.79,0.91,0.98,-0.869100466511779,0.898648330424664,NA,1000,100,"region_specific","48","seurat_quint"
0.861812778603269,0.883693045563549,0.644444444444444,0.818888888888889,0.93,0.97,-0.869100466511779,0.898648330424664,NA,1000,100,"region_specific","48","wilcoxon"
0.161904761904762,0.472222222222222,0.0188888888888889,0.0944444444444444,0.88,0.95,-0.839907344201729,0.872827416155754,0.01,1000,100,"region_specific","48","deseq2_pb"
0.310344827586207,0.56551724137931,0.01,0.0911111111111111,0.2,0.63,-1.10224431276939,1.12625308920277,0,1000,100,"region_specific","49","dream_blind"
0.318181818181818,0.5703125,0.00777777777777778,0.0811111111111111,0.15,0.55,-1.17125250331873,1.19108044963154,0,1000,100,"region_specific","49","dream_napari"
0.318181818181818,0.5703125,0.00777777777777778,0.0811111111111111,0.15,0.55,-1.17125250331873,1.19108044963154,0,1000,100,"region_specific","49","dream_quint"
0.367741935483871,0.585774058577406,0.0633333333333333,0.155555555555556,0.98,0.99,-0.355104899625182,0.556332342673638,0.58,1000,100,"region_specific","49","dream_interaction"
0.8515625,0.881773399014778,0.605555555555556,0.795555555555556,0.95,0.96,-0.78977988271145,0.825823454734428,NA,1000,100,"region_specific","49","seurat_blind"
0.85,0.878361075544174,0.585555555555556,0.762222222222222,0.93,0.95,-0.78977988271145,0.825823454734428,NA,1000,100,"region_specific","49","seurat_napari"
0.85,0.878361075544174,0.585555555555556,0.762222222222222,0.93,0.95,-0.78977988271145,0.825823454734428,NA,1000,100,"region_specific","49","seurat_quint"
0.855161787365177,0.884428223844282,0.616666666666667,0.807777777777778,0.94,0.95,-0.78977988271145,0.825823454734428,NA,1000,100,"region_specific","49","wilcoxon"
0.198019801980198,0.449101796407186,0.0222469410456062,0.0834260289210234,0.81,0.92,-0.851093489782576,0.885333455145918,0.03,999,100,"region_specific","49","deseq2_pb"
0.315789473684211,0.583815028901734,0.0133333333333333,0.112222222222222,0.26,0.72,-1.10179870976079,1.11877305408486,0,1000,100,"region_specific","5","dream_blind"
0.434782608695652,0.56390977443609,0.0111111111111111,0.0833333333333333,0.13,0.58,-1.17266114352102,1.18622593143768,0,1000,100,"region_specific","5","dream_napari"
0.434782608695652,0.56390977443609,0.0111111111111111,0.0833333333333333,0.13,0.58,-1.17266114352102,1.18622593143768,0,1000,100,"region_specific","5","dream_quint"
0.352941176470588,0.5875,0.06,0.156666666666667,0.99,0.99,-0.330831095236274,0.48114096989463,0.54,1000,100,"region_specific","5","dream_interaction"
0.851351351351351,0.879081015719468,0.63,0.807777777777778,0.99,1,-0.869807099825369,0.894863921516099,NA,1000,100,"region_specific","5","seurat_blind"
0.841166936790924,0.875949367088608,0.576666666666667,0.768888888888889,0.98,0.98,-0.869807099825369,0.894863921516099,NA,1000,100,"region_specific","5","seurat_napari"
0.841166936790924,0.875949367088608,0.576666666666667,0.768888888888889,0.98,0.98,-0.869807099825369,0.894863921516099,NA,1000,100,"region_specific","5","seurat_quint"
0.851796407185629,0.877171215880893,0.632222222222222,0.785555555555556,0.99,0.99,-0.869807099825369,0.894863921516099,NA,1000,100,"region_specific","5","wilcoxon"
0.177570093457944,0.445714285714286,0.0211111111111111,0.0866666666666667,0.88,0.97,-0.84678279631597,0.87378383745315,0.01,1000,100,"region_specific","5","deseq2_pb"
0.352941176470588,0.543624161073825,0.0133333333333333,0.09,0.22,0.68,-1.08989833571404,1.11230428889789,0,1000,100,"region_specific","50","dream_blind"
0.333333333333333,0.571428571428571,0.01,0.0888888888888889,0.18,0.6,-1.15175995842594,1.17158372157675,0,1000,100,"region_specific","50","dream_napari"
0.333333333333333,0.571428571428571,0.01,0.0888888888888889,0.18,0.6,-1.15175995842594,1.17158372157675,0,1000,100,"region_specific","50","dream_quint"
0.401234567901235,0.597560975609756,0.0722222222222222,0.163333333333333,0.97,0.99,-0.323073612427275,0.512012720457465,0.56,1000,100,"region_specific","50","dream_interaction"
0.849544072948328,0.880668257756563,0.621111111111111,0.82,0.99,1,-0.750168761920626,0.957346552123567,NA,1000,100,"region_specific","50","seurat_blind"
0.850467289719626,0.874841972187105,0.606666666666667,0.768888888888889,0.96,0.99,-0.750168761920626,0.957346552123567,NA,1000,100,"region_specific","50","seurat_napari"
0.850467289719626,0.874841972187105,0.606666666666667,0.768888888888889,0.96,0.99,-0.750168761920626,0.957346552123567,NA,1000,100,"region_specific","50","seurat_quint"
0.854765506807867,0.878787878787879,0.627777777777778,0.805555555555556,0.96,1,-0.750168761920626,0.957346552123567,NA,1000,100,"region_specific","50","wilcoxon"
0.160377358490566,0.470588235294118,0.0189309576837416,0.0979955456570156,0.89,0.99,-0.731510660606139,1.22643483052031,0,998,100,"region_specific","50","deseq2_pb"
0.56,0.670212765957447,0.0311111111111111,0.14,0.22,0.62,-1.0922913571105,1.11116207134746,0,1000,100,"region_specific","6","dream_blind"
0.642857142857143,0.651612903225806,0.02,0.112222222222222,0.1,0.54,-1.16191543581496,1.17787400532684,0,1000,100,"region_specific","6","dream_napari"
0.642857142857143,0.651612903225806,0.02,0.112222222222222,0.1,0.54,-1.16191543581496,1.17787400532684,0,1000,100,"region_specific","6","dream_quint"
0.507462686567164,0.665551839464883,0.113333333333333,0.221111111111111,0.99,1,-0.303667772541844,0.471523270357801,0.64,1000,100,"region_specific","6","dream_interaction"
0.85672082717873,0.882352941176471,0.644444444444444,0.816666666666667,0.97,0.98,-0.883328399045725,1.07859995707382,NA,1000,100,"region_specific","6","seurat_blind"
0.85243328100471,0.880149812734082,0.603333333333333,0.783333333333333,0.94,0.96,-0.883328399045725,1.07859995707382,NA,1000,100,"region_specific","6","seurat_napari"
0.85243328100471,0.880149812734082,0.603333333333333,0.783333333333333,0.94,0.96,-0.883328399045725,1.07859995707382,NA,1000,100,"region_specific","6","seurat_quint"
0.857784431137725,0.881927710843374,0.636666666666667,0.813333333333333,0.95,0.98,-0.883328399045725,1.07859995707382,NA,1000,100,"region_specific","6","wilcoxon"
0.13265306122449,0.477777777777778,0.0144766146993318,0.0957683741648107,0.85,0.94,-0.783908112259088,1.27137151544535,0.01,998,100,"region_specific","6","deseq2_pb"
0.324324324324324,0.544871794871795,0.0133481646273637,0.0945494994438265,0.25,0.71,-1.11462886869346,1.13043518080469,0,999,100,"region_specific","7","dream_blind"
0.263157894736842,0.508196721311475,0.00556173526140156,0.0689655172413793,0.14,0.6,-1.18212863830494,1.19541480529353,0,999,100,"region_specific","7","dream_napari"
0.263157894736842,0.508196721311475,0.00556173526140156,0.0689655172413793,0.14,0.6,-1.18212863830494,1.19541480529353,0,999,100,"region_specific","7","dream_quint"
0.326388888888889,0.584033613445378,0.0522803114571746,0.154616240266963,0.97,0.99,-0.366219485082665,0.52931257664818,0.5,999,100,"region_specific","7","dream_interaction"
0.857571214392804,0.88502994011976,0.635555555555556,0.821111111111111,0.95,0.96,-0.936723210408094,0.959487389717341,NA,1000,100,"region_specific","7","seurat_blind"
0.857369255150555,0.882280049566295,0.601111111111111,0.791111111111111,0.9,0.95,-0.936723210408094,0.959487389717341,NA,1000,100,"region_specific","7","seurat_napari"
0.857369255150555,0.882280049566295,0.601111111111111,0.791111111111111,0.9,0.95,-0.936723210408094,0.959487389717341,NA,1000,100,"region_specific","7","seurat_quint"
0.86410635155096,0.884378843788438,0.65,0.798888888888889,0.92,0.94,-0.936723210408094,0.959487389717341,NA,1000,100,"region_specific","7","wilcoxon"
0.134020618556701,0.455621301775148,0.0144927536231884,0.0858416945373467,0.84,0.92,-0.88534125317705,0.910843285374038,0.02,997,100,"region_specific","7","deseq2_pb"
0.552631578947368,0.615819209039548,0.0233592880978865,0.121245828698554,0.17,0.68,-1.12463000996394,1.14228315859266,0,999,100,"region_specific","8","dream_blind"
0.5,0.644295302013423,0.00444938820912125,0.10678531701891,0.04,0.53,-1.19026922598241,1.20440348303292,0,999,100,"region_specific","8","dream_napari"
0.5,0.644295302013423,0.00444938820912125,0.10678531701891,0.04,0.53,-1.19026922598241,1.20440348303292,0,999,100,"region_specific","8","dream_quint"
0.41566265060241,0.62015503875969,0.0767519466073415,0.17797552836485,0.97,0.98,-0.370421389297139,0.540512194991778,0.57,999,100,"region_specific","8","dream_interaction"
0.86046511627907,0.882211538461538,0.657777777777778,0.815555555555556,0.96,0.98,-0.923026265183889,0.944952090458881,NA,1000,100,"region_specific","8","seurat_blind"
0.854889589905363,0.876606683804627,0.602222222222222,0.757777777777778,0.92,0.96,-0.923026265183889,0.944952090458881,NA,1000,100,"region_specific","8","seurat_napari"
0.854889589905363,0.876606683804627,0.602222222222222,0.757777777777778,0.92,0.96,-0.923026265183889,0.944952090458881,NA,1000,100,"region_specific","8","seurat_quint"
0.863570391872279,0.884476534296029,0.661111111111111,0.816666666666667,0.94,0.96,-0.923026265183889,0.944952090458881,NA,1000,100,"region_specific","8","wilcoxon"
0.214285714285714,0.466292134831461,0.0267260579064588,0.0924276169265033,0.88,0.95,-0.850387001972535,0.875484587067454,0.02,998,100,"region_specific","8","deseq2_pb"
0.357142857142857,0.543478260869565,0.00555555555555556,0.0833333333333333,0.09,0.63,-1.124966486116,1.1453263974253,0,1000,100,"region_specific","9","dream_blind"
0.333333333333333,0.557377049180328,0.00444444444444444,0.0755555555555556,0.08,0.54,-1.18049815945682,1.19848335316119,0,1000,100,"region_specific","9","dream_napari"
0.333333333333333,0.557377049180328,0.00444444444444444,0.0755555555555556,0.08,0.54,-1.18049815945682,1.19848335316119,0,1000,100,"region_specific","9","dream_quint"
0.302158273381295,0.558558558558559,0.0466666666666667,0.137777777777778,0.97,0.98,-0.352817042471537,0.533086481539247,0.55,1000,100,"region_specific","9","dream_interaction"
0.864381520119225,0.879012345679012,0.644444444444444,0.791111111111111,0.91,0.98,-0.964556482799356,0.987292918088855,NA,1000,100,"region_specific","9","seurat_blind"
0.8678955453149,0.884758364312268,0.627777777777778,0.793333333333333,0.86,0.93,-0.964556482799356,0.987292918088855,NA,1000,100,"region_specific","9","seurat_napari"
0.8678955453149,0.884758364312268,0.627777777777778,0.793333333333333,0.86,0.93,-0.964556482799356,0.987292918088855,NA,1000,100,"region_specific","9","seurat_quint"
0.860986547085202,0.881927710843374,0.64,0.813333333333333,0.93,0.98,-0.964556482799356,0.987292918088855,NA,1000,100,"region_specific","9","wilcoxon"
0.104166666666667,0.452380952380952,0.0111111111111111,0.0844444444444444,0.86,0.92,-0.872979500060184,0.899913222792242,0.01,1000,100,"region_specific","9","deseq2_pb"
0.555555555555556,0.684210526315789,0.00555555555555556,0.101111111111111,0.04,0.42,-1.26317943228508,1.27594202790296,0,1000,100,"interaction","1","dream_blind"
0.5,0.693877551020408,0.00222222222222222,0.0755555555555556,0.02,0.3,-1.31880285912388,1.33079773159617,0,1000,100,"interaction","1","dream_napari"
0.5,0.693877551020408,0.00222222222222222,0.0755555555555556,0.02,0.3,-1.31880285912388,1.33079773159617,0,1000,100,"interaction","1","dream_quint"
0.444444444444444,0.606299212598425,0.0888888888888889,0.171111111111111,1,1,-0.267696105040216,0.436875256028327,0.62,1000,100,"interaction","1","dream_interaction"
0.84789644012945,0.87875,0.582222222222222,0.781111111111111,0.94,0.97,-0.913483176784044,0.942059395493884,NA,1000,100,"interaction","1","seurat_blind"
0.861830742659758,0.879177377892031,0.554444444444444,0.76,0.8,0.94,-0.913483176784044,0.942059395493884,NA,1000,100,"interaction","1","seurat_napari"
0.861830742659758,0.879177377892031,0.554444444444444,0.76,0.8,0.94,-0.913483176784044,0.942059395493884,NA,1000,100,"interaction","1","seurat_quint"
0.864820846905538,0.878634639696587,0.59,0.772222222222222,0.83,0.96,-0.913483176784044,0.942059395493884,NA,1000,100,"interaction","1","wilcoxon"
0.116279069767442,0.428571428571429,0.0111234705228031,0.0734149054505006,0.76,0.88,-0.935089177729522,0.963540702575854,0.01,999,100,"interaction","1","deseq2_pb"
0.5,0.61864406779661,0.00333333333333333,0.0811111111111111,0.03,0.45,-1.25594759313726,1.26704798072833,0,1000,100,"interaction","10","dream_blind"
0,0.697247706422018,0,0.0844444444444444,0.01,0.33,-1.32089022594831,1.32998131243238,0,1000,100,"interaction","10","dream_napari"
0,0.697247706422018,0,0.0844444444444444,0.01,0.33,-1.32089022594831,1.32998131243238,0,1000,100,"interaction","10","dream_quint"
0.24031007751938,0.453551912568306,0.0344444444444444,0.0922222222222222,0.98,1,-0.329151777721992,0.569670088126085,0.64,1000,100,"interaction","10","dream_interaction"
0.86547811993517,0.884472049689441,0.593333333333333,0.791111111111111,0.83,0.93,-1.00399200824432,1.02801493114495,NA,1000,100,"interaction","10","seurat_blind"
0.883248730964467,0.893644617380026,0.58,0.765555555555556,0.69,0.82,-1.00399200824432,1.02801493114495,NA,1000,100,"interaction","10","seurat_napari"
0.883248730964467,0.893644617380026,0.58,0.765555555555556,0.69,0.82,-1.00399200824432,1.02801493114495,NA,1000,100,"interaction","10","seurat_quint"
0.87719298245614,0.893483709273183,0.611111111111111,0.792222222222222,0.77,0.85,-1.00399200824432,1.02801493114495,NA,1000,100,"interaction","10","wilcoxon"
0.173913043478261,0.466666666666667,0.017797552836485,0.085650723025584,0.76,0.88,-0.954616720725057,0.980301139139017,0.01,999,100,"interaction","10","deseq2_pb"
0.25,0.725190839694656,0.00111111111111111,0.105555555555556,0.03,0.36,-1.30085926881872,1.31346874207257,0,1000,100,"interaction","11","dream_blind"
0.5,0.701030927835051,0.00111111111111111,0.0755555555555556,0.01,0.29,-1.35249583924295,1.36382190074057,0,1000,100,"interaction","11","dream_napari"
0.5,0.701030927835051,0.00111111111111111,0.0755555555555556,0.01,0.29,-1.35249583924295,1.36382190074057,0,1000,100,"interaction","11","dream_quint"
0.371069182389937,0.581589958158996,0.0655555555555556,0.154444444444444,1,1,-0.313422811298689,0.459681138439184,0.57,1000,100,"interaction","11","dream_interaction"
0.864197530864197,0.886168910648715,0.622222222222222,0.804444444444444,0.88,0.93,-0.926722286642915,1.11571954031264,NA,1000,100,"interaction","11","seurat_blind"
0.868243243243243,0.877444589308996,0.571111111111111,0.747777777777778,0.78,0.94,-0.926722286642915,1.11571954031264,NA,1000,100,"interaction","11","seurat_napari"
0.868243243243243,0.877444589308996,0.571111111111111,0.747777777777778,0.78,0.94,-0.926722286642915,1.11571954031264,NA,1000,100,"interaction","11","seurat_quint"
0.877708978328173,0.89119804400978,0.63,0.81,0.79,0.89,-0.926722286642915,1.11571954031264,NA,1000,100,"interaction","11","wilcoxon"
0.109756097560976,0.469512195121951,0.0100334448160535,0.0858416945373467,0.73,0.87,-0.855952890264808,1.33042774852685,0.02,997,100,"interaction","11","deseq2_pb"
0.6,0.753846153846154,0.01,0.108888888888889,0.06,0.32,-1.30033566781389,1.31337626368626,0,1000,100,"interaction","12","dream_blind"
0.5,0.771428571428571,0.00444444444444444,0.09,0.04,0.24,-1.35418712721605,1.36613861597833,0,1000,100,"interaction","12","dream_napari"
0.5,0.771428571428571,0.00444444444444444,0.09,0.04,0.24,-1.35418712721605,1.36613861597833,0,1000,100,"interaction","12","dream_quint"
0.510204081632653,0.646209386281588,0.111111111111111,0.198888888888889,0.96,0.98,-0.369307010581771,0.576367796200912,0.54,1000,100,"interaction","12","dream_interaction"
0.869291338582677,0.884093711467324,0.613333333333333,0.796666666666667,0.83,0.94,-1.01785953511802,1.0397525221629,NA,1000,100,"interaction","12","seurat_blind"
0.888341543513957,0.892487046632124,0.601111111111111,0.765555555555556,0.68,0.83,-1.01785953511802,1.0397525221629,NA,1000,100,"interaction","12","seurat_napari"
0.888341543513957,0.892487046632124,0.601111111111111,0.765555555555556,0.68,0.83,-1.01785953511802,1.0397525221629,NA,1000,100,"interaction","12","seurat_quint"
0.890127388535032,0.892676767676768,0.621111111111111,0.785555555555556,0.69,0.85,-1.01785953511802,1.0397525221629,NA,1000,100,"interaction","12","wilcoxon"
0.197530864197531,0.497076023391813,0.0177777777777778,0.0944444444444444,0.65,0.86,-0.961202404350419,0.98562972065783,0.01,1000,100,"interaction","12","deseq2_pb"
0.666666666666667,0.691666666666667,0.00444938820912125,0.0923248053392658,0.02,0.37,-1.29210022873347,1.30430610654645,0,999,100,"interaction","13","dream_blind"
0.666666666666667,0.72289156626506,0.0022271714922049,0.066815144766147,0.01,0.23,-1.3464825622611,1.35796056780132,0,998,100,"interaction","13","dream_napari"
0.666666666666667,0.72289156626506,0.0022271714922049,0.066815144766147,0.01,0.23,-1.3464825622611,1.35796056780132,0,998,100,"interaction","13","dream_quint"
0.478723404255319,0.651408450704225,0.100111234705228,0.205784204671858,0.98,0.99,-0.355184833407691,0.514864643267192,0.54,999,100,"interaction","13","dream_interaction"
0.840531561461794,0.872773536895674,0.562222222222222,0.762222222222222,0.96,1,-0.929156416665466,0.951976811267939,NA,1000,100,"interaction","13","seurat_blind"
0.858906525573192,0.877358490566038,0.541111111111111,0.723333333333333,0.8,0.91,-0.929156416665466,0.951976811267939,NA,1000,100,"interaction","13","seurat_napari"
0.858906525573192,0.877358490566038,0.541111111111111,0.723333333333333,0.8,0.91,-0.929156416665466,0.951976811267939,NA,1000,100,"interaction","13","seurat_quint"
0.858823529411765,0.881136950904393,0.567777777777778,0.757777777777778,0.84,0.92,-0.929156416665466,0.951976811267939,NA,1000,100,"interaction","13","wilcoxon"
0.212765957446809,0.494623655913978,0.022271714922049,0.102449888641425,0.74,0.94,-0.941098176437967,0.964162466942475,0,998,100,"interaction","13","deseq2_pb"
0.611111111111111,0.719178082191781,0.0122222222222222,0.116666666666667,0.07,0.41,-1.29537338459696,1.30642009746358,0,1000,100,"interaction","14","dream_blind"
1,0.792079207920792,0.00343642611683849,0.0916380297823597,0,0.21,-1.42870306255579,1.43744637220366,0,973,100,"interaction","14","dream_napari"
1,0.792079207920792,0.00343642611683849,0.0916380297823597,0,0.21,-1.42870306255579,1.43744637220366,0,973,100,"interaction","14","dream_quint"
0.38125,0.586776859504132,0.0677777777777778,0.157777777777778,0.99,1,-0.303641634269243,0.461037791956725,0.62,1000,100,"interaction","14","dream_interaction"
0.863013698630137,0.888068880688807,0.63,0.802222222222222,0.9,0.91,-1.03771224972731,1.05721249317344,NA,1000,100,"interaction","14","seurat_blind"
0.879282218597064,0.88618925831202,0.598888888888889,0.77,0.74,0.89,-1.03771224972731,1.05721249317344,NA,1000,100,"interaction","14","seurat_napari"
0.879282218597064,0.88618925831202,0.598888888888889,0.77,0.74,0.89,-1.03771224972731,1.05721249317344,NA,1000,100,"interaction","14","seurat_quint"
0.883435582822086,0.88984088127295,0.64,0.807777777777778,0.76,0.9,-1.03771224972731,1.05721249317344,NA,1000,100,"interaction","14","wilcoxon"
0.164705882352941,0.51123595505618,0.0155728587319244,0.101223581757508,0.71,0.87,-0.971350620855826,0.993269457396493,0,999,100,"interaction","14","deseq2_pb"
0.458333333333333,0.664,0.0122222222222222,0.0922222222222222,0.13,0.42,-1.28162958038393,1.29502252746026,0,1000,100,"interaction","15","dream_blind"
0,0.697247706422018,0,0.0844444444444444,0.01,0.33,-1.34118475213568,1.35280127249703,0,1000,100,"interaction","15","dream_napari"
0,0.697247706422018,0,0.0844444444444444,0.01,0.33,-1.34118475213568,1.35280127249703,0,1000,100,"interaction","15","dream_quint"
0.253846153846154,0.552995391705069,0.0366666666666667,0.133333333333333,0.97,0.97,-0.352435612873272,0.53521859320302,0.54,1000,100,"interaction","15","dream_interaction"
0.858505564387917,0.879134860050891,0.6,0.767777777777778,0.89,0.95,-0.951266251048292,0.97983240923504,NA,1000,100,"interaction","15","seurat_blind"
0.87304347826087,0.890066225165563,0.557777777777778,0.746666666666667,0.73,0.83,-0.951266251048292,0.97983240923504,NA,1000,100,"interaction","15","seurat_napari"
0.87304347826087,0.890066225165563,0.557777777777778,0.746666666666667,0.73,0.83,-0.951266251048292,0.97983240923504,NA,1000,100,"interaction","15","seurat_quint"
0.872611464968153,0.886624203821656,0.608888888888889,0.773333333333333,0.8,0.89,-0.951266251048292,0.97983240923504,NA,1000,100,"interaction","15","wilcoxon"
0.151898734177215,0.458064516129032,0.0133333333333333,0.0788888888888889,0.67,0.84,-0.96090306019391,0.989036664378696,0,1000,100,"interaction","15","deseq2_pb"
0.5,0.682539682539683,0.00111234705228031,0.0956618464961068,0.01,0.4,-1.25422254408371,1.26597245394345,0,999,100,"interaction","16","dream_blind"
0,0.718181818181818,0,0.0878754171301446,0.01,0.31,-1.30760549831637,1.31811968176499,0,999,100,"interaction","16","dream_napari"
0,0.718181818181818,0,0.0878754171301446,0.01,0.31,-1.30760549831637,1.31811968176499,0,999,100,"interaction","16","dream_quint"
0.139130434782609,0.476190476190476,0.017797552836485,0.100111234705228,0.99,0.99,-0.232126374396009,0.437108014878284,0.67,999,100,"interaction","16","dream_interaction"
0.864274570982839,0.886723507917174,0.615555555555556,0.808888888888889,0.87,0.93,-1.05431681112042,1.07284066816812,NA,1000,100,"interaction","16","seurat_blind"
0.875210792580101,0.88961038961039,0.576666666666667,0.761111111111111,0.74,0.85,-1.05431681112042,1.07284066816812,NA,1000,100,"interaction","16","seurat_napari"
0.875210792580101,0.88961038961039,0.576666666666667,0.761111111111111,0.74,0.85,-1.05431681112042,1.07284066816812,NA,1000,100,"interaction","16","seurat_quint"
0.8859375,0.89294403892944,0.63,0.815555555555556,0.73,0.88,-1.05431681112042,1.07284066816812,NA,1000,100,"interaction","16","wilcoxon"
0.161290322580645,0.48314606741573,0.0167037861915367,0.0957683741648107,0.78,0.92,-0.942639184764959,0.964336102037756,0.01,998,100,"interaction","16","deseq2_pb"
0.6875,0.8,0.0122222222222222,0.102222222222222,0.05,0.23,-1.32085235719965,1.33110976043534,0,1000,100,"interaction","17","dream_blind"
0.75,0.831325301204819,0.00333333333333333,0.0766666666666667,0.01,0.14,-1.37859655082436,1.38722160452907,0,1000,100,"interaction","17","dream_napari"
0.75,0.831325301204819,0.00333333333333333,0.0766666666666667,0.01,0.14,-1.37859655082436,1.38722160452907,0,1000,100,"interaction","17","dream_quint"
0.437125748502994,0.630350194552529,0.0811111111111111,0.18,0.94,0.95,-0.402374387254539,0.574997087262067,0.55,1000,100,"interaction","17","dream_interaction"
0.864823348694316,0.88504326328801,0.625555555555556,0.795555555555556,0.88,0.93,-0.98670763719282,1.01142448149601,NA,1000,100,"interaction","17","seurat_blind"
0.885572139303483,0.889175257731959,0.593333333333333,0.766666666666667,0.69,0.86,-0.98670763719282,1.01142448149601,NA,1000,100,"interaction","17","seurat_napari"
0.885572139303483,0.889175257731959,0.593333333333333,0.766666666666667,0.69,0.86,-0.98670763719282,1.01142448149601,NA,1000,100,"interaction","17","seurat_quint"
0.882170542635659,0.8925,0.632222222222222,0.793333333333333,0.76,0.86,-0.98670763719282,1.01142448149601,NA,1000,100,"interaction","17","wilcoxon"
0.162790697674419,0.455696202531646,0.0155555555555556,0.08,0.72,0.86,-0.961541816084458,0.988620134617782,0.01,1000,100,"interaction","17","deseq2_pb"
0.875,0.818713450292398,0.0466666666666667,0.155555555555556,0.06,0.31,-1.34249964503505,1.35545906243119,0,1000,100,"interaction","18","dream_blind"
0.880952380952381,0.871165644171779,0.0411111111111111,0.157777777777778,0.05,0.21,-1.39093873823887,1.40236765755881,0,1000,100,"interaction","18","dream_napari"
0.880952380952381,0.871165644171779,0.0411111111111111,0.157777777777778,0.05,0.21,-1.39093873823887,1.40236765755881,0,1000,100,"interaction","18","dream_quint"
0.492063492063492,0.646209386281588,0.103333333333333,0.198888888888889,0.96,0.98,-0.392376644114811,0.574567676724182,0.49,1000,100,"interaction","18","dream_interaction"
0.875786163522013,0.889851485148515,0.618888888888889,0.798888888888889,0.79,0.89,-1.08654158706211,1.16558180044658,NA,1000,100,"interaction","18","seurat_blind"
0.886402753872633,0.893758300132802,0.572222222222222,0.747777777777778,0.66,0.8,-1.08654158706211,1.16558180044658,NA,1000,100,"interaction","18","seurat_napari"
0.886402753872633,0.893758300132802,0.572222222222222,0.747777777777778,0.66,0.8,-1.08654158706211,1.16558180044658,NA,1000,100,"interaction","18","seurat_quint"
0.892744479495268,0.89646772228989,0.628888888888889,0.817777777777778,0.68,0.85,-1.08654158706211,1.16558180044658,NA,1000,100,"interaction","18","wilcoxon"
0.25,0.520231213872832,0.0255839822024472,0.100111234705228,0.69,0.83,-0.915104262240793,1.15278653518354,0,999,100,"interaction","18","deseq2_pb"
0.375,0.634920634920635,0.00667408231368187,0.0889877641824249,0.1,0.46,-1.28724119287549,1.29853006747606,0,999,100,"interaction","19","dream_blind"
0.411764705882353,0.669811320754717,0.00778642936596218,0.0789766407119021,0.1,0.35,-1.34053237135297,1.35033146613264,0,999,100,"interaction","19","dream_napari"
0.411764705882353,0.669811320754717,0.00778642936596218,0.0789766407119021,0.1,0.35,-1.34053237135297,1.35033146613264,0,999,100,"interaction","19","dream_quint"
0.257575757575758,0.579399141630901,0.0378197997775306,0.150166852057842,0.98,0.98,-0.340049853591754,0.513804216883743,0.53,999,100,"interaction","19","dream_interaction"
0.857585139318885,0.883720930232558,0.615555555555556,0.802222222222222,0.92,0.95,-0.92481176030537,0.94865193269068,NA,1000,100,"interaction","19","seurat_blind"
0.86547811993517,0.880050505050505,0.593333333333333,0.774444444444444,0.83,0.95,-0.92481176030537,0.94865193269068,NA,1000,100,"interaction","19","seurat_napari"
0.86547811993517,0.880050505050505,0.593333333333333,0.774444444444444,0.83,0.95,-0.92481176030537,0.94865193269068,NA,1000,100,"interaction","19","seurat_quint"
0.864696734059098,0.887272727272727,0.617777777777778,0.813333333333333,0.87,0.93,-0.92481176030537,0.94865193269068,NA,1000,100,"interaction","19","wilcoxon"
0.175824175824176,0.505555555555556,0.0178173719376392,0.101336302895323,0.75,0.89,-0.952994057282691,0.97686559505719,0.01,998,100,"interaction","19","deseq2_pb"
0.5,0.723404255319149,0.00444444444444444,0.113333333333333,0.04,0.39,-1.27178407479686,1.28208541264991,0,1000,100,"interaction","2","dream_blind"
0.6,0.754237288135593,0.00333333333333333,0.0988888888888889,0.02,0.29,-1.33042627593213,1.33954815812676,0,1000,100,"interaction","2","dream_napari"
0.6,0.754237288135593,0.00333333333333333,0.0988888888888889,0.02,0.29,-1.33042627593213,1.33954815812676,0,1000,100,"interaction","2","dream_quint"
0.293233082706767,0.586497890295359,0.0433333333333333,0.154444444444444,0.94,0.98,-0.3394814646447,0.5577320151229,0.69,1000,100,"interaction","2","dream_interaction"
0.868702290076336,0.88780487804878,0.632222222222222,0.808888888888889,0.86,0.92,-1.0231354735348,1.04892285135256,NA,1000,100,"interaction","2","seurat_blind"
0.875993640699523,0.891165172855314,0.612222222222222,0.773333333333333,0.78,0.85,-1.0231354735348,1.04892285135256,NA,1000,100,"interaction","2","seurat_napari"
0.875993640699523,0.891165172855314,0.612222222222222,0.773333333333333,0.78,0.85,-1.0231354735348,1.04892285135256,NA,1000,100,"interaction","2","seurat_quint"
0.879756468797565,0.889570552147239,0.642222222222222,0.805555555555556,0.79,0.9,-1.0231354735348,1.04892285135256,NA,1000,100,"interaction","2","wilcoxon"
0.28695652173913,0.486187845303867,0.0366666666666667,0.0977777777777778,0.82,0.93,-0.919369936711715,0.952313282833339,0.02,1000,100,"interaction","2","deseq2_pb"
0.666666666666667,0.792682926829268,0.00444444444444444,0.144444444444444,0.02,0.34,-1.29769420315948,1.31163516756422,0,1000,100,"interaction","20","dream_blind"
0.666666666666667,0.813432835820896,0.00222222222222222,0.121111111111111,0.01,0.25,-1.34801097333432,1.36061692093078,0,1000,100,"interaction","20","dream_napari"
0.666666666666667,0.813432835820896,0.00222222222222222,0.121111111111111,0.01,0.25,-1.34801097333432,1.36061692093078,0,1000,100,"interaction","20","dream_quint"
0.455056179775281,0.629770992366412,0.0921501706484642,0.187713310580205,0.97,0.97,-0.332765667955212,0.517350999236272,0.57,979,100,"interaction","20","dream_interaction"
0.856697819314642,0.878562577447336,0.611111111111111,0.787777777777778,0.92,0.98,-0.953335548235349,0.976527262552078,NA,1000,100,"interaction","20","seurat_blind"
0.872340425531915,0.885496183206107,0.592222222222222,0.773333333333333,0.78,0.9,-0.953335548235349,0.976527262552078,NA,1000,100,"interaction","20","seurat_napari"
0.872340425531915,0.885496183206107,0.592222222222222,0.773333333333333,0.78,0.9,-0.953335548235349,0.976527262552078,NA,1000,100,"interaction","20","seurat_quint"
0.886435331230284,0.892459826946848,0.624444444444444,0.802222222222222,0.72,0.87,-0.953335548235349,0.976527262552078,NA,1000,100,"interaction","20","wilcoxon"
0.268817204301075,0.505555555555556,0.0277777777777778,0.101111111111111,0.68,0.89,-0.980473883035275,1.00429517251121,0.01,1000,100,"interaction","20","deseq2_pb"
0.571428571428571,0.721428571428571,0.00444444444444444,0.112222222222222,0.03,0.39,-1.2854581975341,1.29767047999327,0,1000,100,"interaction","21","dream_blind"
0.4,0.71900826446281,0.00222222222222222,0.0966666666666667,0.03,0.34,-1.33967443195795,1.35146203846442,0,1000,100,"interaction","21","dream_napari"
0.4,0.71900826446281,0.00222222222222222,0.0966666666666667,0.03,0.34,-1.33967443195795,1.35146203846442,0,1000,100,"interaction","21","dream_quint"
0.429411764705882,0.624521072796935,0.0811111111111111,0.181111111111111,0.97,0.98,-0.328380077564621,0.512357543682904,0.51,1000,100,"interaction","21","dream_interaction"
0.862442040185471,0.881693648816936,0.62,0.786666666666667,0.89,0.95,-0.994249070817501,1.01525931154131,NA,1000,100,"interaction","21","seurat_blind"
0.892405063291139,0.89272030651341,0.626666666666667,0.776666666666667,0.68,0.84,-0.994249070817501,1.01525931154131,NA,1000,100,"interaction","21","seurat_napari"
0.892405063291139,0.89272030651341,0.626666666666667,0.776666666666667,0.68,0.84,-0.994249070817501,1.01525931154131,NA,1000,100,"interaction","21","seurat_quint"
0.884615384615385,0.888343558282209,0.638888888888889,0.804444444444444,0.75,0.91,-0.994249070817501,1.01525931154131,NA,1000,100,"interaction","21","wilcoxon"
0.2,0.470238095238095,0.0222222222222222,0.0877777777777778,0.8,0.89,-0.964363223196591,0.986923201723616,0,1000,100,"interaction","21","deseq2_pb"
0.818181818181818,0.735294117647059,0.01,0.111111111111111,0.02,0.36,-1.30219985791657,1.31308991592792,0,1000,100,"interaction","22","dream_blind"
0.6,0.745454545454545,0.00333333333333333,0.0911111111111111,0.02,0.28,-1.34881653314377,1.35914276615826,0,1000,100,"interaction","22","dream_napari"
0.6,0.745454545454545,0.00333333333333333,0.0911111111111111,0.02,0.28,-1.34881653314377,1.35914276615826,0,1000,100,"interaction","22","dream_quint"
0.419161676646707,0.611764705882353,0.0777777777777778,0.173333333333333,0.97,0.99,-0.336924369782941,0.508973670831548,0.58,1000,100,"interaction","22","dream_interaction"
0.868098159509202,0.884944920440636,0.628888888888889,0.803333333333333,0.86,0.94,-0.999803422515829,1.01740999889179,NA,1000,100,"interaction","22","seurat_blind"
0.862295081967213,0.878940731399748,0.584444444444444,0.774444444444444,0.84,0.96,-0.999803422515829,1.01740999889179,NA,1000,100,"interaction","22","seurat_napari"
0.862295081967213,0.878940731399748,0.584444444444444,0.774444444444444,0.84,0.96,-0.999803422515829,1.01740999889179,NA,1000,100,"interaction","22","seurat_quint"
0.876335877862595,0.889830508474576,0.637777777777778,0.816666666666667,0.81,0.91,-0.999803422515829,1.01740999889179,NA,1000,100,"interaction","22","wilcoxon"
0.217821782178218,0.50828729281768,0.0244444444444444,0.102222222222222,0.79,0.89,-0.952107608688514,0.971343165319549,0,1000,100,"interaction","22","deseq2_pb"
0.652173913043478,0.626984126984127,0.0166666666666667,0.0877777777777778,0.08,0.47,-1.26061246397019,1.27217611164983,0,1000,100,"interaction","23","dream_blind"
0.772727272727273,0.666666666666667,0.0188888888888889,0.0755555555555556,0.05,0.34,-1.31782153427289,1.32825035730719,0,1000,100,"interaction","23","dream_napari"
0.772727272727273,0.666666666666667,0.0188888888888889,0.0755555555555556,0.05,0.34,-1.31782153427289,1.32825035730719,0,1000,100,"interaction","23","dream_quint"
0.24812030075188,0.551569506726457,0.0366666666666667,0.136666666666667,1,1,-0.305095721464645,0.462688889859173,0.59,1000,100,"interaction","23","dream_interaction"
0.857361963190184,0.881642512077295,0.621111111111111,0.811111111111111,0.93,0.98,-0.963958817619754,0.986685843663531,NA,1000,100,"interaction","23","seurat_blind"
0.854812398042414,0.879746835443038,0.582222222222222,0.772222222222222,0.89,0.95,-0.963958817619754,0.986685843663531,NA,1000,100,"interaction","23","seurat_napari"
0.854812398042414,0.879746835443038,0.582222222222222,0.772222222222222,0.89,0.95,-0.963958817619754,0.986685843663531,NA,1000,100,"interaction","23","seurat_quint"
0.866261398176292,0.883211678832117,0.633333333333333,0.806666666666667,0.88,0.96,-0.963958817619754,0.986685843663531,NA,1000,100,"interaction","23","wilcoxon"
0.0909090909090909,0.502702702702703,0.0089086859688196,0.103563474387528,0.8,0.92,-0.93269931342969,0.957068661924174,0,998,100,"interaction","23","deseq2_pb"
0.571428571428571,0.75,0.00444444444444444,0.113333333333333,0.03,0.34,-1.32238931821316,1.33456342455049,0,1000,100,"interaction","24","dream_blind"
0.333333333333333,0.780952380952381,0.00111111111111111,0.0911111111111111,0.02,0.23,-1.36596706699023,1.37772007692747,0,1000,100,"interaction","24","dream_napari"
0.333333333333333,0.780952380952381,0.00111111111111111,0.0911111111111111,0.02,0.23,-1.36596706699023,1.37772007692747,0,1000,100,"interaction","24","dream_quint"
0.328859060402685,0.579831932773109,0.0544444444444444,0.153333333333333,1,1,-0.363369613494229,0.542762674405717,0.53,1000,100,"interaction","24","dream_interaction"
0.86535552193646,0.883777239709443,0.635555555555556,0.811111111111111,0.89,0.96,-0.979437978790233,1.00188639835339,NA,1000,100,"interaction","24","seurat_blind"
0.886513157894737,0.89216944801027,0.598888888888889,0.772222222222222,0.69,0.84,-0.979437978790233,1.00188639835339,NA,1000,100,"interaction","24","seurat_napari"
0.886513157894737,0.89216944801027,0.598888888888889,0.772222222222222,0.69,0.84,-0.979437978790233,1.00188639835339,NA,1000,100,"interaction","24","seurat_quint"
0.878648233486943,0.89010989010989,0.635555555555556,0.81,0.79,0.9,-0.979437978790233,1.00188639835339,NA,1000,100,"interaction","24","wilcoxon"
0.16304347826087,0.497109826589595,0.0166852057842047,0.0956618464961068,0.77,0.87,-0.956695568544145,0.980210942658775,0.01,999,100,"interaction","24","deseq2_pb"
0.75,0.753424657534247,0.0166666666666667,0.122222222222222,0.05,0.36,-1.28881802006774,1.3017645795992,0,1000,100,"interaction","25","dream_blind"
0.833333333333333,0.786259541984733,0.0111111111111111,0.114444444444444,0.02,0.28,-1.35281894957422,1.36324345572782,0,1000,100,"interaction","25","dream_napari"
0.833333333333333,0.786259541984733,0.0111111111111111,0.114444444444444,0.02,0.28,-1.35281894957422,1.36324345572782,0,1000,100,"interaction","25","dream_quint"
0.51010101010101,0.66551724137931,0.112222222222222,0.214444444444444,0.97,0.97,-0.353138913014697,0.528417566471277,0.57,1000,100,"interaction","25","dream_interaction"
0.873323397913562,0.889162561576355,0.651111111111111,0.802222222222222,0.85,0.9,-1.04158042219839,1.06234613764587,NA,1000,100,"interaction","25","seurat_blind"
0.892282958199357,0.896637608966376,0.616666666666667,0.8,0.67,0.83,-1.04158042219839,1.06234613764587,NA,1000,100,"interaction","25","seurat_napari"
0.892282958199357,0.896637608966376,0.616666666666667,0.8,0.67,0.83,-1.04158042219839,1.06234613764587,NA,1000,100,"interaction","25","seurat_quint"
0.888888888888889,0.897277227722772,0.666666666666667,0.805555555555556,0.75,0.83,-1.04158042219839,1.06234613764587,NA,1000,100,"interaction","25","wilcoxon"
0.204301075268817,0.451807228915663,0.0211111111111111,0.0833333333333333,0.74,0.91,-0.957284915084713,0.980507878359596,0.01,1000,100,"interaction","25","deseq2_pb"
0.847826086956522,0.809815950920245,0.0433333333333333,0.146666666666667,0.07,0.31,-1.3241437441723,1.33633390605202,0,1000,100,"interaction","26","dream_blind"
0.861111111111111,0.861111111111111,0.0344444444444444,0.137777777777778,0.05,0.2,-1.38043370682477,1.39101275845595,0,1000,100,"interaction","26","dream_napari"
0.861111111111111,0.861111111111111,0.0344444444444444,0.137777777777778,0.05,0.2,-1.38043370682477,1.39101275845595,0,1000,100,"interaction","26","dream_quint"
0.484536082474227,0.609375,0.10561797752809,0.175280898876404,1,1,-0.296709125659587,0.422915468356231,0.53,990,100,"interaction","26","dream_interaction"
0.873684210526316,0.887694145758662,0.645555555555556,0.825555555555556,0.84,0.94,-1.05963201647288,1.08507323159117,NA,1000,100,"interaction","26","seurat_blind"
0.879032258064516,0.88625,0.605555555555556,0.787777777777778,0.75,0.91,-1.05963201647288,1.08507323159117,NA,1000,100,"interaction","26","seurat_napari"
0.879032258064516,0.88625,0.605555555555556,0.787777777777778,0.75,0.91,-1.05963201647288,1.08507323159117,NA,1000,100,"interaction","26","seurat_quint"
0.879234167893962,0.888235294117647,0.663333333333333,0.838888888888889,0.82,0.95,-1.05963201647288,1.08507323159117,NA,1000,100,"interaction","26","wilcoxon"
0.156626506024096,0.47953216374269,0.0144444444444444,0.0911111111111111,0.7,0.89,-0.95351102084074,0.992959320744027,0.02,1000,100,"interaction","26","deseq2_pb"
0.764705882352941,0.658730158730159,0.0144444444444444,0.0922222222222222,0.04,0.43,-1.27944806766759,1.29275859050267,0,1000,100,"interaction","27","dream_blind"
0.5,0.707964601769911,0.00444444444444444,0.0888888888888889,0.04,0.33,-1.33318452950098,1.34530390061721,0,1000,100,"interaction","27","dream_napari"
0.5,0.707964601769911,0.00444444444444444,0.0888888888888889,0.04,0.33,-1.33318452950098,1.34530390061721,0,1000,100,"interaction","27","dream_quint"
0.378205128205128,0.614173228346457,0.0655555555555556,0.173333333333333,0.97,0.98,-0.344681673417785,0.530275327384619,0.54,1000,100,"interaction","27","dream_interaction"
0.860576923076923,0.881546134663342,0.596666666666667,0.785555555555556,0.87,0.95,-1.0816173851256,1.10159446447815,NA,1000,100,"interaction","27","seurat_blind"
0.88013698630137,0.881333333333333,0.571111111111111,0.734444444444444,0.7,0.89,-1.0816173851256,1.10159446447815,NA,1000,100,"interaction","27","seurat_napari"
0.88013698630137,0.881333333333333,0.571111111111111,0.734444444444444,0.7,0.89,-1.0816173851256,1.10159446447815,NA,1000,100,"interaction","27","seurat_quint"
0.879807692307692,0.892059553349876,0.61,0.798888888888889,0.75,0.87,-1.0816173851256,1.10159446447815,NA,1000,100,"interaction","27","wilcoxon"
0.213483146067416,0.453416149068323,0.0211345939933259,0.0812013348164627,0.7,0.88,-0.962363048535217,0.986391344128135,0,999,100,"interaction","27","deseq2_pb"
0.5,0.687022900763359,0.00666666666666667,0.1,0.06,0.41,-1.28635137752998,1.29676258463672,0,1000,100,"interaction","28","dream_blind"
0.538461538461538,0.710526315789474,0.00777777777777778,0.09,0.06,0.33,-1.34232912156667,1.35200166885038,0,1000,100,"interaction","28","dream_napari"
0.538461538461538,0.710526315789474,0.00777777777777778,0.09,0.06,0.33,-1.34232912156667,1.35200166885038,0,1000,100,"interaction","28","dream_quint"
0.344827586206897,0.567567567567568,0.0555555555555556,0.14,0.95,0.96,-0.348361512935454,0.537230817036143,0.55,1000,100,"interaction","28","dream_interaction"
0.864485981308411,0.882708585247884,0.616666666666667,0.811111111111111,0.87,0.97,-1.0154063545393,1.0328368650963,NA,1000,100,"interaction","28","seurat_blind"
0.885191347753744,0.89520202020202,0.591111111111111,0.787777777777778,0.69,0.83,-1.0154063545393,1.0328368650963,NA,1000,100,"interaction","28","seurat_napari"
0.885191347753744,0.89520202020202,0.591111111111111,0.787777777777778,0.69,0.83,-1.0154063545393,1.0328368650963,NA,1000,100,"interaction","28","seurat_quint"
0.881538461538461,0.886446886446886,0.636666666666667,0.806666666666667,0.77,0.93,-1.0154063545393,1.0328368650963,NA,1000,100,"interaction","28","wilcoxon"
0.113636363636364,0.464705882352941,0.0111111111111111,0.0877777777777778,0.78,0.91,-0.959972361007688,0.978944282520935,0,1000,100,"interaction","28","deseq2_pb"
0.2,0.708029197080292,0.00111234705228031,0.10789766407119,0.04,0.4,-1.27092845866355,1.28394778293157,0,999,100,"interaction","29","dream_blind"
0,0.741666666666667,0,0.0989988876529477,0.04,0.31,-1.32265533636511,1.33444922221572,0,999,100,"interaction","29","dream_napari"
0,0.741666666666667,0,0.0989988876529477,0.04,0.31,-1.32265533636511,1.33444922221572,0,999,100,"interaction","29","dream_quint"
0.4375,0.607843137254902,0.085650723025584,0.172413793103448,0.99,1,-0.306379573721774,0.495805974569074,0.64,999,100,"interaction","29","dream_interaction"
0.854199683042789,0.875959079283887,0.598888888888889,0.761111111111111,0.92,0.97,-0.876800901407322,1.06695527479304,NA,1000,100,"interaction","29","seurat_blind"
0.86326194398682,0.880102040816326,0.582222222222222,0.766666666666667,0.83,0.94,-0.876800901407322,1.06695527479304,NA,1000,100,"interaction","29","seurat_napari"
0.86326194398682,0.880102040816326,0.582222222222222,0.766666666666667,0.83,0.94,-0.876800901407322,1.06695527479304,NA,1000,100,"interaction","29","seurat_quint"
0.869983948635634,0.881313131313131,0.602222222222222,0.775555555555556,0.81,0.94,-0.876800901407322,1.06695527479304,NA,1000,100,"interaction","29","wilcoxon"
0.256410256410256,0.512562814070352,0.0333704115684093,0.113459399332592,0.87,0.97,-0.82257183237692,1.28593078032727,0,999,100,"interaction","29","deseq2_pb"
0.75,0.761538461538461,0.0166666666666667,0.11,0.05,0.31,-1.29490147973469,1.30618789432132,0,1000,100,"interaction","3","dream_blind"
0.772727272727273,0.778761061946903,0.0188888888888889,0.0977777777777778,0.05,0.25,-1.34941274739,1.36024107762198,0,1000,100,"interaction","3","dream_napari"
0.772727272727273,0.778761061946903,0.0188888888888889,0.0977777777777778,0.05,0.25,-1.34941274739,1.36024107762198,0,1000,100,"interaction","3","dream_quint"
0.408284023668639,0.586776859504132,0.0766666666666667,0.157777777777778,1,1,-0.321055443263475,0.476560151195122,0.58,1000,100,"interaction","3","dream_interaction"
0.866766467065868,0.887545344619105,0.643333333333333,0.815555555555556,0.89,0.93,-0.950743926236107,0.974294595341655,NA,1000,100,"interaction","3","seurat_blind"
0.887171561051005,0.889453621346887,0.637777777777778,0.777777777777778,0.73,0.87,-0.950743926236107,0.974294595341655,NA,1000,100,"interaction","3","seurat_napari"
0.887171561051005,0.889453621346887,0.637777777777778,0.777777777777778,0.73,0.87,-0.950743926236107,0.974294595341655,NA,1000,100,"interaction","3","seurat_quint"
0.882440476190476,0.895757575757576,0.658888888888889,0.821111111111111,0.79,0.86,-0.950743926236107,0.974294595341655,NA,1000,100,"interaction","3","wilcoxon"
0.206521739130435,0.5,0.0211345939933259,0.0978865406006674,0.73,0.88,-0.962021009518275,0.985207242129529,0,999,100,"interaction","3","deseq2_pb"
0.806451612903226,0.785185185185185,0.0277777777777778,0.117777777777778,0.06,0.29,-1.31753284930206,1.32844064323835,0,1000,100,"interaction","30","dream_blind"
0.8125,0.798387096774194,0.0289210233592881,0.110122358175751,0.06,0.25,-1.36589008432087,1.37634030964502,0,999,100,"interaction","30","dream_napari"
0.8125,0.798387096774194,0.0289210233592881,0.110122358175751,0.06,0.25,-1.36589008432087,1.37634030964502,0,999,100,"interaction","30","dream_quint"
0.346666666666667,0.564444444444444,0.0577777777777778,0.141111111111111,0.98,0.98,-0.367778150547235,0.538607959461837,0.52,1000,100,"interaction","30","dream_interaction"
0.858054226475279,0.877215189873418,0.597777777777778,0.77,0.89,0.97,-0.987039954019964,1.01527122545375,NA,1000,100,"interaction","30","seurat_blind"
0.868465430016863,0.878947368421053,0.572222222222222,0.742222222222222,0.78,0.92,-0.987039954019964,1.01527122545375,NA,1000,100,"interaction","30","seurat_napari"
0.868465430016863,0.878947368421053,0.572222222222222,0.742222222222222,0.78,0.92,-0.987039954019964,1.01527122545375,NA,1000,100,"interaction","30","seurat_quint"
0.869085173501577,0.888471177944862,0.612222222222222,0.787777777777778,0.83,0.89,-0.987039954019964,1.01527122545375,NA,1000,100,"interaction","30","wilcoxon"
0.126436781609195,0.448484848484848,0.0122494432071269,0.0824053452115813,0.76,0.91,-0.956013144715284,0.986952730872327,0.02,998,100,"interaction","30","deseq2_pb"
0.285714285714286,0.673076923076923,0.00222222222222222,0.0777777777777778,0.05,0.34,-1.28695722980141,1.29937152625125,0,1000,100,"interaction","31","dream_blind"
0.4,0.758241758241758,0.00222222222222222,0.0766666666666667,0.03,0.22,-1.34430158963736,1.35586893736765,0,1000,100,"interaction","31","dream_napari"
0.4,0.758241758241758,0.00222222222222222,0.0766666666666667,0.03,0.22,-1.34430158963736,1.35586893736765,0,1000,100,"interaction","31","dream_quint"
0.274074074074074,0.572052401746725,0.0411111111111111,0.145555555555556,0.98,0.98,-0.340660262441545,0.511840128209308,0.49,1000,100,"interaction","31","dream_interaction"
0.860979462875197,0.880149812734082,0.605555555555556,0.783333333333333,0.88,0.96,-1.003891323541,1.02604412405794,NA,1000,100,"interaction","31","seurat_blind"
0.875827814569536,0.884763124199744,0.587777777777778,0.767777777777778,0.75,0.9,-1.003891323541,1.02604412405794,NA,1000,100,"interaction","31","seurat_napari"
0.875827814569536,0.884763124199744,0.587777777777778,0.767777777777778,0.75,0.9,-1.003891323541,1.02604412405794,NA,1000,100,"interaction","31","seurat_quint"
0.882911392405063,0.889025893958076,0.62,0.801111111111111,0.74,0.9,-1.003891323541,1.02604412405794,NA,1000,100,"interaction","31","wilcoxon"
0.146341463414634,0.446540880503145,0.0133333333333333,0.0788888888888889,0.7,0.88,-0.97429425968154,0.997631843221894,0,1000,100,"interaction","31","deseq2_pb"
0.555555555555556,0.715447154471545,0.00555555555555556,0.0977777777777778,0.04,0.35,-1.27890438137546,1.29007761648441,0,1000,100,"interaction","32","dream_blind"
0.857142857142857,0.763157894736842,0.00666666666666667,0.0966666666666667,0.01,0.27,-1.32483969250752,1.334535018081,0,1000,100,"interaction","32","dream_napari"
0.857142857142857,0.763157894736842,0.00666666666666667,0.0966666666666667,0.01,0.27,-1.32483969250752,1.334535018081,0,1000,100,"interaction","32","dream_quint"
0.433526011560694,0.625954198473282,0.0833333333333333,0.182222222222222,0.98,0.98,-0.320635011326852,0.487391303472382,0.6,1000,100,"interaction","32","dream_interaction"
0.869431643625192,0.886029411764706,0.628888888888889,0.803333333333333,0.85,0.93,-1.00424453315464,1.02910213125711,NA,1000,100,"interaction","32","seurat_blind"
0.871175523349436,0.885786802030457,0.601111111111111,0.775555555555556,0.8,0.9,-1.00424453315464,1.02910213125711,NA,1000,100,"interaction","32","seurat_napari"
0.871175523349436,0.885786802030457,0.601111111111111,0.775555555555556,0.8,0.9,-1.00424453315464,1.02910213125711,NA,1000,100,"interaction","32","seurat_quint"
0.887218045112782,0.894417475728155,0.655555555555556,0.818888888888889,0.75,0.87,-1.00424453315464,1.02910213125711,NA,1000,100,"interaction","32","wilcoxon"
0.195876288659794,0.516483516483517,0.0211111111111111,0.104444444444444,0.78,0.88,-0.92814258550112,0.956344714278798,0.01,1000,100,"interaction","32","deseq2_pb"
0.411764705882353,0.663793103448276,0.00777777777777778,0.0855555555555556,0.1,0.39,-1.26195524472423,1.27345452644932,0,1000,100,"interaction","33","dream_blind"
0.375,0.710526315789474,0.00333333333333333,0.09,0.05,0.33,-1.31994164958398,1.33008487470315,0,1000,100,"interaction","33","dream_napari"
0.375,0.710526315789474,0.00333333333333333,0.09,0.05,0.33,-1.31994164958398,1.33008487470315,0,1000,100,"interaction","33","dream_quint"
0.304964539007092,0.554054054054054,0.0477777777777778,0.136666666666667,0.98,0.99,-0.333788756850156,0.524999576614867,0.59,1000,100,"interaction","33","dream_interaction"
0.866261398176292,0.883069427527406,0.633333333333333,0.805555555555556,0.88,0.96,-0.9906146597567,1.0199323525778,NA,1000,100,"interaction","33","seurat_blind"
0.899022801302932,0.898009950248756,0.613333333333333,0.802222222222222,0.62,0.82,-0.9906146597567,1.0199323525778,NA,1000,100,"interaction","33","seurat_napari"
0.899022801302932,0.898009950248756,0.613333333333333,0.802222222222222,0.62,0.82,-0.9906146597567,1.0199323525778,NA,1000,100,"interaction","33","seurat_quint"
0.898176291793313,0.900121802679659,0.656666666666667,0.821111111111111,0.67,0.82,-0.9906146597567,1.0199323525778,NA,1000,100,"interaction","33","wilcoxon"
0.168421052631579,0.446540880503145,0.017797552836485,0.0789766407119021,0.79,0.88,-0.939359647806207,0.972111116988975,0.04,999,100,"interaction","33","deseq2_pb"
0.8,0.751592356687898,0.0133333333333333,0.131111111111111,0.03,0.39,-1.26659987825465,1.28005615787623,0,1000,100,"interaction","34","dream_blind"
0.818181818181818,0.80672268907563,0.01,0.106666666666667,0.02,0.23,-1.32465371101556,1.33605689069359,0,1000,100,"interaction","34","dream_napari"
0.818181818181818,0.80672268907563,0.01,0.106666666666667,0.02,0.23,-1.32465371101556,1.33605689069359,0,1000,100,"interaction","34","dream_quint"
0.487046632124352,0.637362637362637,0.104444444444444,0.193333333333333,0.99,0.99,-0.320141854984411,0.493716172320456,0.53,1000,100,"interaction","34","dream_interaction"
0.865497076023392,0.883211678832117,0.657777777777778,0.806666666666667,0.92,0.96,-1.01881860550333,1.04148008550203,NA,1000,100,"interaction","34","seurat_blind"
0.884493670886076,0.895652173913044,0.621111111111111,0.801111111111111,0.73,0.84,-1.01881860550333,1.04148008550203,NA,1000,100,"interaction","34","seurat_napari"
0.884493670886076,0.895652173913044,0.621111111111111,0.801111111111111,0.73,0.84,-1.01881860550333,1.04148008550203,NA,1000,100,"interaction","34","seurat_quint"
0.884615384615385,0.896088019559902,0.664444444444444,0.814444444444444,0.78,0.85,-1.01881860550333,1.04148008550203,NA,1000,100,"interaction","34","wilcoxon"
0.224299065420561,0.485714285714286,0.0266963292547275,0.0945494994438265,0.83,0.9,-0.924861385200571,0.951189172032192,0.01,999,100,"interaction","34","deseq2_pb"
0.357142857142857,0.707692307692308,0.00555555555555556,0.102222222222222,0.09,0.38,-1.28791219248918,1.30233133988326,0,1000,100,"interaction","35","dream_blind"
0.375,0.724770642201835,0.00333333333333333,0.0877777777777778,0.05,0.3,-1.35059189306479,1.36368500954803,0,1000,100,"interaction","35","dream_napari"
0.375,0.724770642201835,0.00333333333333333,0.0877777777777778,0.05,0.3,-1.35059189306479,1.36368500954803,0,1000,100,"interaction","35","dream_quint"
0.456043956043956,0.62406015037594,0.0938914027149321,0.187782805429864,0.99,1,-0.303624669374864,0.466455723447722,0.58,984,100,"interaction","35","dream_interaction"
0.866141732283465,0.882571075401731,0.611111111111111,0.793333333333333,0.85,0.95,-0.966290284653948,1.00290432695423,NA,1000,100,"interaction","35","seurat_blind"
0.879396984924623,0.891361256544503,0.583333333333333,0.756666666666667,0.72,0.83,-0.966290284653948,1.00290432695423,NA,1000,100,"interaction","35","seurat_napari"
0.879396984924623,0.891361256544503,0.583333333333333,0.756666666666667,0.72,0.83,-0.966290284653948,1.00290432695423,NA,1000,100,"interaction","35","seurat_quint"
0.884858044164038,0.887116564417178,0.623333333333333,0.803333333333333,0.73,0.92,-0.966290284653948,1.00290432695423,NA,1000,100,"interaction","35","wilcoxon"
0.222222222222222,0.467948717948718,0.0222469410456062,0.0812013348164627,0.7,0.83,-0.936742725103205,0.974707900226164,0.03,999,100,"interaction","35","deseq2_pb"
0.454545454545455,0.702127659574468,0.00556173526140156,0.110122358175751,0.06,0.42,-1.28282483408985,1.29472138845548,0,999,100,"interaction","36","dream_blind"
0.6,0.695238095238095,0.00333704115684093,0.0812013348164627,0.02,0.32,-1.33782229600596,1.34832226810615,0,999,100,"interaction","36","dream_napari"
0.6,0.695238095238095,0.00333704115684093,0.0812013348164627,0.02,0.32,-1.33782229600596,1.34832226810615,0,999,100,"interaction","36","dream_quint"
0.425287356321839,0.610894941634241,0.082313681868743,0.174638487208009,1,1,-0.327188478315574,0.502808333071057,0.53,999,100,"interaction","36","dream_interaction"
0.870535714285714,0.884287454323995,0.65,0.806666666666667,0.87,0.95,-1.02692483827118,1.04935315728785,NA,1000,100,"interaction","36","seurat_blind"
0.87620578778135,0.883248730964467,0.605555555555556,0.773333333333333,0.77,0.92,-1.02692483827118,1.04935315728785,NA,1000,100,"interaction","36","seurat_napari"
0.87620578778135,0.883248730964467,0.605555555555556,0.773333333333333,0.77,0.92,-1.02692483827118,1.04935315728785,NA,1000,100,"interaction","36","seurat_quint"
0.885542168674699,0.886308068459658,0.653333333333333,0.805555555555556,0.76,0.93,-1.02692483827118,1.04935315728785,NA,1000,100,"interaction","36","wilcoxon"
0.172043010752688,0.485549132947977,0.017797552836485,0.0934371523915462,0.77,0.89,-0.94541790772821,0.971485675575564,0,999,100,"interaction","36","deseq2_pb"
0.363636363636364,0.669291338582677,0.00444444444444444,0.0944444444444444,0.07,0.42,-1.3129061584695,1.32653665468229,0,1000,100,"interaction","37","dream_blind"
0.6,0.677083333333333,0.00666666666666667,0.0722222222222222,0.04,0.31,-1.37013682413248,1.38220347950522,0,1000,100,"interaction","37","dream_napari"
0.6,0.677083333333333,0.00666666666666667,0.0722222222222222,0.04,0.31,-1.37013682413248,1.38220347950522,0,1000,100,"interaction","37","dream_quint"
0.355263157894737,0.586776859504132,0.06,0.157777777777778,0.98,1,-0.352847875937936,0.523895673970375,0.53,1000,100,"interaction","37","dream_interaction"
0.875786163522013,0.887941534713764,0.618888888888889,0.81,0.79,0.92,-1.14657832457688,1.17733262283421,NA,1000,100,"interaction","37","seurat_blind"
0.875210792580101,0.888311688311688,0.576666666666667,0.76,0.74,0.86,-1.14657832457688,1.17733262283421,NA,1000,100,"interaction","37","seurat_napari"
0.875210792580101,0.888311688311688,0.576666666666667,0.76,0.74,0.86,-1.14657832457688,1.17733262283421,NA,1000,100,"interaction","37","seurat_quint"
0.888540031397174,0.893074119076549,0.628888888888889,0.816666666666667,0.71,0.88,-1.14657832457688,1.17733262283421,NA,1000,100,"interaction","37","wilcoxon"
0.180555555555556,0.490322580645161,0.0144444444444444,0.0844444444444444,0.59,0.79,-1.04204358277253,1.08319736507117,0,1000,100,"interaction","37","deseq2_pb"
0.666666666666667,0.753424657534247,0.00888888888888889,0.122222222222222,0.04,0.36,-1.29893024619899,1.31126223611301,0,1000,100,"interaction","38","dream_blind"
0.736842105263158,0.7890625,0.0155555555555556,0.112222222222222,0.05,0.27,-1.35300845687436,1.36462726311526,0,1000,100,"interaction","38","dream_napari"
0.736842105263158,0.7890625,0.0155555555555556,0.112222222222222,0.05,0.27,-1.35300845687436,1.36462726311526,0,1000,100,"interaction","38","dream_quint"
0.319444444444444,0.572649572649573,0.0511111111111111,0.148888888888889,0.98,1,-0.366643430204545,0.580495377243613,0.54,1000,100,"interaction","38","dream_interaction"
0.858075040783034,0.876447876447876,0.584444444444444,0.756666666666667,0.87,0.96,-0.922521613970127,1.11290892773845,NA,1000,100,"interaction","38","seurat_blind"
0.869565217391304,0.885526315789474,0.577777777777778,0.747777777777778,0.78,0.87,-0.922521613970127,1.11290892773845,NA,1000,100,"interaction","38","seurat_napari"
0.869565217391304,0.885526315789474,0.577777777777778,0.747777777777778,0.78,0.87,-0.922521613970127,1.11290892773845,NA,1000,100,"interaction","38","seurat_quint"
0.872374798061389,0.887898089171975,0.6,0.774444444444444,0.79,0.88,-0.922521613970127,1.11290892773845,NA,1000,100,"interaction","38","wilcoxon"
0.197802197802198,0.497206703910615,0.0200445434298441,0.099109131403118,0.73,0.9,-0.853078825872298,1.32409233762745,0,998,100,"interaction","38","deseq2_pb"
0.5,0.618556701030928,0.00222222222222222,0.0666666666666667,0.02,0.37,-1.28543481650834,1.29368399432348,0,1000,100,"interaction","39","dream_blind"
0.5,0.698630136986301,0.00111111111111111,0.0566666666666667,0.01,0.22,-1.34615902933942,1.35355964455216,0,1000,100,"interaction","39","dream_napari"
0.5,0.698630136986301,0.00111111111111111,0.0566666666666667,0.01,0.22,-1.34615902933942,1.35355964455216,0,1000,100,"interaction","39","dream_quint"
0.159663865546218,0.489795918367347,0.0211111111111111,0.106666666666667,1,1,-0.340377278995176,0.496394673551812,0.55,1000,100,"interaction","39","dream_interaction"
0.853035143769968,0.878787878787879,0.593333333333333,0.773333333333333,0.92,0.96,-0.970587706027719,0.990163505870175,NA,1000,100,"interaction","39","seurat_blind"
0.868020304568528,0.887139107611549,0.57,0.751111111111111,0.78,0.86,-0.970587706027719,0.990163505870175,NA,1000,100,"interaction","39","seurat_napari"
0.868020304568528,0.887139107611549,0.57,0.751111111111111,0.78,0.86,-0.970587706027719,0.990163505870175,NA,1000,100,"interaction","39","seurat_quint"
0.875399361022364,0.885,0.608888888888889,0.786666666666667,0.78,0.92,-0.970587706027719,0.990163505870175,NA,1000,100,"interaction","39","wilcoxon"
0.103448275862069,0.42483660130719,0.010022271714922,0.0723830734966592,0.78,0.88,-0.959455004926727,0.980115314010665,0,998,100,"interaction","39","deseq2_pb"
0.375,0.678899082568807,0.00333333333333333,0.0822222222222222,0.05,0.35,-1.27921503937058,1.29032252022636,0,1000,100,"interaction","4","dream_blind"
1,0.680851063829787,0.00333333333333333,0.0711111111111111,0,0.3,-1.32776830969057,1.33802881267231,0,1000,100,"interaction","4","dream_napari"
1,0.680851063829787,0.00333333333333333,0.0711111111111111,0,0.3,-1.32776830969057,1.33802881267231,0,1000,100,"interaction","4","dream_quint"
0.292857142857143,0.54954954954955,0.0455555555555556,0.135555555555556,0.99,1,-0.28580831411505,0.435282750769273,0.59,1000,100,"interaction","4","dream_interaction"
0.854263565891473,0.878862793572311,0.612222222222222,0.79,0.94,0.98,-0.944385115553368,0.967159342995444,NA,1000,100,"interaction","4","seurat_blind"
0.864077669902913,0.878172588832487,0.593333333333333,0.768888888888889,0.84,0.96,-0.944385115553368,0.967159342995444,NA,1000,100,"interaction","4","seurat_napari"
0.864077669902913,0.878172588832487,0.593333333333333,0.768888888888889,0.84,0.96,-0.944385115553368,0.967159342995444,NA,1000,100,"interaction","4","seurat_quint"
0.874039938556068,0.886138613861386,0.632222222222222,0.795555555555556,0.82,0.92,-0.944385115553368,0.967159342995444,NA,1000,100,"interaction","4","wilcoxon"
0.13953488372093,0.467455621301775,0.0133333333333333,0.0877777777777778,0.74,0.9,-0.948847530394973,0.971900560137202,0.01,1000,100,"interaction","4","deseq2_pb"
0.5,0.666666666666667,0.00555555555555556,0.0844444444444444,0.05,0.38,-1.25656548649741,1.26960130236909,0,1000,100,"interaction","40","dream_blind"
0.5,0.696078431372549,0.00333704115684093,0.0789766407119021,0.03,0.31,-1.31009080688664,1.32165817450906,0,999,100,"interaction","40","dream_napari"
0.5,0.696078431372549,0.00333704115684093,0.0789766407119021,0.03,0.31,-1.31009080688664,1.32165817450906,0,999,100,"interaction","40","dream_quint"
0.173553719008264,0.453551912568306,0.0237020316027088,0.0936794582392776,1,1,-0.205885668313985,0.393521218045987,0.63,986,100,"interaction","40","dream_interaction"
0.858044164037855,0.881012658227848,0.604444444444444,0.773333333333333,0.9,0.94,-1.01333809747058,1.03694538571182,NA,1000,100,"interaction","40","seurat_blind"
0.86986301369863,0.883202099737533,0.564444444444444,0.747777777777778,0.76,0.89,-1.01333809747058,1.03694538571182,NA,1000,100,"interaction","40","seurat_napari"
0.86986301369863,0.883202099737533,0.564444444444444,0.747777777777778,0.76,0.89,-1.01333809747058,1.03694538571182,NA,1000,100,"interaction","40","seurat_quint"
0.8712715855573,0.889447236180904,0.616666666666667,0.786666666666667,0.82,0.88,-1.01333809747058,1.03694538571182,NA,1000,100,"interaction","40","wilcoxon"
0.142857142857143,0.467455621301775,0.0144766146993318,0.0879732739420935,0.78,0.9,-0.924900705226055,0.952644836727696,0.01,998,100,"interaction","40","deseq2_pb"
0.555555555555556,0.742647058823529,0.00555555555555556,0.112222222222222,0.04,0.35,-1.31821983215997,1.32952134068543,0,1000,100,"interaction","41","dream_blind"
0,0.785714285714286,0,0.0857461024498886,0.01,0.21,-1.36123525423469,1.37206773211688,0,998,100,"interaction","41","dream_napari"
0,0.785714285714286,0,0.0857461024498886,0.01,0.21,-1.36123525423469,1.37206773211688,0,998,100,"interaction","41","dream_quint"
0.44047619047619,0.631782945736434,0.0822222222222222,0.181111111111111,0.94,0.95,-0.405069418348618,0.597573240608804,0.46,1000,100,"interaction","41","dream_interaction"
0.860062893081761,0.880407124681934,0.607777777777778,0.768888888888889,0.89,0.94,-0.965005554772277,0.990396267040614,NA,1000,100,"interaction","41","seurat_blind"
0.874788494077834,0.888451443569554,0.574444444444444,0.752222222222222,0.74,0.85,-0.965005554772277,0.990396267040614,NA,1000,100,"interaction","41","seurat_napari"
0.874788494077834,0.888451443569554,0.574444444444444,0.752222222222222,0.74,0.85,-0.965005554772277,0.990396267040614,NA,1000,100,"interaction","41","seurat_quint"
0.86634460547504,0.884276729559748,0.597777777777778,0.781111111111111,0.83,0.92,-0.965005554772277,0.990396267040614,NA,1000,100,"interaction","41","wilcoxon"
0.166666666666667,0.469135802469136,0.0144766146993318,0.0846325167037862,0.65,0.86,-0.97429889380335,1.00034859357904,0.02,998,100,"interaction","41","deseq2_pb"
0.375,0.65891472868217,0.01,0.0944444444444444,0.15,0.44,-1.29350031959244,1.30420763271634,0,1000,100,"interaction","42","dream_blind"
0.454545454545455,0.689320388349515,0.00555555555555556,0.0788888888888889,0.06,0.32,-1.35291624903887,1.36302032654697,0,1000,100,"interaction","42","dream_napari"
0.454545454545455,0.689320388349515,0.00555555555555556,0.0788888888888889,0.06,0.32,-1.35291624903887,1.36302032654697,0,1000,100,"interaction","42","dream_quint"
0.302158273381295,0.606425702811245,0.0467185761957731,0.167964404894327,0.97,0.98,-0.418084242398397,0.604034895495782,0.49,999,100,"interaction","42","dream_interaction"
0.863849765258216,0.883720930232558,0.613333333333333,0.802222222222222,0.87,0.95,-0.98160272702048,1.00155855394138,NA,1000,100,"interaction","42","seurat_blind"
0.871961102106969,0.88659793814433,0.597777777777778,0.764444444444444,0.79,0.88,-0.98160272702048,1.00155855394138,NA,1000,100,"interaction","42","seurat_napari"
0.871961102106969,0.88659793814433,0.597777777777778,0.764444444444444,0.79,0.88,-0.98160272702048,1.00155855394138,NA,1000,100,"interaction","42","seurat_quint"
0.879256965944272,0.88423645320197,0.631111111111111,0.797777777777778,0.78,0.94,-0.98160272702048,1.00155855394138,NA,1000,100,"interaction","42","wilcoxon"
0.242990654205607,0.489247311827957,0.0288888888888889,0.101111111111111,0.81,0.95,-0.924667442048226,0.947307945039604,0.01,1000,100,"interaction","42","deseq2_pb"
0.4,0.728571428571429,0.00222222222222222,0.113333333333333,0.03,0.38,-1.29499015844552,1.30874507631879,0,1000,100,"interaction","43","dream_blind"
0.5,0.752475247524752,0.00333333333333333,0.0844444444444444,0.03,0.25,-1.35592310352114,1.36831421040994,0,1000,100,"interaction","43","dream_napari"
0.5,0.752475247524752,0.00333333333333333,0.0844444444444444,0.03,0.25,-1.35592310352114,1.36831421040994,0,1000,100,"interaction","43","dream_quint"
0.359477124183007,0.588235294117647,0.0611111111111111,0.155555555555556,0.98,0.98,-0.341149219659571,0.508915823324041,0.49,1000,100,"interaction","43","dream_interaction"
0.856918238993711,0.882571075401731,0.605555555555556,0.793333333333333,0.91,0.95,-0.989482909048847,1.01318940473847,NA,1000,100,"interaction","43","seurat_blind"
0.871838111298482,0.883033419023136,0.574444444444444,0.763333333333333,0.76,0.91,-0.989482909048847,1.01318940473847,NA,1000,100,"interaction","43","seurat_napari"
0.871838111298482,0.883033419023136,0.574444444444444,0.763333333333333,0.76,0.91,-0.989482909048847,1.01318940473847,NA,1000,100,"interaction","43","seurat_quint"
0.881789137380192,0.889987639060569,0.613333333333333,0.8,0.74,0.89,-0.989482909048847,1.01318940473847,NA,1000,100,"interaction","43","wilcoxon"
0.168539325842697,0.409090909090909,0.0166666666666667,0.07,0.74,0.91,-0.935042938147175,0.961011010049674,0,1000,100,"interaction","43","deseq2_pb"
0.5,0.672131147540984,0.00778642936596218,0.0912124582869855,0.07,0.4,-1.29079261450551,1.3016491582129,0,999,100,"interaction","44","dream_blind"
0.555555555555556,0.732673267326733,0.00556173526140156,0.082313681868743,0.04,0.27,-1.3482124223949,1.35754042752923,0,999,100,"interaction","44","dream_napari"
0.555555555555556,0.732673267326733,0.00556173526140156,0.082313681868743,0.04,0.27,-1.3482124223949,1.35754042752923,0,999,100,"interaction","44","dream_quint"
0.183333333333333,0.411764705882353,0.0244716351501669,0.0778642936596218,0.98,1,-0.292542847959874,0.465190819076686,0.65,999,100,"interaction","44","dream_interaction"
0.859706362153344,0.884967320261438,0.585555555555556,0.752222222222222,0.86,0.88,-0.960379002697801,1.15093779269462,NA,1000,100,"interaction","44","seurat_blind"
0.878424657534247,0.887139107611549,0.57,0.751111111111111,0.71,0.86,-0.960379002697801,1.15093779269462,NA,1000,100,"interaction","44","seurat_napari"
0.878424657534247,0.887139107611549,0.57,0.751111111111111,0.71,0.86,-0.960379002697801,1.15093779269462,NA,1000,100,"interaction","44","seurat_quint"
0.88130081300813,0.889322916666667,0.602222222222222,0.758888888888889,0.73,0.85,-0.960379002697801,1.15093779269462,NA,1000,100,"interaction","44","wilcoxon"
0.271739130434783,0.50828729281768,0.0278706800445931,0.102564102564103,0.67,0.89,-0.883033375779281,1.35178668634415,0,997,100,"interaction","44","deseq2_pb"
0.684210526315789,0.751479289940828,0.0144444444444444,0.141111111111111,0.06,0.42,-1.28244878047784,1.29543407228747,0,1000,100,"interaction","45","dream_blind"
0.727272727272727,0.82258064516129,0.00888888888888889,0.113333333333333,0.03,0.22,-1.42075175939563,1.43017981917096,0,1000,100,"interaction","45","dream_napari"
0.727272727272727,0.82258064516129,0.00888888888888889,0.113333333333333,0.03,0.22,-1.42075175939563,1.43017981917096,0,1000,100,"interaction","45","dream_quint"
0.446327683615819,0.657342657342657,0.0877777777777778,0.208888888888889,0.98,0.98,-0.299441641448911,0.484603552527618,0.59,1000,100,"interaction","45","dream_interaction"
0.856920684292379,0.880778588807786,0.612222222222222,0.804444444444444,0.92,0.98,-0.918751585795948,0.950341580940713,NA,1000,100,"interaction","45","seurat_blind"
0.865695792880259,0.885964912280702,0.594444444444444,0.785555555555556,0.83,0.91,-0.918751585795948,0.950341580940713,NA,1000,100,"interaction","45","seurat_napari"
0.865695792880259,0.885964912280702,0.594444444444444,0.785555555555556,0.83,0.91,-0.918751585795948,0.950341580940713,NA,1000,100,"interaction","45","seurat_quint"
0.865414710485133,0.88861985472155,0.614444444444444,0.815555555555556,0.86,0.92,-0.918751585795948,0.950341580940713,NA,1000,100,"interaction","45","wilcoxon"
0.120879120879121,0.480225988700565,0.0122358175750834,0.0945494994438265,0.8,0.92,-0.887726865731702,0.925829858518257,0.02,999,100,"interaction","45","deseq2_pb"
0.736842105263158,0.772727272727273,0.0155555555555556,0.132222222222222,0.05,0.35,-1.27469476639956,1.28470204718059,0,1000,100,"interaction","46","dream_blind"
0.666666666666667,0.78030303030303,0.00444444444444444,0.114444444444444,0.02,0.29,-1.32096600598359,1.33034851626288,0,1000,100,"interaction","46","dream_napari"
0.666666666666667,0.78030303030303,0.00444444444444444,0.114444444444444,0.02,0.29,-1.32096600598359,1.33034851626288,0,1000,100,"interaction","46","dream_quint"
0.447513812154696,0.618320610687023,0.09,0.18,1,1,-0.335235205314765,0.531518096976152,0.61,1000,100,"interaction","46","dream_interaction"
0.856707317073171,0.885071090047393,0.624444444444444,0.83,0.94,0.97,-0.890526458697379,0.912568379710715,NA,1000,100,"interaction","46","seurat_blind"
0.872268907563025,0.882871536523929,0.576666666666667,0.778888888888889,0.76,0.93,-0.890526458697379,0.912568379710715,NA,1000,100,"interaction","46","seurat_napari"
0.872268907563025,0.882871536523929,0.576666666666667,0.778888888888889,0.76,0.93,-0.890526458697379,0.912568379710715,NA,1000,100,"interaction","46","seurat_quint"
0.870967741935484,0.88502994011976,0.63,0.821111111111111,0.84,0.96,-0.890526458697379,0.912568379710715,NA,1000,100,"interaction","46","wilcoxon"
0.179245283018868,0.451977401129944,0.0211111111111111,0.0888888888888889,0.87,0.97,-0.902405132222973,0.925277623464135,0.03,1000,100,"interaction","46","deseq2_pb"
0.428571428571429,0.664179104477612,0.00333704115684093,0.0989988876529477,0.04,0.45,-1.29751398738379,1.30883205795836,0,999,100,"interaction","47","dream_blind"
0,0.728260869565217,0,0.0745272525027809,0.04,0.25,-1.36435424334009,1.3747488964469,0,999,100,"interaction","47","dream_napari"
0,0.728260869565217,0,0.0745272525027809,0.04,0.25,-1.36435424334009,1.3747488964469,0,999,100,"interaction","47","dream_quint"
0.277372262773723,0.580508474576271,0.0422691879866518,0.152391546162403,0.99,0.99,-0.351201382006475,0.509055339953473,0.5,999,100,"interaction","47","dream_interaction"
0.87207488299532,0.886977886977887,0.621111111111111,0.802222222222222,0.82,0.92,-1.10625489030025,1.13123180349412,NA,1000,100,"interaction","47","seurat_blind"
0.883223684210526,0.885714285714286,0.596666666666667,0.757777777777778,0.71,0.88,-1.10625489030025,1.13123180349412,NA,1000,100,"interaction","47","seurat_napari"
0.883223684210526,0.885714285714286,0.596666666666667,0.757777777777778,0.71,0.88,-1.10625489030025,1.13123180349412,NA,1000,100,"interaction","47","seurat_quint"
0.893023255813953,0.893120393120393,0.64,0.807777777777778,0.69,0.87,-1.10625489030025,1.13123180349412,NA,1000,100,"interaction","47","wilcoxon"
0.12,0.51685393258427,0.010022271714922,0.102449888641425,0.66,0.86,-0.963531857965564,0.994255961504979,0,998,100,"interaction","47","deseq2_pb"
0.692307692307692,0.718518518518519,0.02,0.107777777777778,0.08,0.38,-1.26765664381012,1.28218037829845,0,1000,100,"interaction","48","dream_blind"
0.571428571428571,0.764705882352941,0.00888888888888889,0.101111111111111,0.06,0.28,-1.32833460238536,1.34142705359889,0,1000,100,"interaction","48","dream_napari"
0.571428571428571,0.764705882352941,0.00888888888888889,0.101111111111111,0.06,0.28,-1.32833460238536,1.34142705359889,0,1000,100,"interaction","48","dream_quint"
0.507389162561576,0.661016949152542,0.114444444444444,0.216666666666667,1,1,-0.268138620681546,0.416087577942352,0.59,1000,100,"interaction","48","dream_interaction"
0.862442040185471,0.88641975308642,0.62,0.797777777777778,0.89,0.92,-0.968079954992791,0.998883472993122,NA,1000,100,"interaction","48","seurat_blind"
0.870458135860979,0.885286783042394,0.612222222222222,0.788888888888889,0.82,0.92,-0.968079954992791,0.998883472993122,NA,1000,100,"interaction","48","seurat_napari"
0.870458135860979,0.885286783042394,0.612222222222222,0.788888888888889,0.82,0.92,-0.968079954992791,0.998883472993122,NA,1000,100,"interaction","48","seurat_quint"
0.875190258751903,0.887409200968523,0.638888888888889,0.814444444444444,0.82,0.93,-0.968079954992791,0.998883472993122,NA,1000,100,"interaction","48","wilcoxon"
0.173469387755102,0.491428571428571,0.0188888888888889,0.0955555555555556,0.81,0.89,-0.93688601523743,0.970188708630668,0.01,1000,100,"interaction","48","deseq2_pb"
0.25,0.631147540983607,0.00333333333333333,0.0855555555555556,0.09,0.45,-1.28174530430795,1.29665968291216,0,1000,100,"interaction","49","dream_blind"
0.166666666666667,0.673469387755102,0.00111111111111111,0.0733333333333333,0.05,0.32,-1.34197823803474,1.35534964254603,0,1000,100,"interaction","49","dream_napari"
0.166666666666667,0.673469387755102,0.00111111111111111,0.0733333333333333,0.05,0.32,-1.34197823803474,1.35534964254603,0,1000,100,"interaction","49","dream_quint"
0.410714285714286,0.603174603174603,0.0766666666666667,0.168888888888889,0.99,1,-0.356126230458341,0.558104109637353,0.52,1000,100,"interaction","49","dream_interaction"
0.860282574568289,0.884184308841843,0.608888888888889,0.788888888888889,0.89,0.93,-0.888903078200319,0.921227334523134,NA,1000,100,"interaction","49","seurat_blind"
0.873977086743044,0.887874837027379,0.593333333333333,0.756666666666667,0.77,0.86,-0.888903078200319,0.921227334523134,NA,1000,100,"interaction","49","seurat_napari"
0.873977086743044,0.887874837027379,0.593333333333333,0.756666666666667,0.77,0.86,-0.888903078200319,0.921227334523134,NA,1000,100,"interaction","49","seurat_quint"
0.876369327073552,0.893382352941177,0.622222222222222,0.81,0.79,0.87,-0.888903078200319,0.921227334523134,NA,1000,100,"interaction","49","wilcoxon"
0.208791208791209,0.467948717948718,0.0211345939933259,0.0812013348164627,0.72,0.83,-0.947479166133275,0.978059072489044,0.03,999,100,"interaction","49","deseq2_pb"
0.5,0.701388888888889,0.00888888888888889,0.112222222222222,0.08,0.43,-1.28067219416122,1.292568902429,0,1000,100,"interaction","5","dream_blind"
0.714285714285714,0.691588785046729,0.00555555555555556,0.0822222222222222,0.02,0.33,-1.34235634889874,1.35283316482044,0,1000,100,"interaction","5","dream_napari"
0.714285714285714,0.691588785046729,0.00555555555555556,0.0822222222222222,0.02,0.33,-1.34235634889874,1.35283316482044,0,1000,100,"interaction","5","dream_quint"
0.354838709677419,0.590163934426229,0.0611111111111111,0.16,1,1,-0.320936918482524,0.476934345699762,0.52,1000,100,"interaction","5","dream_interaction"
0.857359635811836,0.881773399014778,0.627777777777778,0.795555555555556,0.94,0.96,-0.960619214454815,0.985995178564306,NA,1000,100,"interaction","5","seurat_blind"
0.870216306156406,0.881136950904393,0.581111111111111,0.757777777777778,0.78,0.92,-0.960619214454815,0.985995178564306,NA,1000,100,"interaction","5","seurat_napari"
0.870216306156406,0.881136950904393,0.581111111111111,0.757777777777778,0.78,0.92,-0.960619214454815,0.985995178564306,NA,1000,100,"interaction","5","seurat_quint"
0.871913580246914,0.886533665835411,0.627777777777778,0.79,0.83,0.91,-0.960619214454815,0.985995178564306,NA,1000,100,"interaction","5","wilcoxon"
0.185567010309278,0.458823529411765,0.02,0.0866666666666667,0.79,0.92,-0.935869669836391,0.96313615959884,0,1000,100,"interaction","5","deseq2_pb"
0.5,0.666666666666667,0.00666666666666667,0.0955555555555556,0.06,0.43,-1.28134664827577,1.29495027389257,0,1000,100,"interaction","50","dream_blind"
0.545454545454545,0.727272727272727,0.00666666666666667,0.0888888888888889,0.05,0.3,-1.32393479946488,1.33720771149297,0,1000,100,"interaction","50","dream_napari"
0.545454545454545,0.727272727272727,0.00666666666666667,0.0888888888888889,0.05,0.3,-1.32393479946488,1.33720771149297,0,1000,100,"interaction","50","dream_quint"
0.398773006134969,0.589211618257261,0.0722222222222222,0.157777777777778,0.98,0.99,-0.313066976997053,0.50389645652428,0.56,1000,100,"interaction","50","dream_interaction"
0.857798165137615,0.884146341463415,0.623333333333333,0.805555555555556,0.93,0.95,-0.846637797693092,1.05159639762695,NA,1000,100,"interaction","50","seurat_blind"
0.871753246753247,0.887341772151899,0.596666666666667,0.778888888888889,0.79,0.89,-0.846637797693092,1.05159639762695,NA,1000,100,"interaction","50","seurat_napari"
0.871753246753247,0.887341772151899,0.596666666666667,0.778888888888889,0.79,0.89,-0.846637797693092,1.05159639762695,NA,1000,100,"interaction","50","seurat_quint"
0.87211093990755,0.885644768856448,0.628888888888889,0.808888888888889,0.83,0.94,-0.846637797693092,1.05159639762695,NA,1000,100,"interaction","50","wilcoxon"
0.175824175824176,0.485875706214689,0.0178173719376392,0.0957683741648107,0.75,0.91,-0.826247872837126,1.30687048022192,0,998,100,"interaction","50","deseq2_pb"
0.769230769230769,0.74468085106383,0.0111111111111111,0.116666666666667,0.03,0.36,-1.29117928448476,1.30339238831377,0,1000,100,"interaction","6","dream_blind"
0.833333333333333,0.758620689655172,0.0111111111111111,0.0977777777777778,0.02,0.28,-1.33847725446189,1.34970877979689,0,1000,100,"interaction","6","dream_napari"
0.833333333333333,0.758620689655172,0.0111111111111111,0.0977777777777778,0.02,0.28,-1.33847725446189,1.34970877979689,0,1000,100,"interaction","6","dream_quint"
0.492307692307692,0.640287769784173,0.106666666666667,0.197777777777778,0.99,1,-0.284066592400655,0.460700092978943,0.62,1000,100,"interaction","6","dream_interaction"
0.869230769230769,0.890909090909091,0.627777777777778,0.816666666666667,0.85,0.9,-0.991909271482653,1.17994172260152,NA,1000,100,"interaction","6","seurat_blind"
0.882450331125828,0.892993630573248,0.592222222222222,0.778888888888889,0.71,0.84,-0.991909271482653,1.17994172260152,NA,1000,100,"interaction","6","seurat_napari"
0.882450331125828,0.892993630573248,0.592222222222222,0.778888888888889,0.71,0.84,-0.991909271482653,1.17994172260152,NA,1000,100,"interaction","6","seurat_quint"
0.875583203732504,0.889714993804213,0.625555555555556,0.797777777777778,0.8,0.89,-0.991909271482653,1.17994172260152,NA,1000,100,"interaction","6","wilcoxon"
0.141025641025641,0.502890173410405,0.0122494432071269,0.0968819599109131,0.67,0.86,-0.890521456390926,1.35331832570184,0,998,100,"interaction","6","deseq2_pb"
0.666666666666667,0.666666666666667,0.00444938820912125,0.0889877641824249,0.02,0.4,-1.31686964247099,1.32606633057545,0,999,100,"interaction","7","dream_blind"
0.5,0.715909090909091,0.00222469410456062,0.0700778642936596,0.02,0.25,-1.37403355677173,1.38241633932216,0,999,100,"interaction","7","dream_napari"
0.5,0.715909090909091,0.00222469410456062,0.0700778642936596,0.02,0.25,-1.37403355677173,1.38241633932216,0,999,100,"interaction","7","dream_quint"
0.342281879194631,0.585774058577406,0.0567296996662959,0.155728587319244,0.98,0.99,-0.368833784665948,0.528107852949038,0.49,999,100,"interaction","7","dream_interaction"
0.873303167420814,0.88861985472155,0.643333333333333,0.815555555555556,0.84,0.92,-1.04272746632765,1.06200118808421,NA,1000,100,"interaction","7","seurat_blind"
0.8832,0.887920298879203,0.613333333333333,0.792222222222222,0.73,0.9,-1.04272746632765,1.06200118808421,NA,1000,100,"interaction","7","seurat_napari"
0.8832,0.887920298879203,0.613333333333333,0.792222222222222,0.73,0.9,-1.04272746632765,1.06200118808421,NA,1000,100,"interaction","7","seurat_quint"
0.881818181818182,0.890123456790124,0.646666666666667,0.801111111111111,0.78,0.89,-1.04272746632765,1.06200118808421,NA,1000,100,"interaction","7","wilcoxon"
0.136363636363636,0.475609756097561,0.0133779264214047,0.0869565217391304,0.76,0.86,-0.984875677354508,1.00649752241567,0.01,997,100,"interaction","7","deseq2_pb"
0.708333333333333,0.755244755244755,0.0189098998887653,0.120133481646274,0.07,0.35,-1.31062734082583,1.32182523215461,0,999,100,"interaction","8","dream_blind"
0.777777777777778,0.752212389380531,0.00782122905027933,0.0949720670391061,0.02,0.28,-1.3604117235752,1.37059941551702,0,995,100,"interaction","8","dream_napari"
0.777777777777778,0.752212389380531,0.00782122905027933,0.0949720670391061,0.02,0.28,-1.3604117235752,1.37059941551702,0,995,100,"interaction","8","dream_quint"
0.461111111111111,0.652482269503546,0.0923248053392658,0.204671857619577,0.97,0.98,-0.37954985466938,0.550271785149147,0.57,999,100,"interaction","8","dream_interaction"
0.865761689291101,0.886308068459658,0.637777777777778,0.805555555555556,0.89,0.93,-1.02154074469465,1.04396093555314,NA,1000,100,"interaction","8","seurat_blind"
0.884808013355593,0.888743455497382,0.588888888888889,0.754444444444444,0.69,0.85,-1.02154074469465,1.04396093555314,NA,1000,100,"interaction","8","seurat_napari"
0.884808013355593,0.888743455497382,0.588888888888889,0.754444444444444,0.69,0.85,-1.02154074469465,1.04396093555314,NA,1000,100,"interaction","8","seurat_quint"
0.876691729323308,0.890643985419198,0.647777777777778,0.814444444444444,0.82,0.9,-1.02154074469465,1.04396093555314,NA,1000,100,"interaction","8","wilcoxon"
0.211538461538462,0.473988439306358,0.0244988864142539,0.0913140311804009,0.82,0.91,-0.943969693984465,0.969763097396978,0.02,998,100,"interaction","8","deseq2_pb"
0.571428571428571,0.701923076923077,0.00444444444444444,0.0811111111111111,0.03,0.31,-1.32099237993031,1.33479481053362,0,1000,100,"interaction","9","dream_blind"
0.6,0.747252747252747,0.00333333333333333,0.0755555555555556,0.02,0.23,-1.36802727327525,1.38094731717219,0,1000,100,"interaction","9","dream_napari"
0.6,0.747252747252747,0.00333333333333333,0.0755555555555556,0.02,0.23,-1.36802727327525,1.38094731717219,0,1000,100,"interaction","9","dream_quint"
0.406060606060606,0.623574144486692,0.0744444444444444,0.182222222222222,0.98,0.99,-0.369638200709735,0.544357372905051,0.46,1000,100,"interaction","9","dream_interaction"
0.870769230769231,0.883519206939281,0.628888888888889,0.792222222222222,0.84,0.94,-1.07098167618745,1.0922469313193,NA,1000,100,"interaction","9","seurat_blind"
0.879338842975207,0.891656288916563,0.591111111111111,0.795555555555556,0.73,0.87,-1.07098167618745,1.0922469313193,NA,1000,100,"interaction","9","seurat_napari"
0.879338842975207,0.891656288916563,0.591111111111111,0.795555555555556,0.73,0.87,-1.07098167618745,1.0922469313193,NA,1000,100,"interaction","9","seurat_quint"
0.870662460567823,0.885365853658537,0.613333333333333,0.806666666666667,0.82,0.94,-1.07098167618745,1.0922469313193,NA,1000,100,"interaction","9","wilcoxon"
0.121951219512195,0.465408805031447,0.0111111111111111,0.0822222222222222,0.72,0.85,-0.972645460500125,0.997805976538281,0,1000,100,"interaction","9","deseq2_pb"
