"fdr_adj","fdr_raw","fpr_adj","fpr_raw","power_adj","power_raw","bias","rmse","ci_coverage","n_genes_scored","n_true_de","scenario","seed","model"
1,1,0.003,0.069,NA,NA,NA,NA,NA,1000,0,"null","1","dream_blind"
1,1,0.003,0.068,NA,NA,NA,NA,NA,1000,0,"null","1","dream_napari"
1,1,0.003,0.068,NA,NA,NA,NA,NA,1000,0,"null","1","dream_quint"
1,1,0.657,0.808,NA,NA,NA,NA,NA,1000,0,"null","1","seurat_blind"
1,1,0.654,0.807,NA,NA,NA,NA,NA,1000,0,"null","1","seurat_napari"
1,1,0.654,0.807,NA,NA,NA,NA,NA,1000,0,"null","1","seurat_quint"
1,1,0.657,0.806,NA,NA,NA,NA,NA,1000,0,"null","1","wilcoxon"
NA,1,0,0.0660660660660661,NA,NA,NA,NA,NA,999,0,"null","1","deseq2_pb"
NA,1,0,0.073,NA,NA,NA,NA,NA,1000,0,"null","10","dream_blind"
NA,1,0,0.083,NA,NA,NA,NA,NA,1000,0,"null","10","dream_napari"
NA,1,0,0.083,NA,NA,NA,NA,NA,1000,0,"null","10","dream_quint"
1,1,0.646,0.818,NA,NA,NA,NA,NA,1000,0,"null","10","seurat_blind"
1,1,0.657,0.817,NA,NA,NA,NA,NA,1000,0,"null","10","seurat_napari"
1,1,0.657,0.817,NA,NA,NA,NA,NA,1000,0,"null","10","seurat_quint"
1,1,0.653,0.82,NA,NA,NA,NA,NA,1000,0,"null","10","wilcoxon"
1,1,0.002002002002002,0.0730730730730731,NA,NA,NA,NA,NA,999,0,"null","10","deseq2_pb"
NA,1,0,0.061,NA,NA,NA,NA,NA,1000,0,"null","11","dream_blind"
NA,1,0,0.054,NA,NA,NA,NA,NA,1000,0,"null","11","dream_napari"
NA,1,0,0.054,NA,NA,NA,NA,NA,1000,0,"null","11","dream_quint"
1,1,0.66,0.817,NA,NA,NA,NA,NA,1000,0,"null","11","seurat_blind"
1,1,0.652,0.786,NA,NA,NA,NA,NA,1000,0,"null","11","seurat_napari"
1,1,0.652,0.786,NA,NA,NA,NA,NA,1000,0,"null","11","seurat_quint"
1,1,0.656,0.812,NA,NA,NA,NA,NA,1000,0,"null","11","wilcoxon"
NA,1,0,0.0702106318956871,NA,NA,NA,NA,NA,997,0,"null","11","deseq2_pb"
1,1,0.001,0.088,NA,NA,NA,NA,NA,1000,0,"null","12","dream_blind"
1,1,0.001,0.086,NA,NA,NA,NA,NA,1000,0,"null","12","dream_napari"
1,1,0.001,0.086,NA,NA,NA,NA,NA,1000,0,"null","12","dream_quint"
1,1,0.686,0.828,NA,NA,NA,NA,NA,1000,0,"null","12","seurat_blind"
1,1,0.689,0.83,NA,NA,NA,NA,NA,1000,0,"null","12","seurat_napari"
1,1,0.689,0.83,NA,NA,NA,NA,NA,1000,0,"null","12","seurat_quint"
1,1,0.687,0.831,NA,NA,NA,NA,NA,1000,0,"null","12","wilcoxon"
NA,1,0,0.083,NA,NA,NA,NA,NA,1000,0,"null","12","deseq2_pb"
1,1,0.002002002002002,0.0810810810810811,NA,NA,NA,NA,NA,999,0,"null","13","dream_blind"
1,1,0.002002002002002,0.0720720720720721,NA,NA,NA,NA,NA,999,0,"null","13","dream_napari"
1,1,0.002002002002002,0.0720720720720721,NA,NA,NA,NA,NA,999,0,"null","13","dream_quint"
1,1,0.646,0.789,NA,NA,NA,NA,NA,1000,0,"null","13","seurat_blind"
1,1,0.646,0.797,NA,NA,NA,NA,NA,1000,0,"null","13","seurat_napari"
1,1,0.646,0.797,NA,NA,NA,NA,NA,1000,0,"null","13","seurat_quint"
1,1,0.635,0.783,NA,NA,NA,NA,NA,1000,0,"null","13","wilcoxon"
NA,1,0,0.0792377131394183,NA,NA,NA,NA,NA,997,0,"null","13","deseq2_pb"
1,1,0.001,0.083,NA,NA,NA,NA,NA,1000,0,"null","14","dream_napari"
1,1,0.001,0.083,NA,NA,NA,NA,NA,1000,0,"null","14","dream_quint"
1,1,0.693,0.834,NA,NA,NA,NA,NA,1000,0,"null","14","seurat_blind"
1,1,0.692,0.828,NA,NA,NA,NA,NA,1000,0,"null","14","seurat_napari"
1,1,0.692,0.828,NA,NA,NA,NA,NA,1000,0,"null","14","seurat_quint"
1,1,0.686,0.838,NA,NA,NA,NA,NA,1000,0,"null","14","wilcoxon"
NA,1,0,0.0840840840840841,NA,NA,NA,NA,NA,999,0,"null","14","deseq2_pb"
1,1,0.003,0.087,NA,NA,NA,NA,NA,1000,0,"null","15","dream_blind"
NA,1,0,0.087,NA,NA,NA,NA,NA,1000,0,"null","15","dream_napari"
NA,1,0,0.087,NA,NA,NA,NA,NA,1000,0,"null","15","dream_quint"
1,1,0.646,0.803,NA,NA,NA,NA,NA,1000,0,"null","15","seurat_blind"
1,1,0.632,0.803,NA,NA,NA,NA,NA,1000,0,"null","15","seurat_napari"
1,1,0.632,0.803,NA,NA,NA,NA,NA,1000,0,"null","15","seurat_quint"
1,1,0.643,0.812,NA,NA,NA,NA,NA,1000,0,"null","15","wilcoxon"
1,1,0.002,0.078,NA,NA,NA,NA,NA,1000,0,"null","15","deseq2_pb"
NA,1,0,0.093,NA,NA,NA,NA,NA,1000,0,"null","16","dream_blind"
NA,1,0,0.082,NA,NA,NA,NA,NA,1000,0,"null","16","dream_napari"
NA,1,0,0.082,NA,NA,NA,NA,NA,1000,0,"null","16","dream_quint"
1,1,0.679,0.836,NA,NA,NA,NA,NA,1000,0,"null","16","seurat_blind"
1,1,0.673,0.818,NA,NA,NA,NA,NA,1000,0,"null","16","seurat_napari"
1,1,0.673,0.818,NA,NA,NA,NA,NA,1000,0,"null","16","seurat_quint"
1,1,0.689,0.831,NA,NA,NA,NA,NA,1000,0,"null","16","wilcoxon"
1,1,0.00100300902708124,0.0852557673019057,NA,NA,NA,NA,NA,997,0,"null","16","deseq2_pb"
1,1,0.005,0.085,NA,NA,NA,NA,NA,1000,0,"null","17","dream_blind"
1,1,0.005,0.075,NA,NA,NA,NA,NA,1000,0,"null","17","dream_napari"
1,1,0.005,0.075,NA,NA,NA,NA,NA,1000,0,"null","17","dream_quint"
1,1,0.672,0.828,NA,NA,NA,NA,NA,1000,0,"null","17","seurat_blind"
1,1,0.658,0.822,NA,NA,NA,NA,NA,1000,0,"null","17","seurat_napari"
1,1,0.658,0.822,NA,NA,NA,NA,NA,1000,0,"null","17","seurat_quint"
1,1,0.675,0.829,NA,NA,NA,NA,NA,1000,0,"null","17","wilcoxon"
NA,1,0,0.077,NA,NA,NA,NA,NA,1000,0,"null","17","deseq2_pb"
NA,1,0,0.0970970970970971,NA,NA,NA,NA,NA,999,0,"null","18","dream_napari"
NA,1,0,0.0970970970970971,NA,NA,NA,NA,NA,999,0,"null","18","dream_quint"
1,1,0.662,0.811,NA,NA,NA,NA,NA,1000,0,"null","18","seurat_blind"
1,1,0.662,0.806,NA,NA,NA,NA,NA,1000,0,"null","18","seurat_napari"
1,1,0.662,0.806,NA,NA,NA,NA,NA,1000,0,"null","18","seurat_quint"
1,1,0.663,0.818,NA,NA,NA,NA,NA,1000,0,"null","18","wilcoxon"
1,1,0.00100300902708124,0.0772316950852558,NA,NA,NA,NA,NA,997,0,"null","18","deseq2_pb"
NA,1,0,0.085,NA,NA,NA,NA,NA,1000,0,"null","19","dream_blind"
NA,1,0,0.081,NA,NA,NA,NA,NA,1000,0,"null","19","dream_napari"
NA,1,0,0.081,NA,NA,NA,NA,NA,1000,0,"null","19","dream_quint"
1,1,0.655,0.828,NA,NA,NA,NA,NA,1000,0,"null","19","seurat_blind"
1,1,0.665,0.838,NA,NA,NA,NA,NA,1000,0,"null","19","seurat_napari"
1,1,0.665,0.838,NA,NA,NA,NA,NA,1000,0,"null","19","seurat_quint"
1,1,0.652,0.824,NA,NA,NA,NA,NA,1000,0,"null","19","wilcoxon"
1,1,0.00200400801603206,0.0811623246492986,NA,NA,NA,NA,NA,998,0,"null","19","deseq2_pb"
1,1,0.001,0.092,NA,NA,NA,NA,NA,1000,0,"null","2","dream_blind"
1,1,0.004,0.086,NA,NA,NA,NA,NA,1000,0,"null","2","dream_napari"
1,1,0.004,0.086,NA,NA,NA,NA,NA,1000,0,"null","2","dream_quint"
1,1,0.674,0.803,NA,NA,NA,NA,NA,1000,0,"null","2","seurat_blind"
1,1,0.662,0.804,NA,NA,NA,NA,NA,1000,0,"null","2","seurat_napari"
1,1,0.662,0.804,NA,NA,NA,NA,NA,1000,0,"null","2","seurat_quint"
1,1,0.676,0.812,NA,NA,NA,NA,NA,1000,0,"null","2","wilcoxon"
1,1,0.002,0.086,NA,NA,NA,NA,NA,1000,0,"null","2","deseq2_pb"
1,1,0.004,0.1,NA,NA,NA,NA,NA,1000,0,"null","20","dream_blind"
1,1,0.004,0.099,NA,NA,NA,NA,NA,1000,0,"null","20","dream_napari"
1,1,0.004,0.099,NA,NA,NA,NA,NA,1000,0,"null","20","dream_quint"
1,1,0.69,0.835,NA,NA,NA,NA,NA,1000,0,"null","20","seurat_blind"
1,1,0.685,0.839,NA,NA,NA,NA,NA,1000,0,"null","20","seurat_napari"
1,1,0.685,0.839,NA,NA,NA,NA,NA,1000,0,"null","20","seurat_quint"
1,1,0.69,0.838,NA,NA,NA,NA,NA,1000,0,"null","20","wilcoxon"
1,1,0.003,0.088,NA,NA,NA,NA,NA,1000,0,"null","20","deseq2_pb"
1,1,0.001,0.098,NA,NA,NA,NA,NA,1000,0,"null","21","dream_blind"
NA,1,0,0.093,NA,NA,NA,NA,NA,1000,0,"null","21","dream_napari"
NA,1,0,0.093,NA,NA,NA,NA,NA,1000,0,"null","21","dream_quint"
1,1,0.689,0.825,NA,NA,NA,NA,NA,1000,0,"null","21","seurat_blind"
1,1,0.684,0.839,NA,NA,NA,NA,NA,1000,0,"null","21","seurat_napari"
1,1,0.684,0.839,NA,NA,NA,NA,NA,1000,0,"null","21","seurat_quint"
1,1,0.68,0.826,NA,NA,NA,NA,NA,1000,0,"null","21","wilcoxon"
NA,1,0,0.081,NA,NA,NA,NA,NA,1000,0,"null","21","deseq2_pb"
1,1,0.002,0.085,NA,NA,NA,NA,NA,1000,0,"null","22","dream_blind"
NA,1,0,0.085,NA,NA,NA,NA,NA,1000,0,"null","22","dream_napari"
NA,1,0,0.085,NA,NA,NA,NA,NA,1000,0,"null","22","dream_quint"
1,1,0.66,0.817,NA,NA,NA,NA,NA,1000,0,"null","22","seurat_blind"
1,1,0.659,0.825,NA,NA,NA,NA,NA,1000,0,"null","22","seurat_napari"
1,1,0.659,0.825,NA,NA,NA,NA,NA,1000,0,"null","22","seurat_quint"
1,1,0.653,0.821,NA,NA,NA,NA,NA,1000,0,"null","22","wilcoxon"
NA,1,0,0.082,NA,NA,NA,NA,NA,1000,0,"null","22","deseq2_pb"
1,1,0.005,0.07,NA,NA,NA,NA,NA,1000,0,"null","23","dream_blind"
1,1,0.003,0.067,NA,NA,NA,NA,NA,1000,0,"null","23","dream_napari"
1,1,0.003,0.067,NA,NA,NA,NA,NA,1000,0,"null","23","dream_quint"
1,1,0.665,0.81,NA,NA,NA,NA,NA,1000,0,"null","23","seurat_blind"
1,1,0.662,0.806,NA,NA,NA,NA,NA,1000,0,"null","23","seurat_napari"
1,1,0.662,0.806,NA,NA,NA,NA,NA,1000,0,"null","23","seurat_quint"
1,1,0.66,0.805,NA,NA,NA,NA,NA,1000,0,"null","23","wilcoxon"
1,1,0.00200400801603206,0.0821643286573146,NA,NA,NA,NA,NA,998,0,"null","23","deseq2_pb"
NA,1,0,0.071,NA,NA,NA,NA,NA,1000,0,"null","24","dream_blind"
NA,1,0,0.07,NA,NA,NA,NA,NA,1000,0,"null","24","dream_napari"
NA,1,0,0.07,NA,NA,NA,NA,NA,1000,0,"null","24","dream_quint"
1,1,0.676,0.814,NA,NA,NA,NA,NA,1000,0,"null","24","seurat_blind"
1,1,0.666,0.808,NA,NA,NA,NA,NA,1000,0,"null","24","seurat_napari"
1,1,0.666,0.808,NA,NA,NA,NA,NA,1000,0,"null","24","seurat_quint"
1,1,0.674,0.817,NA,NA,NA,NA,NA,1000,0,"null","24","wilcoxon"
1,1,0.00100200400801603,0.0761523046092184,NA,NA,NA,NA,NA,998,0,"null","24","deseq2_pb"
1,1,0.003,0.084,NA,NA,NA,NA,NA,1000,0,"null","25","dream_napari"
1,1,0.003,0.084,NA,NA,NA,NA,NA,1000,0,"null","25","dream_quint"
1,1,0.699,0.846,NA,NA,NA,NA,NA,1000,0,"null","25","seurat_blind"
1,1,0.689,0.839,NA,NA,NA,NA,NA,1000,0,"null","25","seurat_napari"
1,1,0.689,0.839,NA,NA,NA,NA,NA,1000,0,"null","25","seurat_quint"
1,1,0.706,0.846,NA,NA,NA,NA,NA,1000,0,"null","25","wilcoxon"
1,1,0.001,0.066,NA,NA,NA,NA,NA,1000,0,"null","25","deseq2_pb"
1,1,0.002,0.084,NA,NA,NA,NA,NA,1000,0,"null","26","dream_blind"
1,1,0.003,0.077,NA,NA,NA,NA,NA,1000,0,"null","26","dream_napari"
1,1,0.003,0.077,NA,NA,NA,NA,NA,1000,0,"null","26","dream_quint"
1,1,0.67,0.824,NA,NA,NA,NA,NA,1000,0,"null","26","seurat_blind"
1,1,0.673,0.833,NA,NA,NA,NA,NA,1000,0,"null","26","seurat_napari"
1,1,0.673,0.833,NA,NA,NA,NA,NA,1000,0,"null","26","seurat_quint"
1,1,0.674,0.823,NA,NA,NA,NA,NA,1000,0,"null","26","wilcoxon"
NA,1,0,0.081,NA,NA,NA,NA,NA,1000,0,"null","26","deseq2_pb"
1,1,0.001,0.078,NA,NA,NA,NA,NA,1000,0,"null","27","dream_blind"
1,1,0.001,0.076,NA,NA,NA,NA,NA,1000,0,"null","27","dream_napari"
1,1,0.001,0.076,NA,NA,NA,NA,NA,1000,0,"null","27","dream_quint"
1,1,0.678,0.819,NA,NA,NA,NA,NA,1000,0,"null","27","seurat_blind"
1,1,0.674,0.831,NA,NA,NA,NA,NA,1000,0,"null","27","seurat_napari"
1,1,0.674,0.831,NA,NA,NA,NA,NA,1000,0,"null","27","seurat_quint"
1,1,0.67,0.826,NA,NA,NA,NA,NA,1000,0,"null","27","wilcoxon"
NA,1,0,0.0721442885771543,NA,NA,NA,NA,NA,998,0,"null","27","deseq2_pb"
1,1,0.015,0.098,NA,NA,NA,NA,NA,1000,0,"null","28","dream_blind"
1,1,0.01,0.093,NA,NA,NA,NA,NA,1000,0,"null","28","dream_napari"
1,1,0.01,0.093,NA,NA,NA,NA,NA,1000,0,"null","28","dream_quint"
1,1,0.673,0.824,NA,NA,NA,NA,NA,1000,0,"null","28","seurat_blind"
1,1,0.68,0.821,NA,NA,NA,NA,NA,1000,0,"null","28","seurat_napari"
1,1,0.68,0.821,NA,NA,NA,NA,NA,1000,0,"null","28","seurat_quint"
1,1,0.67,0.827,NA,NA,NA,NA,NA,1000,0,"null","28","wilcoxon"
1,1,0.003,0.078,NA,NA,NA,NA,NA,1000,0,"null","28","deseq2_pb"
1,1,0.001001001001001,0.0970970970970971,NA,NA,NA,NA,NA,999,0,"null","29","dream_blind"
1,1,0.001001001001001,0.0950950950950951,NA,NA,NA,NA,NA,999,0,"null","29","dream_napari"
1,1,0.001001001001001,0.0950950950950951,NA,NA,NA,NA,NA,999,0,"null","29","dream_quint"
1,1,0.666,0.818,NA,NA,NA,NA,NA,1000,0,"null","29","seurat_blind"
1,1,0.656,0.821,NA,NA,NA,NA,NA,1000,0,"null","29","seurat_napari"
1,1,0.656,0.821,NA,NA,NA,NA,NA,1000,0,"null","29","seurat_quint"
1,1,0.671,0.827,NA,NA,NA,NA,NA,1000,0,"null","29","wilcoxon"
1,1,0.00300902708124373,0.102306920762287,NA,NA,NA,NA,NA,997,0,"null","29","deseq2_pb"
1,1,0.012,0.083,NA,NA,NA,NA,NA,1000,0,"null","3","dream_napari"
1,1,0.012,0.083,NA,NA,NA,NA,NA,1000,0,"null","3","dream_quint"
1,1,0.722,0.857,NA,NA,NA,NA,NA,1000,0,"null","3","seurat_blind"
1,1,0.716,0.841,NA,NA,NA,NA,NA,1000,0,"null","3","seurat_napari"
1,1,0.716,0.841,NA,NA,NA,NA,NA,1000,0,"null","3","seurat_quint"
1,1,0.722,0.853,NA,NA,NA,NA,NA,1000,0,"null","3","wilcoxon"
1,1,0.001,0.095,NA,NA,NA,NA,NA,1000,0,"null","3","deseq2_pb"
1,1,0.008,0.083,NA,NA,NA,NA,NA,1000,0,"null","30","dream_blind"
1,1,0.008,0.08,NA,NA,NA,NA,NA,1000,0,"null","30","dream_napari"
1,1,0.008,0.08,NA,NA,NA,NA,NA,1000,0,"null","30","dream_quint"
1,1,0.64,0.8,NA,NA,NA,NA,NA,1000,0,"null","30","seurat_blind"
1,1,0.642,0.791,NA,NA,NA,NA,NA,1000,0,"null","30","seurat_napari"
1,1,0.642,0.791,NA,NA,NA,NA,NA,1000,0,"null","30","seurat_quint"
1,1,0.637,0.801,NA,NA,NA,NA,NA,1000,0,"null","30","wilcoxon"
1,1,0.00400801603206413,0.0711422845691383,NA,NA,NA,NA,NA,998,0,"null","30","deseq2_pb"
1,1,0.004,0.08,NA,NA,NA,NA,NA,1000,0,"null","31","dream_blind"
1,1,0.004,0.081,NA,NA,NA,NA,NA,1000,0,"null","31","dream_napari"
1,1,0.004,0.081,NA,NA,NA,NA,NA,1000,0,"null","31","dream_quint"
1,1,0.642,0.818,NA,NA,NA,NA,NA,1000,0,"null","31","seurat_blind"
1,1,0.645,0.814,NA,NA,NA,NA,NA,1000,0,"null","31","seurat_napari"
1,1,0.645,0.814,NA,NA,NA,NA,NA,1000,0,"null","31","seurat_quint"
1,1,0.635,0.818,NA,NA,NA,NA,NA,1000,0,"null","31","wilcoxon"
1,1,0.002,0.067,NA,NA,NA,NA,NA,1000,0,"null","31","deseq2_pb"
1,1,0.002,0.102,NA,NA,NA,NA,NA,1000,0,"null","32","dream_blind"
1,1,0.002,0.101,NA,NA,NA,NA,NA,1000,0,"null","32","dream_napari"
1,1,0.002,0.101,NA,NA,NA,NA,NA,1000,0,"null","32","dream_quint"
1,1,0.661,0.811,NA,NA,NA,NA,NA,1000,0,"null","32","seurat_blind"
1,1,0.668,0.804,NA,NA,NA,NA,NA,1000,0,"null","32","seurat_napari"
1,1,0.668,0.804,NA,NA,NA,NA,NA,1000,0,"null","32","seurat_quint"
1,1,0.659,0.816,NA,NA,NA,NA,NA,1000,0,"null","32","wilcoxon"
NA,1,0,0.081,NA,NA,NA,NA,NA,1000,0,"null","32","deseq2_pb"
1,1,0.004,0.098,NA,NA,NA,NA,NA,1000,0,"null","33","dream_blind"
1,1,0.004,0.094,NA,NA,NA,NA,NA,1000,0,"null","33","dream_napari"
1,1,0.004,0.094,NA,NA,NA,NA,NA,1000,0,"null","33","dream_quint"
1,1,0.679,0.817,NA,NA,NA,NA,NA,1000,0,"null","33","seurat_blind"
1,1,0.674,0.816,NA,NA,NA,NA,NA,1000,0,"null","33","seurat_napari"
1,1,0.674,0.816,NA,NA,NA,NA,NA,1000,0,"null","33","seurat_quint"
1,1,0.675,0.814,NA,NA,NA,NA,NA,1000,0,"null","33","wilcoxon"
1,1,0.001001001001001,0.0700700700700701,NA,NA,NA,NA,NA,999,0,"null","33","deseq2_pb"
1,1,0.003,0.079,NA,NA,NA,NA,NA,1000,0,"null","34","dream_blind"
1,1,0.003,0.078,NA,NA,NA,NA,NA,1000,0,"null","34","dream_napari"
1,1,0.003,0.078,NA,NA,NA,NA,NA,1000,0,"null","34","dream_quint"
1,1,0.711,0.849,NA,NA,NA,NA,NA,1000,0,"null","34","seurat_blind"
1,1,0.701,0.848,NA,NA,NA,NA,NA,1000,0,"null","34","seurat_napari"
1,1,0.701,0.848,NA,NA,NA,NA,NA,1000,0,"null","34","seurat_quint"
1,1,0.712,0.844,NA,NA,NA,NA,NA,1000,0,"null","34","wilcoxon"
1,1,0.003003003003003,0.0800800800800801,NA,NA,NA,NA,NA,999,0,"null","34","deseq2_pb"
1,1,0.002,0.081,NA,NA,NA,NA,NA,1000,0,"null","35","dream_blind"
1,1,0.002,0.08,NA,NA,NA,NA,NA,1000,0,"null","35","dream_napari"
1,1,0.002,0.08,NA,NA,NA,NA,NA,1000,0,"null","35","dream_quint"
1,1,0.683,0.837,NA,NA,NA,NA,NA,1000,0,"null","35","seurat_blind"
1,1,0.672,0.817,NA,NA,NA,NA,NA,1000,0,"null","35","seurat_napari"
1,1,0.672,0.817,NA,NA,NA,NA,NA,1000,0,"null","35","seurat_quint"
1,1,0.68,0.829,NA,NA,NA,NA,NA,1000,0,"null","35","wilcoxon"
1,1,0.002002002002002,0.0760760760760761,NA,NA,NA,NA,NA,999,0,"null","35","deseq2_pb"
1,1,0.003003003003003,0.0870870870870871,NA,NA,NA,NA,NA,999,0,"null","36","dream_blind"
1,1,0.004004004004004,0.0750750750750751,NA,NA,NA,NA,NA,999,0,"null","36","dream_napari"
1,1,0.004004004004004,0.0750750750750751,NA,NA,NA,NA,NA,999,0,"null","36","dream_quint"
1,1,0.677,0.834,NA,NA,NA,NA,NA,1000,0,"null","36","seurat_blind"
1,1,0.664,0.843,NA,NA,NA,NA,NA,1000,0,"null","36","seurat_napari"
1,1,0.664,0.843,NA,NA,NA,NA,NA,1000,0,"null","36","seurat_quint"
1,1,0.678,0.826,NA,NA,NA,NA,NA,1000,0,"null","36","wilcoxon"
1,1,0.005005005005005,0.0730730730730731,NA,NA,NA,NA,NA,999,0,"null","36","deseq2_pb"
NA,1,0,0.073,NA,NA,NA,NA,NA,1000,0,"null","37","dream_blind"
1,1,0.003,0.071,NA,NA,NA,NA,NA,1000,0,"null","37","dream_napari"
1,1,0.003,0.071,NA,NA,NA,NA,NA,1000,0,"null","37","dream_quint"
1,1,0.629,0.805,NA,NA,NA,NA,NA,1000,0,"null","37","seurat_blind"
1,1,0.635,0.808,NA,NA,NA,NA,NA,1000,0,"null","37","seurat_napari"
1,1,0.635,0.808,NA,NA,NA,NA,NA,1000,0,"null","37","seurat_quint"
1,1,0.635,0.807,NA,NA,NA,NA,NA,1000,0,"null","37","wilcoxon"
NA,1,0,0.086,NA,NA,NA,NA,NA,1000,0,"null","37","deseq2_pb"
1,1,0.004004004004004,0.0820820820820821,NA,NA,NA,NA,NA,999,0,"null","38","dream_blind"
1,1,0.003003003003003,0.0760760760760761,NA,NA,NA,NA,NA,999,0,"null","38","dream_napari"
1,1,0.003003003003003,0.0760760760760761,NA,NA,NA,NA,NA,999,0,"null","38","dream_quint"
1,1,0.638,0.806,NA,NA,NA,NA,NA,1000,0,"null","38","seurat_blind"
1,1,0.657,0.812,NA,NA,NA,NA,NA,1000,0,"null","38","seurat_napari"
1,1,0.657,0.812,NA,NA,NA,NA,NA,1000,0,"null","38","seurat_quint"
1,1,0.638,0.8,NA,NA,NA,NA,NA,1000,0,"null","38","wilcoxon"
NA,1,0,0.0692771084337349,NA,NA,NA,NA,NA,996,0,"null","38","deseq2_pb"
NA,1,0,0.051,NA,NA,NA,NA,NA,1000,0,"null","39","dream_blind"
NA,1,0,0.051,NA,NA,NA,NA,NA,1000,0,"null","39","dream_napari"
NA,1,0,0.051,NA,NA,NA,NA,NA,1000,0,"null","39","dream_quint"
1,1,0.62,0.809,NA,NA,NA,NA,NA,1000,0,"null","39","seurat_blind"
1,1,0.624,0.809,NA,NA,NA,NA,NA,1000,0,"null","39","seurat_napari"
1,1,0.624,0.809,NA,NA,NA,NA,NA,1000,0,"null","39","seurat_quint"
1,1,0.625,0.806,NA,NA,NA,NA,NA,1000,0,"null","39","wilcoxon"
NA,1,0,0.0500500500500501,NA,NA,NA,NA,NA,999,0,"null","39","deseq2_pb"
1,1,0.001,0.059,NA,NA,NA,NA,NA,1000,0,"null","4","dream_blind"
1,1,0.001,0.053,NA,NA,NA,NA,NA,1000,0,"null","4","dream_napari"
1,1,0.001,0.053,NA,NA,NA,NA,NA,1000,0,"null","4","dream_quint"
1,1,0.685,0.828,NA,NA,NA,NA,NA,1000,0,"null","4","seurat_blind"
1,1,0.677,0.821,NA,NA,NA,NA,NA,1000,0,"null","4","seurat_napari"
1,1,0.677,0.821,NA,NA,NA,NA,NA,1000,0,"null","4","seurat_quint"
1,1,0.69,0.834,NA,NA,NA,NA,NA,1000,0,"null","4","wilcoxon"
NA,1,0,0.064,NA,NA,NA,NA,NA,1000,0,"null","4","deseq2_pb"
1,1,0.004,0.086,NA,NA,NA,NA,NA,1000,0,"null","40","dream_blind"
1,1,0.006,0.078,NA,NA,NA,NA,NA,1000,0,"null","40","dream_napari"
1,1,0.006,0.078,NA,NA,NA,NA,NA,1000,0,"null","40","dream_quint"
1,1,0.645,0.812,NA,NA,NA,NA,NA,1000,0,"null","40","seurat_blind"
1,1,0.652,0.804,NA,NA,NA,NA,NA,1000,0,"null","40","seurat_napari"
1,1,0.652,0.804,NA,NA,NA,NA,NA,1000,0,"null","40","seurat_quint"
1,1,0.651,0.817,NA,NA,NA,NA,NA,1000,0,"null","40","wilcoxon"
NA,1,0,0.0861723446893788,NA,NA,NA,NA,NA,998,0,"null","40","deseq2_pb"
1,1,0.002,0.092,NA,NA,NA,NA,NA,1000,0,"null","41","dream_blind"
1,1,0.002,0.081,NA,NA,NA,NA,NA,1000,0,"null","41","dream_napari"
1,1,0.002,0.081,NA,NA,NA,NA,NA,1000,0,"null","41","dream_quint"
1,1,0.661,0.806,NA,NA,NA,NA,NA,1000,0,"null","41","seurat_blind"
1,1,0.682,0.811,NA,NA,NA,NA,NA,1000,0,"null","41","seurat_napari"
1,1,0.682,0.811,NA,NA,NA,NA,NA,1000,0,"null","41","seurat_quint"
1,1,0.672,0.802,NA,NA,NA,NA,NA,1000,0,"null","41","wilcoxon"
NA,1,0,0.0681362725450902,NA,NA,NA,NA,NA,998,0,"null","41","deseq2_pb"
1,1,0.005,0.112,NA,NA,NA,NA,NA,1000,0,"null","42","dream_blind"
1,1,0.004,0.106,NA,NA,NA,NA,NA,1000,0,"null","42","dream_napari"
1,1,0.004,0.106,NA,NA,NA,NA,NA,1000,0,"null","42","dream_quint"
1,1,0.663,0.823,NA,NA,NA,NA,NA,1000,0,"null","42","seurat_blind"
1,1,0.664,0.827,NA,NA,NA,NA,NA,1000,0,"null","42","seurat_napari"
1,1,0.664,0.827,NA,NA,NA,NA,NA,1000,0,"null","42","seurat_quint"
1,1,0.666,0.822,NA,NA,NA,NA,NA,1000,0,"null","42","wilcoxon"
1,1,0.002,0.083,NA,NA,NA,NA,NA,1000,0,"null","42","deseq2_pb"
1,1,0.002,0.068,NA,NA,NA,NA,NA,1000,0,"null","43","dream_blind"
1,1,0.002,0.063,NA,NA,NA,NA,NA,1000,0,"null","43","dream_napari"
1,1,0.002,0.063,NA,NA,NA,NA,NA,1000,0,"null","43","dream_quint"
1,1,0.655,0.814,NA,NA,NA,NA,NA,1000,0,"null","43","seurat_blind"
1,1,0.654,0.811,NA,NA,NA,NA,NA,1000,0,"null","43","seurat_napari"
1,1,0.654,0.811,NA,NA,NA,NA,NA,1000,0,"null","43","seurat_quint"
1,1,0.647,0.817,NA,NA,NA,NA,NA,1000,0,"null","43","wilcoxon"
NA,1,0,0.067,NA,NA,NA,NA,NA,1000,0,"null","43","deseq2_pb"
1,1,0.0030060120240481,0.0871743486973948,NA,NA,NA,NA,NA,998,0,"null","44","dream_blind"
1,1,0.00100300902708124,0.0812437311935807,NA,NA,NA,NA,NA,997,0,"null","44","dream_napari"
1,1,0.00100300902708124,0.0812437311935807,NA,NA,NA,NA,NA,997,0,"null","44","dream_quint"
1,1,0.656,0.821,NA,NA,NA,NA,NA,1000,0,"null","44","seurat_blind"
1,1,0.664,0.816,NA,NA,NA,NA,NA,1000,0,"null","44","seurat_napari"
1,1,0.664,0.816,NA,NA,NA,NA,NA,1000,0,"null","44","seurat_quint"
1,1,0.657,0.821,NA,NA,NA,NA,NA,1000,0,"null","44","wilcoxon"
1,1,0.00100401606425703,0.0833333333333333,NA,NA,NA,NA,NA,996,0,"null","44","deseq2_pb"
1,1,0.003,0.091,NA,NA,NA,NA,NA,1000,0,"null","45","dream_blind"
1,1,0.004,0.081,NA,NA,NA,NA,NA,1000,0,"null","45","dream_napari"
1,1,0.004,0.081,NA,NA,NA,NA,NA,1000,0,"null","45","dream_quint"
1,1,0.65,0.816,NA,NA,NA,NA,NA,1000,0,"null","45","seurat_blind"
1,1,0.651,0.818,NA,NA,NA,NA,NA,1000,0,"null","45","seurat_napari"
1,1,0.651,0.818,NA,NA,NA,NA,NA,1000,0,"null","45","seurat_quint"
1,1,0.656,0.816,NA,NA,NA,NA,NA,1000,0,"null","45","wilcoxon"
NA,1,0,0.083,NA,NA,NA,NA,NA,1000,0,"null","45","deseq2_pb"
1,1,0.002,0.09,NA,NA,NA,NA,NA,1000,0,"null","46","dream_blind"
NA,1,0,0.082,NA,NA,NA,NA,NA,1000,0,"null","46","dream_napari"
NA,1,0,0.082,NA,NA,NA,NA,NA,1000,0,"null","46","dream_quint"
1,1,0.663,0.841,NA,NA,NA,NA,NA,1000,0,"null","46","seurat_blind"
1,1,0.651,0.823,NA,NA,NA,NA,NA,1000,0,"null","46","seurat_napari"
1,1,0.651,0.823,NA,NA,NA,NA,NA,1000,0,"null","46","seurat_quint"
1,1,0.662,0.839,NA,NA,NA,NA,NA,1000,0,"null","46","wilcoxon"
NA,1,0,0.07,NA,NA,NA,NA,NA,1000,0,"null","46","deseq2_pb"
1,1,0.005005005005005,0.0830830830830831,NA,NA,NA,NA,NA,999,0,"null","47","dream_blind"
1,1,0.003003003003003,0.0730730730730731,NA,NA,NA,NA,NA,999,0,"null","47","dream_napari"
1,1,0.003003003003003,0.0730730730730731,NA,NA,NA,NA,NA,999,0,"null","47","dream_quint"
1,1,0.656,0.819,NA,NA,NA,NA,NA,1000,0,"null","47","seurat_blind"
1,1,0.66,0.821,NA,NA,NA,NA,NA,1000,0,"null","47","seurat_napari"
1,1,0.66,0.821,NA,NA,NA,NA,NA,1000,0,"null","47","seurat_quint"
1,1,0.657,0.82,NA,NA,NA,NA,NA,1000,0,"null","47","wilcoxon"
1,1,0.00100200400801603,0.0751503006012024,NA,NA,NA,NA,NA,998,0,"null","47","deseq2_pb"
1,1,0.007,0.083,NA,NA,NA,NA,NA,1000,0,"null","48","dream_blind"
1,1,0.005,0.085,NA,NA,NA,NA,NA,1000,0,"null","48","dream_napari"
1,1,0.005,0.085,NA,NA,NA,NA,NA,1000,0,"null","48","dream_quint"
1,1,0.679,0.825,NA,NA,NA,NA,NA,1000,0,"null","48","seurat_blind"
1,1,0.69,0.837,NA,NA,NA,NA,NA,1000,0,"null","48","seurat_napari"
1,1,0.69,0.837,NA,NA,NA,NA,NA,1000,0,"null","48","seurat_quint"
1,1,0.676,0.828,NA,NA,NA,NA,NA,1000,0,"null","48","wilcoxon"
NA,1,0,0.089,NA,NA,NA,NA,NA,1000,0,"null","48","deseq2_pb"
1,1,0.004,0.086,NA,NA,NA,NA,NA,1000,0,"null","49","dream_blind"
1,1,0.003,0.087,NA,NA,NA,NA,NA,1000,0,"null","49","dream_napari"
1,1,0.003,0.087,NA,NA,NA,NA,NA,1000,0,"null","49","dream_quint"
1,1,0.665,0.812,NA,NA,NA,NA,NA,1000,0,"null","49","seurat_blind"
1,1,0.67,0.809,NA,NA,NA,NA,NA,1000,0,"null","49","seurat_napari"
1,1,0.67,0.809,NA,NA,NA,NA,NA,1000,0,"null","49","seurat_quint"
1,1,0.661,0.81,NA,NA,NA,NA,NA,1000,0,"null","49","wilcoxon"
1,1,0.001001001001001,0.0790790790790791,NA,NA,NA,NA,NA,999,0,"null","49","deseq2_pb"
NA,1,0,0.07,NA,NA,NA,NA,NA,1000,0,"null","5","dream_blind"
NA,1,0,0.065,NA,NA,NA,NA,NA,1000,0,"null","5","dream_napari"
NA,1,0,0.065,NA,NA,NA,NA,NA,1000,0,"null","5","dream_quint"
1,1,0.662,0.814,NA,NA,NA,NA,NA,1000,0,"null","5","seurat_blind"
1,1,0.657,0.806,NA,NA,NA,NA,NA,1000,0,"null","5","seurat_napari"
1,1,0.657,0.806,NA,NA,NA,NA,NA,1000,0,"null","5","seurat_quint"
1,1,0.663,0.822,NA,NA,NA,NA,NA,1000,0,"null","5","wilcoxon"
NA,1,0,0.064,NA,NA,NA,NA,NA,1000,0,"null","5","deseq2_pb"
NA,1,0,0.0820820820820821,NA,NA,NA,NA,NA,999,0,"null","50","dream_blind"
NA,1,0,0.0820820820820821,NA,NA,NA,NA,NA,999,0,"null","50","dream_napari"
NA,1,0,0.0820820820820821,NA,NA,NA,NA,NA,999,0,"null","50","dream_quint"
1,1,0.688,0.811,NA,NA,NA,NA,NA,1000,0,"null","50","seurat_blind"
1,1,0.688,0.814,NA,NA,NA,NA,NA,1000,0,"null","50","seurat_napari"
1,1,0.688,0.814,NA,NA,NA,NA,NA,1000,0,"null","50","seurat_quint"
1,1,0.677,0.806,NA,NA,NA,NA,NA,1000,0,"null","50","wilcoxon"
NA,1,0,0.0812437311935807,NA,NA,NA,NA,NA,997,0,"null","50","deseq2_pb"
NA,1,0,0.0800800800800801,NA,NA,NA,NA,NA,999,0,"null","6","dream_blind"
NA,1,0,0.0800800800800801,NA,NA,NA,NA,NA,999,0,"null","6","dream_napari"
NA,1,0,0.0800800800800801,NA,NA,NA,NA,NA,999,0,"null","6","dream_quint"
1,1,0.692,0.825,NA,NA,NA,NA,NA,1000,0,"null","6","seurat_blind"
1,1,0.687,0.832,NA,NA,NA,NA,NA,1000,0,"null","6","seurat_napari"
1,1,0.687,0.832,NA,NA,NA,NA,NA,1000,0,"null","6","seurat_quint"
1,1,0.688,0.835,NA,NA,NA,NA,NA,1000,0,"null","6","wilcoxon"
NA,1,0,0.0712136409227683,NA,NA,NA,NA,NA,997,0,"null","6","deseq2_pb"
1,1,0.003003003003003,0.0790790790790791,NA,NA,NA,NA,NA,999,0,"null","7","dream_blind"
1,1,0.003003003003003,0.0690690690690691,NA,NA,NA,NA,NA,999,0,"null","7","dream_napari"
1,1,0.003003003003003,0.0690690690690691,NA,NA,NA,NA,NA,999,0,"null","7","dream_quint"
1,1,0.675,0.829,NA,NA,NA,NA,NA,1000,0,"null","7","seurat_blind"
1,1,0.681,0.823,NA,NA,NA,NA,NA,1000,0,"null","7","seurat_napari"
1,1,0.681,0.823,NA,NA,NA,NA,NA,1000,0,"null","7","seurat_quint"
1,1,0.673,0.83,NA,NA,NA,NA,NA,1000,0,"null","7","wilcoxon"
NA,1,0,0.0702106318956871,NA,NA,NA,NA,NA,997,0,"null","7","deseq2_pb"
NA,1,0,0.0650650650650651,NA,NA,NA,NA,NA,999,0,"null","8","dream_napari"
NA,1,0,0.0650650650650651,NA,NA,NA,NA,NA,999,0,"null","8","dream_quint"
1,1,0.657,0.815,NA,NA,NA,NA,NA,1000,0,"null","8","seurat_blind"
1,1,0.661,0.824,NA,NA,NA,NA,NA,1000,0,"null","8","seurat_napari"
1,1,0.661,0.824,NA,NA,NA,NA,NA,1000,0,"null","8","seurat_quint"
1,1,0.66,0.812,NA,NA,NA,NA,NA,1000,0,"null","8","wilcoxon"
NA,1,0,0.0712136409227683,NA,NA,NA,NA,NA,997,0,"null","8","deseq2_pb"
1,1,0.002,0.078,NA,NA,NA,NA,NA,1000,0,"null","9","dream_blind"
1,1,0.003,0.073,NA,NA,NA,NA,NA,1000,0,"null","9","dream_napari"
1,1,0.003,0.073,NA,NA,NA,NA,NA,1000,0,"null","9","dream_quint"
1,1,0.666,0.842,NA,NA,NA,NA,NA,1000,0,"null","9","seurat_blind"
1,1,0.668,0.832,NA,NA,NA,NA,NA,1000,0,"null","9","seurat_napari"
1,1,0.668,0.832,NA,NA,NA,NA,NA,1000,0,"null","9","seurat_quint"
1,1,0.668,0.841,NA,NA,NA,NA,NA,1000,0,"null","9","wilcoxon"
NA,1,0,0.078,NA,NA,NA,NA,NA,1000,0,"null","9","deseq2_pb"
0.325925925925926,0.552995391705069,0.0488888888888889,0.133333333333333,0.91,0.97,-0.206028004320548,0.3516067598289,0.64,1000,100,"shared","1","dream_blind"
0.32089552238806,0.542452830188679,0.0477777777777778,0.127777777777778,0.91,0.97,-0.209717581971564,0.350917381145784,0.63,1000,100,"shared","1","dream_napari"
0.32089552238806,0.542452830188679,0.0477777777777778,0.127777777777778,0.91,0.97,-0.209717581971564,0.350917381145784,0.63,1000,100,"shared","1","dream_quint"
0.860917941585535,0.883449883449883,0.687777777777778,0.842222222222222,1,1,-0.0310785792963954,0.169879148736194,NA,1000,100,"shared","1","seurat_blind"
0.860335195530726,0.882629107981221,0.684444444444444,0.835555555555556,1,1,-0.0310785792963954,0.169879148736194,NA,1000,100,"shared","1","seurat_napari"
0.860335195530726,0.882629107981221,0.684444444444444,0.835555555555556,1,1,-0.0310785792963954,0.169879148736194,NA,1000,100,"shared","1","seurat_quint"
0.859550561797753,0.883177570093458,0.68,0.84,1,1,-0.0310785792963954,0.169879148736194,NA,1000,100,"shared","1","wilcoxon"
0.139130434782609,0.382716049382716,0.017797552836485,0.0689655172413793,0.99,1,-0.0477841219089599,0.175309150929535,0.89,999,100,"shared","1","deseq2_pb"
0.252100840336134,0.531707317073171,0.0333333333333333,0.121111111111111,0.89,0.96,-0.191859697911069,0.352539829154396,0.52,1000,100,"shared","10","dream_blind"
0.241379310344828,0.524752475247525,0.0311111111111111,0.117777777777778,0.88,0.96,-0.199435343037446,0.353681151791859,0.54,1000,100,"shared","10","dream_napari"
0.241379310344828,0.524752475247525,0.0311111111111111,0.117777777777778,0.88,0.96,-0.199435343037446,0.353681151791859,0.54,1000,100,"shared","10","dream_quint"
0.876237623762376,0.888268156424581,0.786666666666667,0.883333333333333,1,1,-0.113426962897953,0.215818033358274,NA,1000,100,"shared","10","seurat_blind"
0.877300613496933,0.888641425389755,0.794444444444444,0.886666666666667,1,1,-0.113426962897953,0.215818033358274,NA,1000,100,"shared","10","seurat_napari"
0.877300613496933,0.888641425389755,0.794444444444444,0.886666666666667,1,1,-0.113426962897953,0.215818033358274,NA,1000,100,"shared","10","seurat_quint"
0.87109375,0.886363636363636,0.743333333333333,0.866666666666667,0.99,1,-0.113426962897953,0.215818033358274,NA,1000,100,"shared","10","wilcoxon"
0.173553719008264,0.447513812154696,0.0233592880978865,0.0901001112347052,1,1,-0.0363580899601985,0.186296151350192,0.88,999,100,"shared","10","deseq2_pb"
0.335820895522388,0.526829268292683,0.05,0.12,0.89,0.97,-0.221747270763976,0.363169483295241,0.61,1000,100,"shared","11","dream_napari"
0.335820895522388,0.526829268292683,0.05,0.12,0.89,0.97,-0.221747270763976,0.363169483295241,0.61,1000,100,"shared","11","dream_quint"
0.871959026888604,0.885974914481186,0.756666666666667,0.863333333333333,1,1,-0.123742715384013,0.212717559406475,NA,1000,100,"shared","11","seurat_blind"
0.872611464968153,0.887892376681614,0.761111111111111,0.88,1,1,-0.123742715384013,0.212717559406475,NA,1000,100,"shared","11","seurat_napari"
0.872611464968153,0.887892376681614,0.761111111111111,0.88,1,1,-0.123742715384013,0.212717559406475,NA,1000,100,"shared","11","seurat_quint"
0.867899603698811,0.884792626728111,0.73,0.853333333333333,1,1,-0.123742715384013,0.212717559406475,NA,1000,100,"shared","11","wilcoxon"
0.115044247787611,0.450549450549451,0.0144927536231884,0.0914158305462653,1,1,-0.0679841141744896,0.18541536691418,0.83,997,100,"shared","11","deseq2_pb"
0.458333333333333,0.625,0.0855555555555556,0.177777777777778,0.91,0.96,-0.231332364395987,0.362330995254507,0.58,1000,100,"shared","12","dream_blind"
0.464705882352941,0.623529411764706,0.0877777777777778,0.176666666666667,0.91,0.96,-0.237769611145112,0.364855721530237,0.56,1000,100,"shared","12","dream_napari"
0.464705882352941,0.623529411764706,0.0877777777777778,0.176666666666667,0.91,0.96,-0.237769611145112,0.364855721530237,0.56,1000,100,"shared","12","dream_quint"
0.877750611246944,0.889746416758545,0.797777777777778,0.896666666666667,1,1,-0.167939353280447,0.24713841171886,NA,1000,100,"shared","12","seurat_blind"
0.878048780487805,0.88998899889989,0.8,0.898888888888889,1,1,-0.167939353280447,0.24713841171886,NA,1000,100,"shared","12","seurat_napari"
0.878048780487805,0.88998899889989,0.8,0.898888888888889,1,1,-0.167939353280447,0.24713841171886,NA,1000,100,"shared","12","seurat_quint"
0.872935196950445,0.88558352402746,0.763333333333333,0.86,1,1,-0.167939353280447,0.24713841171886,NA,1000,100,"shared","12","wilcoxon"
0.195121951219512,0.476439790575916,0.0266666666666667,0.101111111111111,0.99,1,-0.0734905954256,0.195938745175661,0.87,1000,100,"shared","12","deseq2_pb"
0.375,0.590717299578059,0.0600667408231368,0.155728587319244,0.9,0.97,-0.233696367476686,0.374633746152262,0.55,999,100,"shared","13","dream_blind"
0.402684563758389,0.588983050847458,0.0667408231368187,0.154616240266963,0.89,0.97,-0.241564375882624,0.377416766367842,0.55,999,100,"shared","13","dream_napari"
0.402684563758389,0.588983050847458,0.0667408231368187,0.154616240266963,0.89,0.97,-0.241564375882624,0.377416766367842,0.55,999,100,"shared","13","dream_quint"
0.869621903520209,0.884792626728111,0.741111111111111,0.853333333333333,1,1,-0.117068092540213,0.198970895299174,NA,1000,100,"shared","13","seurat_blind"
0.869451697127937,0.88545246277205,0.74,0.858888888888889,1,1,-0.117068092540213,0.198970895299174,NA,1000,100,"shared","13","seurat_napari"
0.869451697127937,0.88545246277205,0.74,0.858888888888889,1,1,-0.117068092540213,0.198970895299174,NA,1000,100,"shared","13","seurat_quint"
0.865853658536585,0.882491186839013,0.71,0.834444444444444,0.99,1,-0.117068092540213,0.198970895299174,NA,1000,100,"shared","13","wilcoxon"
0.173553719008264,0.476439790575916,0.0234113712374582,0.101449275362319,1,1,-0.0769291259907115,0.17906146686586,0.87,997,100,"shared","13","deseq2_pb"
0.326086956521739,0.566371681415929,0.05,0.142222222222222,0.93,0.98,-0.171405962320357,0.343850163468057,0.61,1000,100,"shared","14","dream_blind"
0.287878787878788,0.5625,0.0422222222222222,0.14,0.94,0.98,-0.174588517446865,0.341911774867891,0.58,1000,100,"shared","14","dream_napari"
0.287878787878788,0.5625,0.0422222222222222,0.14,0.94,0.98,-0.174588517446865,0.341911774867891,0.58,1000,100,"shared","14","dream_quint"
0.871959026888604,0.88558352402746,0.756666666666667,0.86,1,1,-0.0673544674053127,0.204288069731343,NA,1000,100,"shared","14","seurat_blind"
0.871134020618557,0.886621315192744,0.751111111111111,0.868888888888889,1,1,-0.0673544674053127,0.204288069731343,NA,1000,100,"shared","14","seurat_napari"
0.871134020618557,0.886621315192744,0.751111111111111,0.868888888888889,1,1,-0.0673544674053127,0.204288069731343,NA,1000,100,"shared","14","seurat_quint"
0.869565217391304,0.883720930232558,0.733333333333333,0.844444444444444,0.99,1,-0.0673544674053127,0.204288069731343,NA,1000,100,"shared","14","wilcoxon"
0.12280701754386,0.46524064171123,0.0155728587319244,0.0967741935483871,1,1,-0.0356256808605535,0.19670862765,0.86,999,100,"shared","14","deseq2_pb"
0.354609929078014,0.577092511013216,0.0555555555555556,0.145555555555556,0.91,0.96,-0.208608165386885,0.359597165615583,0.5,1000,100,"shared","15","dream_blind"
0.356643356643357,0.571428571428571,0.0566666666666667,0.142222222222222,0.92,0.96,-0.218364097166045,0.361746843864398,0.49,1000,100,"shared","15","dream_napari"
0.356643356643357,0.571428571428571,0.0566666666666667,0.142222222222222,0.92,0.96,-0.218364097166045,0.361746843864398,0.49,1000,100,"shared","15","dream_quint"
0.8715953307393,0.887640449438202,0.746666666666667,0.877777777777778,0.99,1,-0.118867330464203,0.214592768428226,NA,1000,100,"shared","15","seurat_blind"
0.87109375,0.886877828054299,0.743333333333333,0.871111111111111,0.99,1,-0.118867330464203,0.214592768428226,NA,1000,100,"shared","15","seurat_napari"
0.87109375,0.886877828054299,0.743333333333333,0.871111111111111,0.99,1,-0.118867330464203,0.214592768428226,NA,1000,100,"shared","15","seurat_quint"
0.864197530864197,0.884125144843569,0.7,0.847777777777778,0.99,1,-0.118867330464203,0.214592768428226,NA,1000,100,"shared","15","wilcoxon"
0.168067226890756,0.462365591397849,0.0222222222222222,0.0955555555555556,0.99,1,-0.0709727012009123,0.191628506670547,0.85,1000,100,"shared","15","deseq2_pb"
0.426829268292683,0.619230769230769,0.0777777777777778,0.178888888888889,0.94,0.99,-0.191905626687847,0.3263863364766,0.57,1000,100,"shared","16","dream_blind"
0.433734939759036,0.626415094339623,0.08,0.184444444444444,0.94,0.99,-0.200976980622922,0.328348659609908,0.56,1000,100,"shared","16","dream_napari"
0.433734939759036,0.626415094339623,0.08,0.184444444444444,0.94,0.99,-0.200976980622922,0.328348659609908,0.56,1000,100,"shared","16","dream_quint"
0.8715953307393,0.885321100917431,0.746666666666667,0.857777777777778,0.99,1,-0.065837701356338,0.174381423620044,NA,1000,100,"shared","16","seurat_blind"
0.87007874015748,0.885321100917431,0.736666666666667,0.857777777777778,0.99,1,-0.065837701356338,0.174381423620044,NA,1000,100,"shared","16","seurat_napari"
0.87007874015748,0.885321100917431,0.736666666666667,0.857777777777778,0.99,1,-0.065837701356338,0.174381423620044,NA,1000,100,"shared","16","seurat_quint"
0.868525896414343,0.884259259259259,0.726666666666667,0.848888888888889,0.99,1,-0.065837701356338,0.174381423620044,NA,1000,100,"shared","16","wilcoxon"
0.159663865546218,0.481865284974093,0.0211817168338907,0.103678929765886,1,1,-0.0329073193672113,0.164295840428708,0.88,997,100,"shared","16","deseq2_pb"
0.323076923076923,0.583333333333333,0.0466666666666667,0.147777777777778,0.88,0.95,-0.261949217190253,0.40912415193218,0.53,1000,100,"shared","17","dream_blind"
0.307086614173228,0.581497797356828,0.0433333333333333,0.146666666666667,0.88,0.95,-0.265982177630494,0.410494668637913,0.52,1000,100,"shared","17","dream_napari"
0.307086614173228,0.581497797356828,0.0433333333333333,0.146666666666667,0.88,0.95,-0.265982177630494,0.410494668637913,0.52,1000,100,"shared","17","dream_quint"
0.869158878504673,0.884925201380898,0.723333333333333,0.854444444444444,0.98,1,-0.0990067226346785,0.191007840822146,NA,1000,100,"shared","17","seurat_blind"
0.870882740447958,0.885057471264368,0.734444444444444,0.855555555555556,0.98,1,-0.0990067226346785,0.191007840822146,NA,1000,100,"shared","17","seurat_napari"
0.870882740447958,0.885057471264368,0.734444444444444,0.855555555555556,0.98,1,-0.0990067226346785,0.191007840822146,NA,1000,100,"shared","17","seurat_quint"
0.866120218579235,0.883720930232558,0.704444444444444,0.844444444444444,0.98,1,-0.0990067226346785,0.191007840822146,NA,1000,100,"shared","17","wilcoxon"
0.188524590163934,0.481675392670157,0.0255555555555556,0.102222222222222,0.99,0.99,-0.0690395826753867,0.176484801908022,0.92,1000,100,"shared","17","deseq2_pb"
0.442424242424242,0.61328125,0.0812013348164627,0.174638487208009,0.92,0.99,-0.245570733416762,0.356764228656384,0.51,999,100,"shared","18","dream_blind"
0.432098765432099,0.61328125,0.0778642936596218,0.174638487208009,0.92,0.99,-0.252003201238063,0.35987270633647,0.49,999,100,"shared","18","dream_napari"
0.432098765432099,0.61328125,0.0778642936596218,0.174638487208009,0.92,0.99,-0.252003201238063,0.35987270633647,0.49,999,100,"shared","18","dream_quint"
0.869621903520209,0.885844748858447,0.741111111111111,0.862222222222222,1,1,-0.156555503762725,0.235777003045959,NA,1000,100,"shared","18","seurat_blind"
0.868247694334651,0.88558352402746,0.732222222222222,0.86,1,1,-0.156555503762725,0.235777003045959,NA,1000,100,"shared","18","seurat_napari"
0.868247694334651,0.88558352402746,0.732222222222222,0.86,1,1,-0.156555503762725,0.235777003045959,NA,1000,100,"shared","18","seurat_quint"
0.865951742627346,0.883855981416957,0.717777777777778,0.845555555555556,1,1,-0.156555503762725,0.235777003045959,NA,1000,100,"shared","18","wilcoxon"
0.2,0.49238578680203,0.0278706800445931,0.108138238573021,1,1,-0.0906818630862681,0.198465282842459,0.86,997,100,"shared","18","deseq2_pb"
0.330985915492958,0.559471365638767,0.0522222222222222,0.141111111111111,0.95,1,-0.21006651816831,0.364439865986405,0.58,1000,100,"shared","19","dream_blind"
0.303703703703704,0.552036199095023,0.0456570155902004,0.135857461024499,0.94949494949495,1,-0.210601708790393,0.364807394254275,0.565656565656566,997,99,"shared","19","dream_napari"
0.303703703703704,0.552036199095023,0.0456570155902004,0.135857461024499,0.94949494949495,1,-0.210601708790393,0.364807394254275,0.565656565656566,997,99,"shared","19","dream_quint"
0.872422680412371,0.889261744966443,0.752222222222222,0.883333333333333,0.99,0.99,-0.107977600450394,0.198806630409132,NA,1000,100,"shared","19","seurat_blind"
0.872422680412371,0.888638920134983,0.752222222222222,0.877777777777778,0.99,0.99,-0.107977600450394,0.198806630409132,NA,1000,100,"shared","19","seurat_napari"
0.872422680412371,0.888638920134983,0.752222222222222,0.877777777777778,0.99,0.99,-0.107977600450394,0.198806630409132,NA,1000,100,"shared","19","seurat_quint"
0.872892347600519,0.88659793814433,0.747777777777778,0.86,0.98,0.99,-0.107977600450394,0.198806630409132,NA,1000,100,"shared","19","wilcoxon"
0.147826086956522,0.492307692307692,0.0189098998887653,0.10678531701891,0.98,0.99,-0.0385970778117081,0.206006722594573,0.88,999,100,"shared","19","deseq2_pb"
0.36231884057971,0.578260869565217,0.0555555555555556,0.147777777777778,0.88,0.97,-0.250504975773494,0.393809409901444,0.55,1000,100,"shared","2","dream_blind"
0.335820895522388,0.581896551724138,0.05,0.15,0.89,0.97,-0.255447698848324,0.394604011825249,0.54,1000,100,"shared","2","dream_napari"
0.335820895522388,0.581896551724138,0.05,0.15,0.89,0.97,-0.255447698848324,0.394604011825249,0.54,1000,100,"shared","2","dream_quint"
0.869109947643979,0.885974914481186,0.737777777777778,0.863333333333333,1,1,-0.113424680169133,0.205818879041883,NA,1000,100,"shared","2","seurat_blind"
0.871299871299871,0.887005649717514,0.752222222222222,0.872222222222222,1,1,-0.113424680169133,0.205818879041883,NA,1000,100,"shared","2","seurat_napari"
0.871299871299871,0.887005649717514,0.752222222222222,0.872222222222222,1,1,-0.113424680169133,0.205818879041883,NA,1000,100,"shared","2","seurat_quint"
0.867899603698811,0.884259259259259,0.73,0.848888888888889,1,1,-0.113424680169133,0.205818879041883,NA,1000,100,"shared","2","wilcoxon"
0.27007299270073,0.473684210526316,0.0411111111111111,0.1,1,1,-0.080283982563836,0.191333283078589,0.82,1000,100,"shared","2","deseq2_pb"
0.393103448275862,0.619433198380567,0.0633333333333333,0.17,0.88,0.94,-0.246197481244102,0.423422046308466,0.56,1000,100,"shared","20","dream_blind"
0.430379746835443,0.619433198380567,0.0755555555555556,0.17,0.9,0.94,-0.253321179287737,0.425615172217191,0.54,1000,100,"shared","20","dream_napari"
0.430379746835443,0.619433198380567,0.0755555555555556,0.17,0.9,0.94,-0.253321179287737,0.425615172217191,0.54,1000,100,"shared","20","dream_quint"
0.871052631578947,0.886986301369863,0.735555555555556,0.863333333333333,0.98,0.99,-0.0528696175756964,0.191368531582685,NA,1000,100,"shared","20","seurat_blind"
0.872062663185379,0.886467889908257,0.742222222222222,0.858888888888889,0.98,0.99,-0.0528696175756964,0.191368531582685,NA,1000,100,"shared","20","seurat_napari"
0.872062663185379,0.886467889908257,0.742222222222222,0.858888888888889,0.98,0.99,-0.0528696175756964,0.191368531582685,NA,1000,100,"shared","20","seurat_quint"
0.869798657718121,0.886075949367089,0.72,0.855555555555556,0.97,0.99,-0.0528696175756964,0.191368531582685,NA,1000,100,"shared","20","wilcoxon"
0.208,0.507462686567164,0.0288888888888889,0.113333333333333,0.99,0.99,-0.0284867142074649,0.178009595231847,0.9,1000,100,"shared","20","deseq2_pb"
0.416666666666667,0.598360655737705,0.0722222222222222,0.162222222222222,0.91,0.98,-0.201594856462717,0.356726812062488,0.49,1000,100,"shared","21","dream_blind"
0.407894736842105,0.59504132231405,0.0688888888888889,0.16,0.9,0.98,-0.209868599635921,0.359964120361971,0.5,1000,100,"shared","21","dream_napari"
0.407894736842105,0.59504132231405,0.0688888888888889,0.16,0.9,0.98,-0.209868599635921,0.359964120361971,0.5,1000,100,"shared","21","dream_quint"
0.875471698113208,0.888009049773756,0.773333333333333,0.872222222222222,0.99,0.99,-0.135901966146224,0.244393072089889,NA,1000,100,"shared","21","seurat_blind"
0.87420584498094,0.888387824126268,0.764444444444444,0.875555555555556,0.99,0.99,-0.135901966146224,0.244393072089889,NA,1000,100,"shared","21","seurat_napari"
0.87420584498094,0.888387824126268,0.764444444444444,0.875555555555556,0.99,0.99,-0.135901966146224,0.244393072089889,NA,1000,100,"shared","21","seurat_quint"
0.870925684485007,0.88594470046083,0.742222222222222,0.854444444444444,0.99,0.99,-0.135901966146224,0.244393072089889,NA,1000,100,"shared","21","wilcoxon"
0.220472440944882,0.473404255319149,0.0311111111111111,0.0988888888888889,0.99,0.99,-0.0730125811137108,0.214868855617239,0.86,1000,100,"shared","21","deseq2_pb"
0.357664233576642,0.56221198156682,0.0544444444444444,0.135555555555556,0.88,0.95,-0.210525681820748,0.373367555193144,0.59,1000,100,"shared","22","dream_blind"
0.356060606060606,0.575892857142857,0.0522222222222222,0.143333333333333,0.85,0.95,-0.218354034697228,0.374200117495515,0.59,1000,100,"shared","22","dream_napari"
0.356060606060606,0.575892857142857,0.0522222222222222,0.143333333333333,0.85,0.95,-0.218354034697228,0.374200117495515,0.59,1000,100,"shared","22","dream_quint"
0.878824969400245,0.891089108910891,0.797777777777778,0.9,0.99,0.99,-0.143165363656645,0.232716715512442,NA,1000,100,"shared","22","seurat_blind"
0.880145278450363,0.892624728850325,0.807777777777778,0.914444444444444,0.99,0.99,-0.143165363656645,0.232716715512442,NA,1000,100,"shared","22","seurat_napari"
0.880145278450363,0.892624728850325,0.807777777777778,0.914444444444444,0.99,0.99,-0.143165363656645,0.232716715512442,NA,1000,100,"shared","22","seurat_quint"
0.874524714828897,0.889508928571429,0.766666666666667,0.885555555555556,0.99,0.99,-0.143165363656645,0.232716715512442,NA,1000,100,"shared","22","wilcoxon"
0.214285714285714,0.473404255319149,0.03,0.0988888888888889,0.99,0.99,-0.0635495462232862,0.193814181904763,0.84,1000,100,"shared","22","deseq2_pb"
0.217391304347826,0.51980198019802,0.0277777777777778,0.116666666666667,0.9,0.97,-0.249122394238259,0.380890851266382,0.47,1000,100,"shared","23","dream_blind"
0.224137931034483,0.517241379310345,0.0288888888888889,0.116666666666667,0.9,0.98,-0.258573206746779,0.383254243620686,0.43,1000,100,"shared","23","dream_napari"
0.224137931034483,0.517241379310345,0.0288888888888889,0.116666666666667,0.9,0.98,-0.258573206746779,0.383254243620686,0.43,1000,100,"shared","23","dream_quint"
0.87468671679198,0.888888888888889,0.775555555555556,0.888888888888889,1,1,-0.163772390653211,0.246445278783229,NA,1000,100,"shared","23","seurat_blind"
0.875,0.888517279821628,0.777777777777778,0.885555555555556,1,1,-0.163772390653211,0.246445278783229,NA,1000,100,"shared","23","seurat_napari"
0.875,0.888517279821628,0.777777777777778,0.885555555555556,1,1,-0.163772390653211,0.246445278783229,NA,1000,100,"shared","23","seurat_quint"
0.871134020618557,0.88545246277205,0.751111111111111,0.858888888888889,1,1,-0.163772390653211,0.246445278783229,NA,1000,100,"shared","23","wilcoxon"
0.0909090909090909,0.479166666666667,0.0111358574610245,0.102449888641425,1,1,-0.0926537309689014,0.205025007396467,0.8,998,100,"shared","23","deseq2_pb"
0.229357798165138,0.529126213592233,0.0277777777777778,0.121111111111111,0.84,0.97,-0.237242930717796,0.392988178293867,0.54,1000,100,"shared","24","dream_blind"
0.220183486238532,0.526829268292683,0.0266666666666667,0.12,0.85,0.97,-0.242928946120418,0.394290707801431,0.51,1000,100,"shared","24","dream_napari"
0.220183486238532,0.526829268292683,0.0266666666666667,0.12,0.85,0.97,-0.242928946120418,0.394290707801431,0.51,1000,100,"shared","24","dream_quint"
0.864130434782609,0.884125144843569,0.706666666666667,0.847777777777778,1,1,-0.0233120426748189,0.175089351372883,NA,1000,100,"shared","24","seurat_blind"
0.862825788751715,0.884125144843569,0.698888888888889,0.847777777777778,1,1,-0.0233120426748189,0.175089351372883,NA,1000,100,"shared","24","seurat_napari"
0.862825788751715,0.884125144843569,0.698888888888889,0.847777777777778,1,1,-0.0233120426748189,0.175089351372883,NA,1000,100,"shared","24","seurat_quint"
0.861111111111111,0.884259259259259,0.688888888888889,0.848888888888889,1,1,-0.0233120426748189,0.175089351372883,NA,1000,100,"shared","24","wilcoxon"
0.159663865546218,0.468085106382979,0.0211581291759465,0.0979955456570156,1,1,-0.0385378947933445,0.182063548120599,0.9,998,100,"shared","24","deseq2_pb"
0.409395973154362,0.566371681415929,0.0677777777777778,0.142222222222222,0.88,0.98,-0.230371024857039,0.352527119906962,0.54,1000,100,"shared","25","dream_blind"
0.388888888888889,0.561946902654867,0.0622222222222222,0.141111111111111,0.88,0.99,-0.243873319556786,0.357842274345724,0.52,1000,100,"shared","25","dream_napari"
0.388888888888889,0.561946902654867,0.0622222222222222,0.141111111111111,0.88,0.99,-0.243873319556786,0.357842274345724,0.52,1000,100,"shared","25","dream_quint"
0.872727272727273,0.886363636363636,0.746666666666667,0.866666666666667,0.98,1,-0.113776005501654,0.214479258122755,NA,1000,100,"shared","25","seurat_blind"
0.873056994818653,0.884792626728111,0.748888888888889,0.853333333333333,0.98,1,-0.113776005501654,0.214479258122755,NA,1000,100,"shared","25","seurat_napari"
0.873056994818653,0.884792626728111,0.748888888888889,0.853333333333333,0.98,1,-0.113776005501654,0.214479258122755,NA,1000,100,"shared","25","seurat_quint"
0.872062663185379,0.88545246277205,0.742222222222222,0.858888888888889,0.98,1,-0.113776005501654,0.214479258122755,NA,1000,100,"shared","25","wilcoxon"
0.146551724137931,0.438202247191011,0.0188888888888889,0.0866666666666667,0.99,1,-0.072543713745521,0.194469049468935,0.88,1000,100,"shared","25","deseq2_pb"
0.384105960264901,0.584415584415584,0.0644444444444444,0.15,0.93,0.96,-0.197191037958322,0.315675968962032,0.64,1000,100,"shared","26","dream_blind"
0.384105960264901,0.567567567567568,0.0644444444444444,0.14,0.93,0.96,-0.204522229292618,0.316994444959857,0.63,1000,100,"shared","26","dream_napari"
0.384105960264901,0.567567567567568,0.0644444444444444,0.14,0.93,0.96,-0.204522229292618,0.316994444959857,0.63,1000,100,"shared","26","dream_quint"
0.870925684485007,0.885189437428243,0.742222222222222,0.856666666666667,0.99,1,-0.0808668545639662,0.191081147950244,NA,1000,100,"shared","26","seurat_blind"
0.871761658031088,0.886492622020431,0.747777777777778,0.867777777777778,0.99,1,-0.0808668545639662,0.191081147950244,NA,1000,100,"shared","26","seurat_napari"
0.871761658031088,0.886492622020431,0.747777777777778,0.867777777777778,0.99,1,-0.0808668545639662,0.191081147950244,NA,1000,100,"shared","26","seurat_quint"
0.868700265251989,0.884659746251442,0.727777777777778,0.852222222222222,0.99,1,-0.0808668545639662,0.191081147950244,NA,1000,100,"shared","26","wilcoxon"
0.175,0.456521739130435,0.0233333333333333,0.0933333333333333,0.99,1,-0.0678694166244642,0.184630868018324,0.9,1000,100,"shared","26","deseq2_pb"
0.345323741007194,0.592436974789916,0.0533333333333333,0.156666666666667,0.91,0.97,-0.200634863570837,0.35559971208499,0.58,1000,100,"shared","27","dream_blind"
0.335766423357664,0.586206896551724,0.0511111111111111,0.151111111111111,0.91,0.96,-0.204592179215603,0.356185137100002,0.58,1000,100,"shared","27","dream_napari"
0.335766423357664,0.586206896551724,0.0511111111111111,0.151111111111111,0.91,0.96,-0.204592179215603,0.356185137100002,0.58,1000,100,"shared","27","dream_quint"
0.871261378413524,0.887627695800227,0.744444444444444,0.868888888888889,0.99,0.99,-0.0826612445579285,0.18017376287368,NA,1000,100,"shared","27","seurat_blind"
0.872093023255814,0.886234357224118,0.75,0.865555555555556,0.99,1,-0.0826612445579285,0.18017376287368,NA,1000,100,"shared","27","seurat_napari"
0.872093023255814,0.886234357224118,0.75,0.865555555555556,0.99,1,-0.0826612445579285,0.18017376287368,NA,1000,100,"shared","27","seurat_quint"
0.867292225201072,0.885549132947977,0.718888888888889,0.851111111111111,0.99,0.99,-0.0826612445579285,0.18017376287368,NA,1000,100,"shared","27","wilcoxon"
0.195121951219512,0.462365591397849,0.0267260579064588,0.0957683741648107,0.99,1,-0.0271240941824283,0.159823019715873,0.91,998,100,"shared","27","deseq2_pb"
0.306569343065693,0.537037037037037,0.0466666666666667,0.128888888888889,0.95,1,-0.232528030788306,0.366711782749469,0.56,1000,100,"shared","28","dream_blind"
0.287878787878788,0.537037037037037,0.0422222222222222,0.128888888888889,0.94,1,-0.242034605858437,0.370439475361292,0.54,1000,100,"shared","28","dream_napari"
0.287878787878788,0.537037037037037,0.0422222222222222,0.128888888888889,0.94,1,-0.242034605858437,0.370439475361292,0.54,1000,100,"shared","28","dream_quint"
0.860724233983287,0.884792626728111,0.686666666666667,0.853333333333333,1,1,-0.0623202640186966,0.172236794817212,NA,1000,100,"shared","28","seurat_blind"
0.863760217983651,0.884792626728111,0.704444444444444,0.853333333333333,1,1,-0.0623202640186966,0.172236794817212,NA,1000,100,"shared","28","seurat_napari"
0.863760217983651,0.884792626728111,0.704444444444444,0.853333333333333,1,1,-0.0623202640186966,0.172236794817212,NA,1000,100,"shared","28","seurat_quint"
0.86130374479889,0.883449883449883,0.69,0.842222222222222,1,1,-0.0623202640186966,0.172236794817212,NA,1000,100,"shared","28","wilcoxon"
0.159663865546218,0.441340782122905,0.0211111111111111,0.0877777777777778,1,1,-0.0927209479056868,0.186400131488798,0.86,1000,100,"shared","28","deseq2_pb"
0.450867052023121,0.6171875,0.0867630700778643,0.175750834260289,0.95,0.98,-0.145659612372498,0.303974659348049,0.67,999,100,"shared","29","dream_blind"
0.454022988505747,0.614173228346457,0.0878754171301446,0.173526140155729,0.95,0.98,-0.150687097154761,0.304428199699192,0.67,999,100,"shared","29","dream_napari"
0.454022988505747,0.614173228346457,0.0878754171301446,0.173526140155729,0.95,0.98,-0.150687097154761,0.304428199699192,0.67,999,100,"shared","29","dream_quint"
0.863945578231292,0.882075471698113,0.705555555555556,0.831111111111111,1,1,-0.0172843013999886,0.180948764418202,NA,1000,100,"shared","29","seurat_blind"
0.86449864498645,0.881376037959668,0.708888888888889,0.825555555555556,1,1,-0.0172843013999886,0.180948764418202,NA,1000,100,"shared","29","seurat_napari"
0.86449864498645,0.881376037959668,0.708888888888889,0.825555555555556,1,1,-0.0172843013999886,0.180948764418202,NA,1000,100,"shared","29","seurat_quint"
0.86013986013986,0.879372738238842,0.683333333333333,0.81,1,1,-0.0172843013999886,0.180948764418202,NA,1000,100,"shared","29","wilcoxon"
0.224806201550388,0.5260663507109,0.032329988851728,0.123745819397993,1,1,-0.0185126872948388,0.181127682213956,0.86,997,100,"shared","29","deseq2_pb"
0.36231884057971,0.569506726457399,0.0555555555555556,0.141111111111111,0.88,0.96,-0.218256487502811,0.379885220396903,0.58,1000,100,"shared","3","dream_blind"
0.366906474820144,0.551401869158878,0.0566666666666667,0.131111111111111,0.88,0.96,-0.218549398500471,0.380163062395053,0.57,1000,100,"shared","3","dream_napari"
0.366906474820144,0.551401869158878,0.0566666666666667,0.131111111111111,0.88,0.96,-0.218549398500471,0.380163062395053,0.57,1000,100,"shared","3","dream_quint"
0.870588235294118,0.884792626728111,0.74,0.853333333333333,0.99,1,-0.0689650574688931,0.193301687946264,NA,1000,100,"shared","3","seurat_blind"
0.871927554980595,0.886234357224118,0.748888888888889,0.865555555555556,0.99,1,-0.0689650574688931,0.193301687946264,NA,1000,100,"shared","3","seurat_napari"
0.871927554980595,0.886234357224118,0.748888888888889,0.865555555555556,0.99,1,-0.0689650574688931,0.193301687946264,NA,1000,100,"shared","3","seurat_quint"
0.867292225201072,0.885321100917431,0.718888888888889,0.857777777777778,0.99,1,-0.0689650574688931,0.193301687946264,NA,1000,100,"shared","3","wilcoxon"
0.195121951219512,0.489795918367347,0.0266666666666667,0.106666666666667,0.99,1,-0.0490445950571008,0.191464762711778,0.85,1000,100,"shared","3","deseq2_pb"
0.397260273972603,0.560538116591928,0.0644444444444444,0.138888888888889,0.88,0.98,-0.21038722368382,0.361953289292459,0.54,1000,100,"shared","30","dream_blind"
0.398648648648649,0.558558558558559,0.0655555555555556,0.137777777777778,0.89,0.98,-0.215448524030086,0.358687730333539,0.55,1000,100,"shared","30","dream_napari"
0.398648648648649,0.558558558558559,0.0655555555555556,0.137777777777778,0.89,0.98,-0.215448524030086,0.358687730333539,0.55,1000,100,"shared","30","dream_quint"
0.867647058823529,0.88545246277205,0.721111111111111,0.858888888888889,0.99,1,-0.150053176598445,0.246808426842457,NA,1000,100,"shared","30","seurat_blind"
0.868525896414343,0.884792626728111,0.726666666666667,0.853333333333333,0.99,1,-0.150053176598445,0.246808426842457,NA,1000,100,"shared","30","seurat_napari"
0.868525896414343,0.884792626728111,0.726666666666667,0.853333333333333,0.99,1,-0.150053176598445,0.246808426842457,NA,1000,100,"shared","30","seurat_quint"
0.863259668508287,0.880668257756563,0.694444444444444,0.82,0.99,1,-0.150053176598445,0.246808426842457,NA,1000,100,"shared","30","wilcoxon"
0.109090909090909,0.421965317919075,0.0133630289532294,0.0812917594654788,0.98,1,-0.0907782794479051,0.215819893864231,0.83,998,100,"shared","30","deseq2_pb"
0.204918032786885,0.543778801843318,0.0277777777777778,0.131111111111111,0.97,0.99,-0.202083240131155,0.336035314540608,0.62,1000,100,"shared","31","dream_blind"
0.198347107438017,0.528571428571429,0.0266666666666667,0.123333333333333,0.97,0.99,-0.200351023661835,0.334045080679284,0.61,1000,100,"shared","31","dream_napari"
0.198347107438017,0.528571428571429,0.0266666666666667,0.123333333333333,0.97,0.99,-0.200351023661835,0.334045080679284,0.61,1000,100,"shared","31","dream_quint"
0.869281045751634,0.886621315192744,0.738888888888889,0.868888888888889,1,1,-0.0957622401214048,0.180253564202791,NA,1000,100,"shared","31","seurat_blind"
0.87029831387808,0.88545246277205,0.745555555555556,0.858888888888889,1,1,-0.0957622401214048,0.180253564202791,NA,1000,100,"shared","31","seurat_napari"
0.87029831387808,0.88545246277205,0.745555555555556,0.858888888888889,1,1,-0.0957622401214048,0.180253564202791,NA,1000,100,"shared","31","seurat_quint"
0.863387978142076,0.883990719257541,0.702222222222222,0.846666666666667,1,1,-0.0957622401214048,0.180253564202791,NA,1000,100,"shared","31","wilcoxon"
0.159663865546218,0.473684210526316,0.0211111111111111,0.1,1,1,-0.055877973972246,0.162894343227565,0.9,1000,100,"shared","31","deseq2_pb"
0.325396825396825,0.541062801932367,0.0455555555555556,0.124444444444444,0.85,0.95,-0.23192472097812,0.378464825046355,0.55,1000,100,"shared","32","dream_blind"
0.333333333333333,0.536585365853659,0.0477777777777778,0.122222222222222,0.86,0.95,-0.229073531652387,0.375230659771392,0.56,1000,100,"shared","32","dream_napari"
0.333333333333333,0.536585365853659,0.0477777777777778,0.122222222222222,0.86,0.95,-0.229073531652387,0.375230659771392,0.56,1000,100,"shared","32","dream_quint"
0.875156054931336,0.888017917133259,0.778888888888889,0.881111111111111,1,1,-0.139805083629597,0.234433957330591,NA,1000,100,"shared","32","seurat_blind"
0.876084262701363,0.888392857142857,0.785555555555556,0.884444444444444,1,1,-0.139805083629597,0.234433957330591,NA,1000,100,"shared","32","seurat_napari"
0.876084262701363,0.888392857142857,0.785555555555556,0.884444444444444,1,1,-0.139805083629597,0.234433957330591,NA,1000,100,"shared","32","seurat_quint"
0.874045801526718,0.887260428410372,0.763333333333333,0.874444444444444,0.99,1,-0.139805083629597,0.234433957330591,NA,1000,100,"shared","32","wilcoxon"
0.193548387096774,0.444444444444444,0.0266666666666667,0.0888888888888889,1,1,-0.0648412339069382,0.200106320783663,0.86,1000,100,"shared","32","deseq2_pb"
0.256,0.526315789473684,0.0355555555555556,0.122222222222222,0.93,0.99,-0.231873291791988,0.3742732932979,0.52,1000,100,"shared","33","dream_blind"
0.225,0.507462686567164,0.03,0.113333333333333,0.93,0.99,-0.237310492437358,0.376060035953715,0.5,1000,100,"shared","33","dream_napari"
0.225,0.507462686567164,0.03,0.113333333333333,0.93,0.99,-0.237310492437358,0.376060035953715,0.5,1000,100,"shared","33","dream_quint"
0.8715953307393,0.8875,0.746666666666667,0.867777777777778,0.99,0.99,-0.0739956540830407,0.285973895119558,NA,1000,100,"shared","33","seurat_blind"
0.871428571428571,0.884792626728111,0.745555555555556,0.853333333333333,0.99,1,-0.0739956540830407,0.285973895119558,NA,1000,100,"shared","33","seurat_napari"
0.871428571428571,0.884792626728111,0.745555555555556,0.853333333333333,0.99,1,-0.0739956540830407,0.285973895119558,NA,1000,100,"shared","33","seurat_quint"
0.869220607661823,0.885017421602787,0.731111111111111,0.846666666666667,0.99,0.99,-0.0739956540830407,0.285973895119558,NA,1000,100,"shared","33","wilcoxon"
0.195121951219512,0.456043956043956,0.0266666666666667,0.0922222222222222,0.99,0.99,-0.0724970372962997,0.37631809075645,0.88,1000,100,"shared","33","deseq2_pb"
0.297709923664122,0.588983050847458,0.0433333333333333,0.154444444444444,0.92,0.97,-0.225871535948764,0.366340409838064,0.54,1000,100,"shared","34","dream_blind"
0.272,0.583690987124464,0.0378619153674833,0.151447661469933,0.91,0.97,-0.223254741094817,0.363915582054563,0.54,998,100,"shared","34","dream_napari"
0.272,0.583690987124464,0.0378619153674833,0.151447661469933,0.91,0.97,-0.223254741094817,0.363915582054563,0.54,998,100,"shared","34","dream_quint"
0.875,0.887892376681614,0.777777777777778,0.88,1,1,-0.11381394364163,0.210469343513222,NA,1000,100,"shared","34","seurat_blind"
0.875156054931336,0.887640449438202,0.778888888888889,0.877777777777778,1,1,-0.11381394364163,0.210469343513222,NA,1000,100,"shared","34","seurat_napari"
0.875156054931336,0.887640449438202,0.778888888888889,0.877777777777778,1,1,-0.11381394364163,0.210469343513222,NA,1000,100,"shared","34","seurat_quint"
0.87515762925599,0.886363636363636,0.771111111111111,0.866666666666667,0.99,1,-0.11381394364163,0.210469343513222,NA,1000,100,"shared","34","wilcoxon"
0.193548387096774,0.481865284974093,0.0266963292547275,0.103448275862069,1,1,-0.0558350862546852,0.187047184677894,0.86,999,100,"shared","34","deseq2_pb"
0.323741007194245,0.569565217391304,0.05,0.145555555555556,0.94,0.99,-0.184774747199478,0.318796481796818,0.59,1000,100,"shared","35","dream_blind"
0.303703703703704,0.567685589519651,0.0455555555555556,0.144444444444444,0.94,0.99,-0.191098159122653,0.319395347694151,0.59,1000,100,"shared","35","dream_napari"
0.303703703703704,0.567685589519651,0.0455555555555556,0.144444444444444,0.94,0.99,-0.191098159122653,0.319395347694151,0.59,1000,100,"shared","35","dream_quint"
0.871261378413524,0.887766554433221,0.744444444444444,0.878888888888889,0.99,1,-0.0980296600105862,0.18968105017324,NA,1000,100,"shared","35","seurat_blind"
0.874365482233503,0.888392857142857,0.765555555555556,0.884444444444444,0.99,1,-0.0980296600105862,0.18968105017324,NA,1000,100,"shared","35","seurat_napari"
0.874365482233503,0.888392857142857,0.765555555555556,0.884444444444444,0.99,1,-0.0980296600105862,0.18968105017324,NA,1000,100,"shared","35","seurat_quint"
0.870249017038008,0.886749716874292,0.737777777777778,0.87,0.99,1,-0.0980296600105862,0.18968105017324,NA,1000,100,"shared","35","wilcoxon"
0.188524590163934,0.489795918367347,0.0255555555555556,0.106666666666667,0.99,1,-0.0105347610266351,0.387317175959967,0.93,1000,100,"shared","35","deseq2_pb"
0.467455621301775,0.609756097560976,0.0878754171301446,0.166852057842047,0.9,0.96,-0.18076598634342,0.324190314788042,0.63,999,100,"shared","36","dream_blind"
0.441717791411043,0.611336032388664,0.0800889877641824,0.167964404894327,0.91,0.96,-0.187937444266783,0.323428229548145,0.63,999,100,"shared","36","dream_napari"
0.441717791411043,0.611336032388664,0.0800889877641824,0.167964404894327,0.91,0.96,-0.187937444266783,0.323428229548145,0.63,999,100,"shared","36","dream_quint"
0.878345498783455,0.888517279821628,0.802222222222222,0.885555555555556,1,1,-0.141520272855749,0.239936240877107,NA,1000,100,"shared","36","seurat_blind"
0.878197320341047,0.889502762430939,0.801111111111111,0.894444444444444,1,1,-0.141520272855749,0.239936240877107,NA,1000,100,"shared","36","seurat_napari"
0.878197320341047,0.889502762430939,0.801111111111111,0.894444444444444,1,1,-0.141520272855749,0.239936240877107,NA,1000,100,"shared","36","seurat_quint"
0.874843554443054,0.887387387387387,0.776666666666667,0.875555555555556,1,1,-0.141520272855749,0.239936240877107,NA,1000,100,"shared","36","wilcoxon"
0.137931034482759,0.444444444444444,0.017797552836485,0.0889877641824249,1,1,-0.0359810552474272,0.196223070552615,0.81,999,100,"shared","36","deseq2_pb"
0.397350993377483,0.56,0.0666666666666667,0.14,0.91,0.99,-0.221770600106521,0.367217923950944,0.51,1000,100,"shared","37","dream_blind"
0.397350993377483,0.569565217391304,0.0666666666666667,0.145555555555556,0.91,0.99,-0.230823077154449,0.368244894730487,0.48,1000,100,"shared","37","dream_napari"
0.397350993377483,0.569565217391304,0.0666666666666667,0.145555555555556,0.91,0.99,-0.230823077154449,0.368244894730487,0.48,1000,100,"shared","37","dream_quint"
0.879951980792317,0.891540130151844,0.814444444444444,0.913333333333333,1,1,-0.175054824706962,0.244491832041316,NA,1000,100,"shared","37","seurat_blind"
0.882142857142857,0.892241379310345,0.823333333333333,0.92,0.99,1,-0.175054824706962,0.244491832041316,NA,1000,100,"shared","37","seurat_napari"
0.882142857142857,0.892241379310345,0.823333333333333,0.92,0.99,1,-0.175054824706962,0.244491832041316,NA,1000,100,"shared","37","seurat_quint"
0.87515762925599,0.889867841409692,0.771111111111111,0.897777777777778,0.99,1,-0.175054824706962,0.244491832041316,NA,1000,100,"shared","37","wilcoxon"
0.166666666666667,0.450549450549451,0.0222222222222222,0.0911111111111111,1,1,-0.0450019229893823,0.17725011840773,0.87,1000,100,"shared","37","deseq2_pb"
0.404109589041096,0.608333333333333,0.0656284760845384,0.162402669632925,0.87,0.94,-0.265405531223391,0.446573939960816,0.58,999,100,"shared","38","dream_blind"
0.408163265306122,0.609958506224066,0.0667408231368187,0.163515016685206,0.87,0.94,-0.276263136140385,0.449157257529577,0.57,999,100,"shared","38","dream_napari"
0.408163265306122,0.609958506224066,0.0667408231368187,0.163515016685206,0.87,0.94,-0.276263136140385,0.449157257529577,0.57,999,100,"shared","38","dream_quint"
0.869565217391304,0.8875,0.733333333333333,0.867777777777778,0.99,0.99,-0.0949326688494733,0.207818254425738,NA,1000,100,"shared","38","seurat_blind"
0.869393139841689,0.885549132947977,0.732222222222222,0.851111111111111,0.99,0.99,-0.0949326688494733,0.207818254425738,NA,1000,100,"shared","38","seurat_napari"
0.869393139841689,0.885549132947977,0.732222222222222,0.851111111111111,0.99,0.99,-0.0949326688494733,0.207818254425738,NA,1000,100,"shared","38","seurat_quint"
0.866576819407008,0.885416666666667,0.714444444444444,0.85,0.99,0.99,-0.0949326688494733,0.207818254425738,NA,1000,100,"shared","38","wilcoxon"
0.168067226890756,0.459016393442623,0.0223214285714286,0.09375,0.99,0.99,-0.0518222299297198,0.193914425843621,0.87,996,100,"shared","38","deseq2_pb"
0.30327868852459,0.565610859728507,0.0411111111111111,0.138888888888889,0.85,0.96,-0.238355426217511,0.38531172786845,0.59,1000,100,"shared","39","dream_blind"
0.277310924369748,0.547169811320755,0.0366666666666667,0.128888888888889,0.86,0.96,-0.245076766453036,0.386886317015875,0.57,1000,100,"shared","39","dream_napari"
0.277310924369748,0.547169811320755,0.0366666666666667,0.128888888888889,0.86,0.96,-0.245076766453036,0.386886317015875,0.57,1000,100,"shared","39","dream_quint"
0.874045801526718,0.887115165336374,0.763333333333333,0.864444444444444,0.99,0.99,-0.158502809992399,0.245843358322557,NA,1000,100,"shared","39","seurat_blind"
0.873076923076923,0.888261851015801,0.756666666666667,0.874444444444444,0.99,0.99,-0.158502809992399,0.245843358322557,NA,1000,100,"shared","39","seurat_napari"
0.873076923076923,0.888261851015801,0.756666666666667,0.874444444444444,0.99,0.99,-0.158502809992399,0.245843358322557,NA,1000,100,"shared","39","seurat_quint"
0.866576819407008,0.88594470046083,0.714444444444444,0.854444444444444,0.99,0.99,-0.158502809992399,0.245843358322557,NA,1000,100,"shared","39","wilcoxon"
0.131578947368421,0.427745664739884,0.0166852057842047,0.082313681868743,0.99,0.99,-0.0793924501358298,0.191647607869924,0.86,999,100,"shared","39","deseq2_pb"
0.243697478991597,0.549763033175355,0.0322222222222222,0.128888888888889,0.9,0.95,-0.219486822712657,0.353124239966786,0.61,1000,100,"shared","4","dream_blind"
0.272,0.549763033175355,0.0377777777777778,0.128888888888889,0.91,0.95,-0.225510874953751,0.354516021431785,0.61,1000,100,"shared","4","dream_napari"
0.272,0.549763033175355,0.0377777777777778,0.128888888888889,0.91,0.95,-0.225510874953751,0.354516021431785,0.61,1000,100,"shared","4","dream_quint"
0.87420584498094,0.887005649717514,0.764444444444444,0.872222222222222,0.99,1,-0.139395707901163,0.235021403159704,NA,1000,100,"shared","4","seurat_blind"
0.875471698113208,0.884792626728111,0.773333333333333,0.853333333333333,0.99,1,-0.139395707901163,0.235021403159704,NA,1000,100,"shared","4","seurat_napari"
0.875471698113208,0.884792626728111,0.773333333333333,0.853333333333333,0.99,1,-0.139395707901163,0.235021403159704,NA,1000,100,"shared","4","seurat_quint"
0.869736842105263,0.885714285714286,0.734444444444444,0.861111111111111,0.99,1,-0.139395707901163,0.235021403159704,NA,1000,100,"shared","4","wilcoxon"
0.0833333333333333,0.468085106382979,0.01,0.0977777777777778,0.99,1,-0.0627266014790423,0.200975665846515,0.83,1000,100,"shared","4","deseq2_pb"
0.415584415584416,0.597560975609756,0.0711111111111111,0.163333333333333,0.9,0.99,-0.229651066605816,0.405847833138962,0.59,1000,100,"shared","40","dream_blind"
0.407894736842105,0.597560975609756,0.0688888888888889,0.163333333333333,0.9,0.99,-0.239296204492825,0.408379305911705,0.57,1000,100,"shared","40","dream_napari"
0.407894736842105,0.597560975609756,0.0688888888888889,0.163333333333333,0.9,0.99,-0.239296204492825,0.408379305911705,0.57,1000,100,"shared","40","dream_quint"
0.87708066581306,0.888888888888889,0.761111111111111,0.88,0.96,0.99,-0.0913177285487541,0.271660102594744,NA,1000,100,"shared","40","seurat_blind"
0.876129032258064,0.8875,0.754444444444444,0.867777777777778,0.96,0.99,-0.0913177285487541,0.271660102594744,NA,1000,100,"shared","40","seurat_napari"
0.876129032258064,0.8875,0.754444444444444,0.867777777777778,0.96,0.99,-0.0913177285487541,0.271660102594744,NA,1000,100,"shared","40","seurat_quint"
0.870967741935484,0.884210526315789,0.72,0.84,0.96,0.99,-0.0913177285487541,0.271660102594744,NA,1000,100,"shared","40","wilcoxon"
0.135135135135135,0.446927374301676,0.0166666666666667,0.0888888888888889,0.96969696969697,1,-0.00574497436720062,0.322287376360711,0.848484848484849,999,99,"shared","40","deseq2_pb"
0.460674157303371,0.618320610687023,0.0911111111111111,0.18,0.96,1,-0.189862428950148,0.346988691828359,0.59,1000,100,"shared","41","dream_blind"
0.457627118644068,0.607843137254902,0.09,0.172222222222222,0.96,1,-0.202381035614392,0.351109572922503,0.55,1000,100,"shared","41","dream_napari"
0.457627118644068,0.607843137254902,0.09,0.172222222222222,0.96,1,-0.202381035614392,0.351109572922503,0.55,1000,100,"shared","41","dream_quint"
0.871428571428571,0.88558352402746,0.745555555555556,0.86,0.99,1,-0.0470028049526238,0.182938076457739,NA,1000,100,"shared","41","seurat_blind"
0.871927554980595,0.886492622020431,0.748888888888889,0.867777777777778,0.99,1,-0.0470028049526238,0.182938076457739,NA,1000,100,"shared","41","seurat_napari"
0.871927554980595,0.886492622020431,0.748888888888889,0.867777777777778,0.99,1,-0.0470028049526238,0.182938076457739,NA,1000,100,"shared","41","seurat_quint"
0.866131191432396,0.885189437428243,0.718888888888889,0.856666666666667,1,1,-0.0470028049526238,0.182938076457739,NA,1000,100,"shared","41","wilcoxon"
0.173553719008264,0.441340782122905,0.0233853006681514,0.0879732739420935,1,1,-0.029307502689498,0.17844036626574,0.86,998,100,"shared","41","deseq2_pb"
0.423076923076923,0.613545816733068,0.0733333333333333,0.171111111111111,0.9,0.97,-0.219918451550656,0.378100913820436,0.46,1000,100,"shared","42","dream_blind"
0.411764705882353,0.610441767068273,0.07,0.168888888888889,0.9,0.97,-0.228115596082678,0.38085451474084,0.46,1000,100,"shared","42","dream_napari"
0.411764705882353,0.610441767068273,0.07,0.168888888888889,0.9,0.97,-0.228115596082678,0.38085451474084,0.46,1000,100,"shared","42","dream_quint"
0.868525896414343,0.884792626728111,0.726666666666667,0.853333333333333,0.99,1,-0.0841369191015686,0.20974657690454,NA,1000,100,"shared","42","seurat_blind"
0.868,0.886621315192744,0.723333333333333,0.868888888888889,0.99,1,-0.0841369191015686,0.20974657690454,NA,1000,100,"shared","42","seurat_napari"
0.868,0.886621315192744,0.723333333333333,0.868888888888889,0.99,1,-0.0841369191015686,0.20974657690454,NA,1000,100,"shared","42","seurat_quint"
0.866576819407008,0.88594470046083,0.714444444444444,0.854444444444444,0.99,0.99,-0.0841369191015686,0.20974657690454,NA,1000,100,"shared","42","wilcoxon"
0.181818181818182,0.456521739130435,0.0244444444444444,0.0933333333333333,0.99,1,-0.0416322460262443,0.197915426949442,0.83,1000,100,"shared","42","deseq2_pb"
0.1875,0.492063492063492,0.0233333333333333,0.103333333333333,0.91,0.96,-0.2294343893434,0.37709616817823,0.58,1000,100,"shared","43","dream_blind"
0.206896551724138,0.457627118644068,0.0266666666666667,0.09,0.92,0.96,-0.233990599626815,0.377346462943269,0.54,1000,100,"shared","43","dream_napari"
0.206896551724138,0.457627118644068,0.0266666666666667,0.09,0.92,0.96,-0.233990599626815,0.377346462943269,0.54,1000,100,"shared","43","dream_quint"
0.870249017038008,0.886337543053961,0.737777777777778,0.857777777777778,0.99,0.99,-0.114841244307504,0.216455994630301,NA,1000,100,"shared","43","seurat_blind"
0.869565217391304,0.88659793814433,0.733333333333333,0.86,0.99,0.99,-0.114841244307504,0.216455994630301,NA,1000,100,"shared","43","seurat_napari"
0.869565217391304,0.88659793814433,0.733333333333333,0.86,0.99,0.99,-0.114841244307504,0.216455994630301,NA,1000,100,"shared","43","seurat_quint"
0.866396761133603,0.885017421602787,0.713333333333333,0.846666666666667,0.99,0.99,-0.114841244307504,0.216455994630301,NA,1000,100,"shared","43","wilcoxon"
0.131578947368421,0.403614457831325,0.0166666666666667,0.0744444444444444,0.99,0.99,-0.0507290660659464,0.182633002788579,0.86,1000,100,"shared","43","deseq2_pb"
0.384105960264901,0.568888888888889,0.0645879732739421,0.142538975501114,0.93,0.97,-0.205004569471154,0.349783743350222,0.61,998,100,"shared","44","dream_blind"
0.375838926174497,0.555045871559633,0.0623608017817372,0.134743875278396,0.93,0.97,-0.208377454961526,0.349028313968599,0.61,998,100,"shared","44","dream_napari"
0.375838926174497,0.555045871559633,0.0623608017817372,0.134743875278396,0.93,0.97,-0.208377454961526,0.349028313968599,0.61,998,100,"shared","44","dream_quint"
0.871727748691099,0.886104783599089,0.74,0.864444444444444,0.98,1,-0.123002906719599,0.218796031272874,NA,1000,100,"shared","44","seurat_blind"
0.872062663185379,0.885714285714286,0.742222222222222,0.861111111111111,0.98,1,-0.123002906719599,0.218796031272874,NA,1000,100,"shared","44","seurat_napari"
0.872062663185379,0.885714285714286,0.742222222222222,0.861111111111111,0.98,1,-0.123002906719599,0.218796031272874,NA,1000,100,"shared","44","seurat_quint"
0.869853917662683,0.884749708963911,0.727777777777778,0.844444444444444,0.98,0.99,-0.123002906719599,0.218796031272874,NA,1000,100,"shared","44","wilcoxon"
0.186991869918699,0.507389162561576,0.0256696428571429,0.114955357142857,1,1,-0.0718546695463149,0.193684217358614,0.87,996,100,"shared","44","deseq2_pb"
0.241379310344828,0.546728971962617,0.0311111111111111,0.13,0.88,0.97,-0.217080181178355,0.370082322910801,0.64,1000,100,"shared","45","dream_blind"
0.223214285714286,0.542452830188679,0.0277777777777778,0.127777777777778,0.87,0.97,-0.221618907719299,0.3690165060236,0.64,1000,100,"shared","45","dream_napari"
0.223214285714286,0.542452830188679,0.0277777777777778,0.127777777777778,0.87,0.97,-0.221618907719299,0.3690165060236,0.64,1000,100,"shared","45","dream_quint"
0.86593707250342,0.882352941176471,0.703333333333333,0.833333333333333,0.98,1,-0.0141508614855779,0.157511603006515,NA,1000,100,"shared","45","seurat_blind"
0.86774628879892,0.883313885647608,0.714444444444444,0.841111111111111,0.98,1,-0.0141508614855779,0.157511603006515,NA,1000,100,"shared","45","seurat_napari"
0.86774628879892,0.883313885647608,0.714444444444444,0.841111111111111,0.98,1,-0.0141508614855779,0.157511603006515,NA,1000,100,"shared","45","seurat_quint"
0.864453665283541,0.882766705744431,0.694444444444444,0.836666666666667,0.98,1,-0.0141508614855779,0.157511603006515,NA,1000,100,"shared","45","wilcoxon"
0.159663865546218,0.514563106796116,0.0211111111111111,0.117777777777778,1,1,-0.0464907844736643,0.163812753154224,0.93,1000,100,"shared","45","deseq2_pb"
0.36241610738255,0.571428571428571,0.06,0.146666666666667,0.95,0.99,-0.188577904927558,0.340482409219187,0.55,1000,100,"shared","46","dream_blind"
0.36734693877551,0.569565217391304,0.06,0.145555555555556,0.93,0.99,-0.193645448363427,0.341453807559302,0.53,1000,100,"shared","46","dream_napari"
0.36734693877551,0.569565217391304,0.06,0.145555555555556,0.93,0.99,-0.193645448363427,0.341453807559302,0.53,1000,100,"shared","46","dream_quint"
0.866666666666667,0.882903981264637,0.722222222222222,0.837777777777778,1,1,-0.0453387662817057,0.169427219974264,NA,1000,100,"shared","46","seurat_blind"
0.867021276595745,0.883585564610012,0.724444444444444,0.843333333333333,1,1,-0.0453387662817057,0.169427219974264,NA,1000,100,"shared","46","seurat_napari"
0.867021276595745,0.883585564610012,0.724444444444444,0.843333333333333,1,1,-0.0453387662817057,0.169427219974264,NA,1000,100,"shared","46","seurat_quint"
0.863013698630137,0.884659746251442,0.7,0.852222222222222,1,1,-0.0453387662817057,0.169427219974264,NA,1000,100,"shared","46","wilcoxon"
0.166666666666667,0.453551912568306,0.0222222222222222,0.0922222222222222,1,1,-0.0603434437433312,0.173828774103586,0.88,1000,100,"shared","46","deseq2_pb"
0.214876033057851,0.5,0.0289210233592881,0.111234705228031,0.95,1,-0.224601835765305,0.349675895811974,0.51,999,100,"shared","47","dream_blind"
0.201680672268908,0.481865284974093,0.0266963292547275,0.103448275862069,0.95,1,-0.22677227506671,0.347357435940758,0.5,999,100,"shared","47","dream_napari"
0.201680672268908,0.481865284974093,0.0266963292547275,0.103448275862069,0.95,1,-0.22677227506671,0.347357435940758,0.5,999,100,"shared","47","dream_quint"
0.862448418156809,0.884125144843569,0.696666666666667,0.847777777777778,1,1,-0.0848925791229094,0.203344596657235,NA,1000,100,"shared","47","seurat_blind"
0.861495844875346,0.882491186839013,0.691111111111111,0.834444444444444,1,1,-0.0848925791229094,0.203344596657235,NA,1000,100,"shared","47","seurat_napari"
0.861495844875346,0.882491186839013,0.691111111111111,0.834444444444444,1,1,-0.0848925791229094,0.203344596657235,NA,1000,100,"shared","47","seurat_quint"
0.86013986013986,0.882214369846879,0.683333333333333,0.832222222222222,1,1,-0.0848925791229094,0.203344596657235,NA,1000,100,"shared","47","wilcoxon"
0.152542372881356,0.494949494949495,0.0200445434298441,0.10913140311804,1,1,-0.072979524324325,0.19927996153416,0.83,998,100,"shared","47","deseq2_pb"
0.426829268292683,0.60082304526749,0.0777777777777778,0.162222222222222,0.94,0.97,-0.246684194863552,0.386697637975037,0.56,1000,100,"shared","48","dream_blind"
0.433734939759036,0.602459016393443,0.08,0.163333333333333,0.94,0.97,-0.254128117187963,0.389400789655232,0.55,1000,100,"shared","48","dream_napari"
0.433734939759036,0.602459016393443,0.08,0.163333333333333,0.94,0.97,-0.254128117187963,0.389400789655232,0.55,1000,100,"shared","48","dream_quint"
0.880145278450363,0.890365448504983,0.807777777777778,0.893333333333333,0.99,0.99,-0.151908989111889,0.235164546513072,NA,1000,100,"shared","48","seurat_blind"
0.881067961165049,0.89060773480663,0.806666666666667,0.895555555555556,0.98,0.99,-0.151908989111889,0.235164546513072,NA,1000,100,"shared","48","seurat_napari"
0.881067961165049,0.89060773480663,0.806666666666667,0.895555555555556,0.98,0.99,-0.151908989111889,0.235164546513072,NA,1000,100,"shared","48","seurat_quint"
0.877323420074349,0.889755011135857,0.786666666666667,0.887777777777778,0.99,0.99,-0.151908989111889,0.235164546513072,NA,1000,100,"shared","48","wilcoxon"
0.188524590163934,0.467741935483871,0.0255555555555556,0.0966666666666667,0.99,0.99,-0.0728312874909682,0.198487394452066,0.82,1000,100,"shared","48","deseq2_pb"
0.338028169014085,0.566371681415929,0.0533333333333333,0.142222222222222,0.94,0.98,-0.167455225849462,0.331054939444926,0.62,1000,100,"shared","49","dream_blind"
0.318840579710145,0.564444444444444,0.0488888888888889,0.141111111111111,0.94,0.98,-0.175267338570306,0.330743042467706,0.63,1000,100,"shared","49","dream_napari"
0.318840579710145,0.564444444444444,0.0488888888888889,0.141111111111111,0.94,0.98,-0.175267338570306,0.330743042467706,0.63,1000,100,"shared","49","dream_quint"
0.868456375838926,0.885150812064965,0.718888888888889,0.847777777777778,0.98,0.99,-0.0667928425515051,0.19151288863059,NA,1000,100,"shared","49","seurat_blind"
0.867208672086721,0.884074941451991,0.711111111111111,0.838888888888889,0.98,0.99,-0.0667928425515051,0.19151288863059,NA,1000,100,"shared","49","seurat_napari"
0.867208672086721,0.884074941451991,0.711111111111111,0.838888888888889,0.98,0.99,-0.0667928425515051,0.19151288863059,NA,1000,100,"shared","49","seurat_quint"
0.866302864938608,0.882282996432818,0.705555555555556,0.824444444444444,0.98,0.99,-0.0667928425515051,0.19151288863059,NA,1000,100,"shared","49","wilcoxon"
0.181818181818182,0.489795918367347,0.0244716351501669,0.10678531701891,0.99,1,-0.0357656493249744,0.19938162529799,0.89,999,100,"shared","49","deseq2_pb"
0.420382165605096,0.584033613445378,0.0733333333333333,0.154444444444444,0.91,0.99,-0.17903217795651,0.30782864036447,0.64,1000,100,"shared","5","dream_blind"
0.405228758169935,0.561946902654867,0.0688888888888889,0.141111111111111,0.91,0.99,-0.184427199514828,0.308774459437205,0.63,1000,100,"shared","5","dream_napari"
0.405228758169935,0.561946902654867,0.0688888888888889,0.141111111111111,0.91,0.99,-0.184427199514828,0.308774459437205,0.63,1000,100,"shared","5","dream_quint"
0.872935196950445,0.888517279821628,0.763333333333333,0.885555555555556,1,1,-0.118814350962782,0.209180171521666,NA,1000,100,"shared","5","seurat_blind"
0.874843554443054,0.889135254988914,0.776666666666667,0.891111111111111,1,1,-0.118814350962782,0.209180171521666,NA,1000,100,"shared","5","seurat_napari"
0.874843554443054,0.889135254988914,0.776666666666667,0.891111111111111,1,1,-0.118814350962782,0.209180171521666,NA,1000,100,"shared","5","seurat_quint"
0.868593955321945,0.884792626728111,0.734444444444444,0.853333333333333,1,1,-0.118814350962782,0.209180171521666,NA,1000,100,"shared","5","wilcoxon"
0.152542372881356,0.401197604790419,0.02,0.0744444444444444,1,1,-0.042705671560896,0.177763885802178,0.88,1000,100,"shared","5","deseq2_pb"
0.364963503649635,0.5625,0.0555555555555556,0.14,0.87,0.98,-0.232661768350629,0.379484623196569,0.64,1000,100,"shared","50","dream_blind"
0.37410071942446,0.548387096774194,0.0577777777777778,0.132222222222222,0.87,0.98,-0.237716907438626,0.380318221120413,0.62,1000,100,"shared","50","dream_napari"
0.37410071942446,0.548387096774194,0.0577777777777778,0.132222222222222,0.87,0.98,-0.237716907438626,0.380318221120413,0.62,1000,100,"shared","50","dream_quint"
0.874197689345314,0.889763779527559,0.756666666666667,0.878888888888889,0.98,0.98,-0.0439102671287108,0.735659538036721,NA,1000,100,"shared","50","seurat_blind"
0.872062663185379,0.888255416191562,0.742222222222222,0.865555555555556,0.98,0.98,-0.0439102671287108,0.735659538036721,NA,1000,100,"shared","50","seurat_napari"
0.872062663185379,0.888255416191562,0.742222222222222,0.865555555555556,0.98,0.98,-0.0439102671287108,0.735659538036721,NA,1000,100,"shared","50","seurat_quint"
0.870026525198939,0.888,0.728888888888889,0.863333333333333,0.98,0.98,-0.0439102671287108,0.735659538036721,NA,1000,100,"shared","50","wilcoxon"
0.140350877192982,0.507537688442211,0.0178173719376392,0.112472160356347,0.98,0.98,0.0210703294729245,1.07270681580082,0.9,998,100,"shared","50","deseq2_pb"
0.366197183098592,0.619433198380567,0.0578420467185762,0.170189098998888,0.9,0.94,-0.213631950755719,0.369296983024749,0.6,999,100,"shared","6","dream_blind"
0.368794326241135,0.609053497942387,0.0578420467185762,0.164627363737486,0.89,0.95,-0.219576154944162,0.371303356561457,0.59,999,100,"shared","6","dream_napari"
0.368794326241135,0.609053497942387,0.0578420467185762,0.164627363737486,0.89,0.95,-0.219576154944162,0.371303356561457,0.59,999,100,"shared","6","dream_quint"
0.870757180156658,0.886857142857143,0.741111111111111,0.862222222222222,0.99,0.99,-0.0240347751600848,0.665406204966763,NA,1000,100,"shared","6","seurat_blind"
0.870588235294118,0.884526558891455,0.74,0.851111111111111,0.99,1,-0.0240347751600848,0.665406204966763,NA,1000,100,"shared","6","seurat_napari"
0.870588235294118,0.884526558891455,0.74,0.851111111111111,0.99,1,-0.0240347751600848,0.665406204966763,NA,1000,100,"shared","6","seurat_quint"
0.868351063829787,0.885549132947977,0.725555555555556,0.851111111111111,0.99,0.99,-0.0240347751600848,0.665406204966763,NA,1000,100,"shared","6","wilcoxon"
0.116071428571429,0.45,0.0144766146993318,0.0902004454342984,0.99,0.99,0.0363485385788684,0.787509621072072,0.83,998,100,"shared","6","deseq2_pb"
0.245901639344262,0.528846153846154,0.0333704115684093,0.122358175750834,0.92,0.98,-0.201609757180587,0.337380297491792,0.57,999,100,"shared","7","dream_blind"
0.220338983050847,0.512437810945274,0.0289210233592881,0.114571746384872,0.92,0.98,-0.207776297888667,0.33954175510886,0.56,999,100,"shared","7","dream_napari"
0.220338983050847,0.512437810945274,0.0289210233592881,0.114571746384872,0.92,0.98,-0.207776297888667,0.33954175510886,0.56,999,100,"shared","7","dream_quint"
0.869507323568575,0.887871853546911,0.725555555555556,0.862222222222222,0.98,0.98,-0.088070292608712,0.199990113970135,NA,1000,100,"shared","7","seurat_blind"
0.86968085106383,0.887485648679678,0.726666666666667,0.858888888888889,0.98,0.98,-0.088070292608712,0.199990113970135,NA,1000,100,"shared","7","seurat_napari"
0.86968085106383,0.887485648679678,0.726666666666667,0.858888888888889,0.98,0.98,-0.088070292608712,0.199990113970135,NA,1000,100,"shared","7","seurat_quint"
0.864827586206897,0.886966551326413,0.696666666666667,0.854444444444444,0.98,0.98,-0.088070292608712,0.199990113970135,NA,1000,100,"shared","7","wilcoxon"
0.125,0.443820224719101,0.0156075808249721,0.0880713489409142,0.98,0.99,-0.0722664770217941,0.191963261083567,0.83,997,100,"shared","7","deseq2_pb"
0.303030303030303,0.560538116591928,0.0444938820912125,0.139043381535039,0.92,0.98,-0.243354122112836,0.380156720124822,0.5,999,100,"shared","8","dream_blind"
0.297709923664122,0.55045871559633,0.0433815350389321,0.133481646273637,0.92,0.98,-0.250440797227756,0.380894337366763,0.5,999,100,"shared","8","dream_napari"
0.297709923664122,0.55045871559633,0.0433815350389321,0.133481646273637,0.92,0.98,-0.250440797227756,0.380894337366763,0.5,999,100,"shared","8","dream_quint"
0.869908015768725,0.88659793814433,0.735555555555556,0.86,0.99,0.99,-0.128700447261201,0.220263723887913,NA,1000,100,"shared","8","seurat_blind"
0.871428571428571,0.886986301369863,0.745555555555556,0.863333333333333,0.99,0.99,-0.128700447261201,0.220263723887913,NA,1000,100,"shared","8","seurat_napari"
0.871428571428571,0.886986301369863,0.745555555555556,0.863333333333333,0.99,0.99,-0.128700447261201,0.220263723887913,NA,1000,100,"shared","8","seurat_quint"
0.867114093959731,0.882903981264637,0.717777777777778,0.837777777777778,0.99,1,-0.128700447261201,0.220263723887913,NA,1000,100,"shared","8","wilcoxon"
0.155172413793103,0.467741935483871,0.020066889632107,0.096989966555184,0.98,0.99,-0.0968113573342859,0.202736776391167,0.81,997,100,"shared","8","deseq2_pb"
0.151785714285714,0.455555555555556,0.0188888888888889,0.0911111111111111,0.95,0.98,-0.174584505307605,0.341754874378898,0.56,1000,100,"shared","9","dream_blind"
0.15929203539823,0.452513966480447,0.02,0.09,0.95,0.98,-0.182557528836897,0.342141533604456,0.55,1000,100,"shared","9","dream_napari"
0.15929203539823,0.452513966480447,0.02,0.09,0.95,0.98,-0.182557528836897,0.342141533604456,0.55,1000,100,"shared","9","dream_quint"
0.863636363636364,0.883313885647608,0.696666666666667,0.841111111111111,0.99,1,-0.0232286705602517,0.209743041109717,NA,1000,100,"shared","9","seurat_blind"
0.866396761133603,0.883449883449883,0.713333333333333,0.842222222222222,0.99,1,-0.0232286705602517,0.209743041109717,NA,1000,100,"shared","9","seurat_napari"
0.866396761133603,0.883449883449883,0.713333333333333,0.842222222222222,0.99,1,-0.0232286705602517,0.209743041109717,NA,1000,100,"shared","9","seurat_quint"
0.860169491525424,0.883939038686987,0.676666666666667,0.837777777777778,0.99,0.99,-0.0232286705602517,0.209743041109717,NA,1000,100,"shared","9","wilcoxon"
0.0833333333333333,0.431818181818182,0.01,0.0844444444444444,0.99,1,-0.0583952484139741,0.216174293150121,0.81,1000,100,"shared","9","deseq2_pb"
0.357142857142857,0.540697674418605,0.0111111111111111,0.103333333333333,0.18,0.79,-1.05308738483604,1.07311246720859,0,1000,100,"region_specific","1","dream_blind"
0.35,0.545454545454545,0.00777777777777778,0.0933333333333333,0.13,0.7,-1.09722866486485,1.1169746835396,0,1000,100,"region_specific","1","dream_napari"
0.35,0.545454545454545,0.00777777777777778,0.0933333333333333,0.13,0.7,-1.09722866486485,1.1169746835396,0,1000,100,"region_specific","1","dream_quint"
0.42603550295858,0.613545816733068,0.08,0.171111111111111,0.97,0.97,-0.338681793158471,0.496257040436123,0.6,1000,100,"region_specific","1","dream_interaction"
0.860169491525424,0.882075471698113,0.676666666666667,0.831111111111111,0.99,1,-0.799744193173846,0.820817174667348,NA,1000,100,"region_specific","1","seurat_blind"
0.86459802538787,0.884074941451991,0.681111111111111,0.838888888888889,0.96,0.99,-0.799744193173846,0.820817174667348,NA,1000,100,"region_specific","1","seurat_napari"
0.86459802538787,0.884074941451991,0.681111111111111,0.838888888888889,0.96,0.99,-0.799744193173846,0.820817174667348,NA,1000,100,"region_specific","1","seurat_quint"
0.861823361823362,0.882282996432818,0.672222222222222,0.824444444444444,0.97,0.99,-0.799744193173846,0.820817174667348,NA,1000,100,"region_specific","1","wilcoxon"
0.105769230769231,0.383647798742138,0.0122358175750834,0.067853170189099,0.93,0.98,-0.785446490862325,0.807957086646482,0.01,999,100,"region_specific","1","deseq2_pb"
0.288461538461538,0.474683544303797,0.0166666666666667,0.0833333333333333,0.37,0.83,-1.02739743735115,1.05066697485836,0,1000,100,"region_specific","10","dream_blind"
0.235294117647059,0.5,0.00888888888888889,0.0877777777777778,0.26,0.79,-1.07232625515065,1.09394818810428,0,1000,100,"region_specific","10","dream_napari"
0.235294117647059,0.5,0.00888888888888889,0.0877777777777778,0.26,0.79,-1.07232625515065,1.09394818810428,0,1000,100,"region_specific","10","dream_quint"
0.198347107438017,0.494897959183673,0.0266666666666667,0.107777777777778,0.97,0.99,-0.299703977074145,0.487996670854585,0.55,1000,100,"region_specific","10","dream_interaction"
0.869272237196765,0.885017421602787,0.716666666666667,0.846666666666667,0.97,0.99,-0.901067432062949,0.924665041012704,NA,1000,100,"region_specific","10","seurat_blind"
0.869325997248968,0.885245901639344,0.702222222222222,0.84,0.95,0.98,-0.901067432062949,0.924665041012704,NA,1000,100,"region_specific","10","seurat_napari"
0.869325997248968,0.885245901639344,0.702222222222222,0.84,0.95,0.98,-0.901067432062949,0.924665041012704,NA,1000,100,"region_specific","10","seurat_quint"
0.868965517241379,0.886705202312139,0.7,0.852222222222222,0.95,0.98,-0.901067432062949,0.924665041012704,NA,1000,100,"region_specific","10","wilcoxon"
0.172727272727273,0.444444444444444,0.0211345939933259,0.0889877641824249,0.91,1,-0.766799999331178,0.797027228456516,0.02,999,100,"region_specific","10","deseq2_pb"
0.172413793103448,0.516556291390728,0.00555555555555556,0.0866666666666667,0.24,0.73,-1.04897673823542,1.07104801794388,0,1000,100,"region_specific","11","dream_blind"
0.125,0.508064516129032,0.00111111111111111,0.07,0.07,0.61,-1.13738433664113,1.15452137416298,0,1000,100,"region_specific","11","dream_napari"
0.125,0.508064516129032,0.00111111111111111,0.07,0.07,0.61,-1.13738433664113,1.15452137416298,0,1000,100,"region_specific","11","dream_quint"
0.340277777777778,0.583690987124464,0.0544444444444444,0.151111111111111,0.95,0.97,-0.326256600559255,0.504241305784701,0.64,1000,100,"region_specific","11","dream_interaction"
0.866391184573003,0.883990719257541,0.698888888888889,0.846666666666667,0.97,1,-0.908433877908721,0.927382486533731,NA,1000,100,"region_specific","11","seurat_blind"
0.86878453038674,0.885150812064965,0.698888888888889,0.847777777777778,0.95,0.99,-0.908433877908721,0.927382486533731,NA,1000,100,"region_specific","11","seurat_napari"
0.86878453038674,0.885150812064965,0.698888888888889,0.847777777777778,0.95,0.99,-0.908433877908721,0.927382486533731,NA,1000,100,"region_specific","11","seurat_quint"
0.868898186889819,0.884659746251442,0.692222222222222,0.852222222222222,0.94,1,-0.908433877908721,0.927382486533731,NA,1000,100,"region_specific","11","wilcoxon"
0.125,0.440677966101695,0.0144927536231884,0.0869565217391304,0.91,0.99,-0.822730461941654,0.844058546989338,0.01,997,100,"region_specific","11","deseq2_pb"
0.403846153846154,0.598901098901099,0.0233333333333333,0.121111111111111,0.31,0.73,-1.06122263755693,1.0812940529574,0,1000,100,"region_specific","12","dream_blind"
0.391304347826087,0.598802395209581,0.01,0.111111111111111,0.14,0.67,-1.1056336214962,1.12411853343281,0,1000,100,"region_specific","12","dream_napari"
0.391304347826087,0.598802395209581,0.01,0.111111111111111,0.14,0.67,-1.1056336214962,1.12411853343281,0,1000,100,"region_specific","12","dream_quint"
0.481481481481481,0.6309963099631,0.101111111111111,0.19,0.98,1,-0.336721644048064,0.496022646921193,0.55,1000,100,"region_specific","12","dream_interaction"
0.869387755102041,0.885150812064965,0.71,0.847777777777778,0.96,0.99,-0.926970511422221,0.947993930298365,NA,1000,100,"region_specific","12","seurat_blind"
0.864827586206897,0.884345794392523,0.696666666666667,0.841111111111111,0.98,0.99,-0.926970511422221,0.947993930298365,NA,1000,100,"region_specific","12","seurat_napari"
0.864827586206897,0.884345794392523,0.696666666666667,0.841111111111111,0.98,0.99,-0.926970511422221,0.947993930298365,NA,1000,100,"region_specific","12","seurat_quint"
0.867950481430536,0.885882352941176,0.701111111111111,0.836666666666667,0.96,0.97,-0.926970511422221,0.947993930298365,NA,1000,100,"region_specific","12","wilcoxon"
0.1875,0.47027027027027,0.0233333333333333,0.0966666666666667,0.91,0.98,-0.808226006374755,0.833912955201091,0.01,1000,100,"region_specific","12","deseq2_pb"
0.277777777777778,0.487179487179487,0.0111234705228031,0.0845383759733037,0.26,0.8,-1.05483615563079,1.0752858105449,0,999,100,"region_specific","13","dream_blind"
0.2,0.471830985915493,0.00444938820912125,0.0745272525027809,0.16,0.75,-1.09811990821088,1.11707547851387,0,999,100,"region_specific","13","dream_napari"
0.2,0.471830985915493,0.00444938820912125,0.0745272525027809,0.16,0.75,-1.09811990821088,1.11707547851387,0,999,100,"region_specific","13","dream_quint"
0.441860465116279,0.618110236220472,0.0845383759733037,0.174638487208009,0.96,0.97,-0.333276219547582,0.511807302691353,0.55,999,100,"region_specific","13","dream_interaction"
0.859443631039531,0.8805256869773,0.652222222222222,0.818888888888889,0.96,1,-0.900255321762628,0.918598680905824,NA,1000,100,"region_specific","13","seurat_blind"
0.858806404657933,0.878197320341047,0.655555555555556,0.801111111111111,0.97,1,-0.900255321762628,0.918598680905824,NA,1000,100,"region_specific","13","seurat_napari"
0.858806404657933,0.878197320341047,0.655555555555556,0.801111111111111,0.97,1,-0.900255321762628,0.918598680905824,NA,1000,100,"region_specific","13","seurat_quint"
0.862119013062409,0.879663056558363,0.66,0.812222222222222,0.95,1,-0.900255321762628,0.918598680905824,NA,1000,100,"region_specific","13","wilcoxon"
0.182608695652174,0.478723404255319,0.0234113712374582,0.100334448160535,0.94,0.98,-0.825947681579771,0.846957325994416,0.01,997,100,"region_specific","13","deseq2_pb"
0.283333333333333,0.549450549450549,0.0188888888888889,0.111111111111111,0.43,0.82,-1.02102186883678,1.04594854191595,0,1000,100,"region_specific","14","dream_blind"
0.217391304347826,0.554878048780488,0.0111111111111111,0.101111111111111,0.36,0.73,-1.06239425139047,1.08595162620442,0,1000,100,"region_specific","14","dream_napari"
0.217391304347826,0.554878048780488,0.0111111111111111,0.101111111111111,0.36,0.73,-1.06239425139047,1.08595162620442,0,1000,100,"region_specific","14","dream_quint"
0.34640522875817,0.583333333333333,0.0588888888888889,0.155555555555556,1,1,-0.276545685008087,0.467820636587512,0.6,1000,100,"region_specific","14","dream_interaction"
0.86556927297668,0.884749708963911,0.701111111111111,0.844444444444444,0.98,0.99,-0.836260038116557,0.861857821248803,NA,1000,100,"region_specific","14","seurat_blind"
0.863319386331939,0.882075471698113,0.687777777777778,0.831111111111111,0.98,1,-0.836260038116557,0.861857821248803,NA,1000,100,"region_specific","14","seurat_napari"
0.863319386331939,0.882075471698113,0.687777777777778,0.831111111111111,0.98,1,-0.836260038116557,0.861857821248803,NA,1000,100,"region_specific","14","seurat_quint"
0.867403314917127,0.884210526315789,0.697777777777778,0.84,0.96,0.99,-0.836260038116557,0.861857821248803,NA,1000,100,"region_specific","14","wilcoxon"
0.113207547169811,0.46195652173913,0.0133481646273637,0.0945494994438265,0.94,0.99,-0.770808960339542,0.800033093614063,0.02,999,100,"region_specific","14","deseq2_pb"
0.323529411764706,0.522292993630573,0.0122222222222222,0.0911111111111111,0.23,0.75,-1.05941344637773,1.08123089577859,0,1000,100,"region_specific","15","dream_blind"
0.285714285714286,0.587786259541985,0.00444444444444444,0.0855555555555556,0.1,0.54,-1.15254646176213,1.16981180879193,0,1000,100,"region_specific","15","dream_napari"
0.285714285714286,0.587786259541985,0.00444444444444444,0.0855555555555556,0.1,0.54,-1.15254646176213,1.16981180879193,0,1000,100,"region_specific","15","dream_quint"
0.455056179775281,0.620689655172414,0.09,0.18,0.97,0.99,-0.340567412100694,0.512637166869572,0.55,1000,100,"region_specific","15","dream_interaction"
0.862745098039216,0.883040935672515,0.684444444444444,0.838888888888889,0.98,1,-0.904626092359025,0.927274282586994,NA,1000,100,"region_specific","15","seurat_blind"
0.86271676300578,0.882214369846879,0.663333333333333,0.832222222222222,0.95,1,-0.904626092359025,0.927274282586994,NA,1000,100,"region_specific","15","seurat_napari"
0.86271676300578,0.882214369846879,0.663333333333333,0.832222222222222,0.95,1,-0.904626092359025,0.927274282586994,NA,1000,100,"region_specific","15","seurat_quint"
0.860832137733142,0.880810488676996,0.666666666666667,0.821111111111111,0.97,1,-0.904626092359025,0.927274282586994,NA,1000,100,"region_specific","15","wilcoxon"
0.153846153846154,0.464088397790055,0.0177777777777778,0.0933333333333333,0.88,0.97,-0.817991537963667,0.845072145602043,0.01,1000,100,"region_specific","15","deseq2_pb"
0.206896551724138,0.605,0.00666666666666667,0.134444444444444,0.23,0.79,-1.0328825179713,1.051277811276,0,1000,100,"region_specific","16","dream_blind"
0.181818181818182,0.605263157894737,0.00444444444444444,0.127777777777778,0.18,0.75,-1.08254374889886,1.09959888426234,0,1000,100,"region_specific","16","dream_napari"
0.181818181818182,0.605263157894737,0.00444444444444444,0.127777777777778,0.18,0.75,-1.08254374889886,1.09959888426234,0,1000,100,"region_specific","16","dream_quint"
0.45,0.645161290322581,0.09,0.2,0.99,0.99,-0.29733337329398,0.445322060841688,0.55,1000,100,"region_specific","16","dream_interaction"
0.86530612244898,0.883313885647608,0.706666666666667,0.841111111111111,0.99,1,-0.828214599886858,0.845088400903242,NA,1000,100,"region_specific","16","seurat_blind"
0.864714086471409,0.883040935672515,0.688888888888889,0.838888888888889,0.97,1,-0.828214599886858,0.845088400903242,NA,1000,100,"region_specific","16","seurat_napari"
0.864714086471409,0.883040935672515,0.688888888888889,0.838888888888889,0.97,1,-0.828214599886858,0.845088400903242,NA,1000,100,"region_specific","16","seurat_quint"
0.866022099447514,0.881796690307329,0.696666666666667,0.828888888888889,0.97,1,-0.828214599886858,0.845088400903242,NA,1000,100,"region_specific","16","wilcoxon"
0.127272727272727,0.481865284974093,0.0156075808249721,0.103678929765886,0.96,1,-0.760367571286629,0.779324083017217,0,997,100,"region_specific","16","deseq2_pb"
0.345454545454545,0.521739130434783,0.0211111111111111,0.0933333333333333,0.36,0.77,-1.07875452568165,1.09887366978174,0,1000,100,"region_specific","17","dream_blind"
0.390243902439024,0.513513513513513,0.0177777777777778,0.0844444444444444,0.25,0.72,-1.12423282205334,1.14258545992293,0,1000,100,"region_specific","17","dream_napari"
0.390243902439024,0.513513513513513,0.0177777777777778,0.0844444444444444,0.25,0.72,-1.12423282205334,1.14258545992293,0,1000,100,"region_specific","17","dream_quint"
0.340425531914894,0.609958506224066,0.0533333333333333,0.163333333333333,0.93,0.94,-0.385662689959856,0.58049718679488,0.52,1000,100,"region_specific","17","dream_interaction"
0.86731843575419,0.882701421800948,0.69,0.827777777777778,0.95,0.99,-0.86415623892162,0.883401752077827,NA,1000,100,"region_specific","17","seurat_blind"
0.870111731843575,0.885747938751472,0.692222222222222,0.835555555555556,0.93,0.97,-0.86415623892162,0.883401752077827,NA,1000,100,"region_specific","17","seurat_napari"
0.870111731843575,0.885747938751472,0.692222222222222,0.835555555555556,0.93,0.97,-0.86415623892162,0.883401752077827,NA,1000,100,"region_specific","17","seurat_quint"
0.86938202247191,0.882562277580071,0.687777777777778,0.826666666666667,0.93,0.99,-0.86415623892162,0.883401752077827,NA,1000,100,"region_specific","17","wilcoxon"
0.185840707964602,0.481481481481481,0.0233333333333333,0.101111111111111,0.92,0.98,-0.805232085215927,0.826046254335226,0.01,1000,100,"region_specific","17","deseq2_pb"
0.42,0.624365482233503,0.0233592880978865,0.136818687430478,0.29,0.74,-1.07505474938568,1.09324523681318,0,999,100,"region_specific","18","dream_blind"
0.344827586206897,0.644067796610169,0.0111234705228031,0.126807563959956,0.19,0.63,-1.11928625017744,1.13592310290923,0,999,100,"region_specific","18","dream_napari"
0.344827586206897,0.644067796610169,0.0111234705228031,0.126807563959956,0.19,0.63,-1.11928625017744,1.13592310290923,0,999,100,"region_specific","18","dream_quint"
0.470588235294118,0.642599277978339,0.0978865406006674,0.197997775305895,0.99,0.99,-0.337520308470351,0.478434653740788,0.52,999,100,"region_specific","18","dream_interaction"
0.864265927977839,0.886966551326413,0.693333333333333,0.854444444444444,0.98,0.98,-0.929367772472847,0.94870105414716,NA,1000,100,"region_specific","18","seurat_blind"
0.865836791147995,0.885882352941176,0.695555555555556,0.836666666666667,0.97,0.97,-0.929367772472847,0.94870105414716,NA,1000,100,"region_specific","18","seurat_napari"
0.865836791147995,0.885882352941176,0.695555555555556,0.836666666666667,0.97,0.97,-0.929367772472847,0.94870105414716,NA,1000,100,"region_specific","18","seurat_quint"
0.866295264623955,0.886574074074074,0.691111111111111,0.851111111111111,0.96,0.98,-0.929367772472847,0.94870105414716,NA,1000,100,"region_specific","18","wilcoxon"
0.206896551724138,0.492227979274611,0.0267558528428094,0.105908584169454,0.92,0.98,-0.837723316991455,0.859966833993693,0,997,100,"region_specific","18","deseq2_pb"
0.255813953488372,0.524390243902439,0.0122222222222222,0.0955555555555556,0.32,0.78,-1.04547909640417,1.06623915750368,0,1000,100,"region_specific","19","dream_blind"
0.285714285714286,0.545454545454545,0.00445930880713489,0.0869565217391304,0.1,0.65,-1.13393296512778,1.14924715296297,0,997,100,"region_specific","19","dream_napari"
0.285714285714286,0.545454545454545,0.00445930880713489,0.0869565217391304,0.1,0.65,-1.13393296512778,1.14924715296297,0,997,100,"region_specific","19","dream_quint"
0.319444444444444,0.596707818930041,0.0511111111111111,0.161111111111111,0.98,0.98,-0.329707934632887,0.511711231905308,0.6,1000,100,"region_specific","19","dream_interaction"
0.87027027027027,0.883449883449883,0.715555555555556,0.842222222222222,0.96,1,-0.823145148346064,1.05534399717124,NA,1000,100,"region_specific","19","seurat_blind"
0.865357643758766,0.884074941451991,0.685555555555556,0.838888888888889,0.96,0.99,-0.823145148346064,1.05534399717124,NA,1000,100,"region_specific","19","seurat_napari"
0.865357643758766,0.884074941451991,0.685555555555556,0.838888888888889,0.96,0.99,-0.823145148346064,1.05534399717124,NA,1000,100,"region_specific","19","seurat_quint"
0.870923913043478,0.885245901639344,0.712222222222222,0.84,0.95,0.98,-0.823145148346064,1.05534399717124,NA,1000,100,"region_specific","19","wilcoxon"
0.150943396226415,0.492146596858639,0.017797552836485,0.104560622914349,0.9,0.97,-0.708464742114343,1.12273151247339,0.02,999,100,"region_specific","19","deseq2_pb"
0.482758620689655,0.649214659685864,0.0155555555555556,0.137777777777778,0.15,0.67,-1.09342799170447,1.11426935652777,0,1000,100,"region_specific","2","dream_blind"
0.352941176470588,0.682634730538922,0.00666666666666667,0.126666666666667,0.11,0.53,-1.14037693221745,1.15974302607379,0,1000,100,"region_specific","2","dream_napari"
0.352941176470588,0.682634730538922,0.00666666666666667,0.126666666666667,0.11,0.53,-1.14037693221745,1.15974302607379,0,1000,100,"region_specific","2","dream_quint"
0.460674157303371,0.628787878787879,0.0911111111111111,0.184444444444444,0.96,0.98,-0.395589924032128,0.562713551686288,0.52,1000,100,"region_specific","2","dream_interaction"
0.866391184573003,0.883585564610012,0.698888888888889,0.843333333333333,0.97,1,-0.876918068448104,0.896102801765637,NA,1000,100,"region_specific","2","seurat_blind"
0.867132867132867,0.88339222614841,0.688888888888889,0.833333333333333,0.95,0.99,-0.876918068448104,0.896102801765637,NA,1000,100,"region_specific","2","seurat_napari"
0.867132867132867,0.88339222614841,0.688888888888889,0.833333333333333,0.95,0.99,-0.876918068448104,0.896102801765637,NA,1000,100,"region_specific","2","seurat_quint"
0.866666666666667,0.881093935790725,0.693333333333333,0.823333333333333,0.96,1,-0.876918068448104,0.896102801765637,NA,1000,100,"region_specific","2","wilcoxon"
0.2734375,0.467741935483871,0.0388888888888889,0.0966666666666667,0.93,0.99,-0.810196079107085,0.831885704078894,0.01,1000,100,"region_specific","2","deseq2_pb"
0.506493506493506,0.637209302325581,0.0433333333333333,0.152222222222222,0.38,0.78,-1.06514305517995,1.09164426033686,0,1000,100,"region_specific","20","dream_blind"
0.536231884057971,0.637254901960784,0.0411111111111111,0.144444444444444,0.32,0.74,-1.10709049258955,1.13016577998517,0,1000,100,"region_specific","20","dream_napari"
0.536231884057971,0.637254901960784,0.0411111111111111,0.144444444444444,0.32,0.74,-1.10709049258955,1.13016577998517,0,1000,100,"region_specific","20","dream_quint"
0.489473684210526,0.643636363636364,0.103333333333333,0.196666666666667,0.97,0.98,-0.388026249597481,0.61258495571242,0.56,1000,100,"region_specific","20","dream_interaction"
0.868603042876902,0.884841363102233,0.697777777777778,0.836666666666667,0.95,0.98,-0.832724428538228,0.859187325932217,NA,1000,100,"region_specific","20","seurat_blind"
0.872077028885832,0.886091127098321,0.704444444444444,0.821111111111111,0.93,0.95,-0.832724428538228,0.859187325932217,NA,1000,100,"region_specific","20","seurat_napari"
0.872077028885832,0.886091127098321,0.704444444444444,0.821111111111111,0.93,0.95,-0.832724428538228,0.859187325932217,NA,1000,100,"region_specific","20","seurat_quint"
0.869262865090403,0.887587822014052,0.694444444444444,0.842222222222222,0.94,0.96,-0.832724428538228,0.859187325932217,NA,1000,100,"region_specific","20","wilcoxon"
0.219298245614035,0.520408163265306,0.0277777777777778,0.113333333333333,0.89,0.94,-0.784363293688428,0.816518787247682,0.03,1000,100,"region_specific","20","deseq2_pb"
0.447761194029851,0.595854922279793,0.0333333333333333,0.127777777777778,0.37,0.78,-1.0499580686237,1.0736606452321,0,1000,100,"region_specific","21","dream_blind"
0.411764705882353,0.595375722543353,0.0233333333333333,0.114444444444444,0.3,0.7,-1.09297719538706,1.11536476993877,0,1000,100,"region_specific","21","dream_napari"
0.411764705882353,0.595375722543353,0.0233333333333333,0.114444444444444,0.3,0.7,-1.09297719538706,1.11536476993877,0,1000,100,"region_specific","21","dream_quint"
0.410714285714286,0.609375,0.0766666666666667,0.173333333333333,0.99,1,-0.315171662671497,0.48776531200597,0.55,1000,100,"region_specific","21","dream_interaction"
0.869333333333333,0.884074941451991,0.724444444444444,0.838888888888889,0.98,0.99,-0.904652256734356,0.928768308257529,NA,1000,100,"region_specific","21","seurat_blind"
0.870879120879121,0.883116883116883,0.704444444444444,0.831111111111111,0.94,0.99,-0.904652256734356,0.928768308257529,NA,1000,100,"region_specific","21","seurat_napari"
0.870879120879121,0.883116883116883,0.704444444444444,0.831111111111111,0.94,0.99,-0.904652256734356,0.928768308257529,NA,1000,100,"region_specific","21","seurat_quint"
0.868279569892473,0.884480746791132,0.717777777777778,0.842222222222222,0.98,0.99,-0.904652256734356,0.928768308257529,NA,1000,100,"region_specific","21","wilcoxon"
0.225,0.475935828877005,0.03,0.0988888888888889,0.93,0.98,-0.811056643609438,0.839325511458387,0.01,1000,100,"region_specific","21","deseq2_pb"
0.259259259259259,0.558282208588957,0.00777777777777778,0.101111111111111,0.2,0.72,-1.05100902426717,1.07517985963852,0,1000,100,"region_specific","22","dream_blind"
0.25,0.558441558441558,0.00555555555555556,0.0955555555555556,0.15,0.68,-1.09194643305466,1.1130596150846,0,1000,100,"region_specific","22","dream_napari"
0.25,0.558441558441558,0.00555555555555556,0.0955555555555556,0.15,0.68,-1.09194643305466,1.1130596150846,0,1000,100,"region_specific","22","dream_quint"
0.418181818181818,0.609756097560976,0.0766666666666667,0.166666666666667,0.96,0.96,-0.34167021671823,0.532787524569526,0.58,1000,100,"region_specific","22","dream_interaction"
0.876802096985583,0.888633754305396,0.743333333333333,0.86,0.94,0.97,-0.911991217813748,0.936288495210787,NA,1000,100,"region_specific","22","seurat_blind"
0.879150066401062,0.88939566704675,0.735555555555556,0.866666666666667,0.91,0.97,-0.911991217813748,0.936288495210787,NA,1000,100,"region_specific","22","seurat_napari"
0.879150066401062,0.88939566704675,0.735555555555556,0.866666666666667,0.91,0.97,-0.911991217813748,0.936288495210787,NA,1000,100,"region_specific","22","seurat_quint"
0.876984126984127,0.888505747126437,0.736666666666667,0.858888888888889,0.93,0.97,-0.911991217813748,0.936288495210787,NA,1000,100,"region_specific","22","wilcoxon"
0.221238938053097,0.483695652173913,0.0277777777777778,0.0988888888888889,0.88,0.95,-0.801032023708246,0.831450813519941,0.01,1000,100,"region_specific","22","deseq2_pb"
0.209302325581395,0.474074074074074,0.01,0.0711111111111111,0.34,0.71,-1.07917033388015,1.09981444202685,0,1000,100,"region_specific","23","dream_blind"
0.258064516129032,0.491803278688525,0.00888888888888889,0.0666666666666667,0.23,0.62,-1.12919002624078,1.1469771079379,0,1000,100,"region_specific","23","dream_napari"
0.258064516129032,0.491803278688525,0.00888888888888889,0.0666666666666667,0.23,0.62,-1.12919002624078,1.1469771079379,0,1000,100,"region_specific","23","dream_quint"
0.236641221374046,0.56140350877193,0.0344444444444444,0.142222222222222,1,1,-0.372869625752421,0.525423733998716,0.47,1000,100,"region_specific","23","dream_interaction"
0.874015748031496,0.888509670079636,0.74,0.867777777777778,0.96,0.98,-0.932779058002086,0.959842229912645,NA,1000,100,"region_specific","23","seurat_blind"
0.872628726287263,0.889791183294664,0.715555555555556,0.852222222222222,0.94,0.95,-0.932779058002086,0.959842229912645,NA,1000,100,"region_specific","23","seurat_napari"
0.872628726287263,0.889791183294664,0.715555555555556,0.852222222222222,0.94,0.95,-0.932779058002086,0.959842229912645,NA,1000,100,"region_specific","23","seurat_quint"
0.872994652406417,0.889521640091116,0.725555555555556,0.867777777777778,0.95,0.97,-0.932779058002086,0.959842229912645,NA,1000,100,"region_specific","23","wilcoxon"
0.0918367346938776,0.480662983425414,0.010022271714922,0.0968819599109131,0.89,0.94,-0.831107809692864,0.863853534855414,0.01,998,100,"region_specific","23","deseq2_pb"
0.0851063829787234,0.473333333333333,0.00444444444444444,0.0788888888888889,0.43,0.79,-1.06314121297934,1.08543530131525,0,1000,100,"region_specific","24","dream_blind"
0.0731707317073171,0.486111111111111,0.00333333333333333,0.0777777777777778,0.38,0.74,-1.1055601796871,1.12604393841526,0,1000,100,"region_specific","24","dream_napari"
0.0731707317073171,0.486111111111111,0.00333333333333333,0.0777777777777778,0.38,0.74,-1.1055601796871,1.12604393841526,0,1000,100,"region_specific","24","dream_quint"
0.319444444444444,0.556053811659193,0.0511111111111111,0.137777777777778,0.98,0.99,-0.375013189417575,0.559734418328689,0.54,1000,100,"region_specific","24","dream_interaction"
0.862880886426593,0.883177570093458,0.692222222222222,0.84,0.99,1,-0.78900664050201,0.811426571136654,NA,1000,100,"region_specific","24","seurat_blind"
0.865357643758766,0.881936245572609,0.685555555555556,0.83,0.96,1,-0.78900664050201,0.811426571136654,NA,1000,100,"region_specific","24","seurat_napari"
0.865357643758766,0.881936245572609,0.685555555555556,0.83,0.96,1,-0.78900664050201,0.811426571136654,NA,1000,100,"region_specific","24","seurat_quint"
0.866666666666667,0.884210526315789,0.693333333333333,0.84,0.96,0.99,-0.78900664050201,0.811426571136654,NA,1000,100,"region_specific","24","wilcoxon"
0.142857142857143,0.464864864864865,0.0178173719376392,0.0957683741648107,0.96,0.99,-0.770197694544295,0.793992696743505,0.01,998,100,"region_specific","24","deseq2_pb"
0.396551724137931,0.585227272727273,0.0255555555555556,0.114444444444444,0.35,0.73,-1.06781184008982,1.08702760389812,0,1000,100,"region_specific","25","dream_blind"
0.409090909090909,0.579268292682927,0.02,0.105555555555556,0.26,0.69,-1.11602605143602,1.13319746113268,0,1000,100,"region_specific","25","dream_napari"
0.409090909090909,0.579268292682927,0.02,0.105555555555556,0.26,0.69,-1.11602605143602,1.13319746113268,0,1000,100,"region_specific","25","dream_quint"
0.392638036809816,0.602409638554217,0.0711111111111111,0.166666666666667,0.99,0.99,-0.338873373484182,0.482492046377711,0.54,1000,100,"region_specific","25","dream_interaction"
0.8714859437751,0.88681446907818,0.723333333333333,0.844444444444444,0.96,0.97,-0.888116931588515,0.914575297315862,NA,1000,100,"region_specific","25","seurat_blind"
0.873469387755102,0.887861271676301,0.713333333333333,0.853333333333333,0.93,0.97,-0.888116931588515,0.914575297315862,NA,1000,100,"region_specific","25","seurat_napari"
0.873469387755102,0.887861271676301,0.713333333333333,0.853333333333333,0.93,0.97,-0.888116931588515,0.914575297315862,NA,1000,100,"region_specific","25","seurat_quint"
0.87248322147651,0.886283704572098,0.722222222222222,0.84,0.95,0.97,-0.888116931588515,0.914575297315862,NA,1000,100,"region_specific","25","wilcoxon"
0.152380952380952,0.447674418604651,0.0177777777777778,0.0855555555555556,0.89,0.95,-0.814052765168961,0.844181988942542,0.02,1000,100,"region_specific","25","deseq2_pb"
0.361702127659574,0.592391304347826,0.0188888888888889,0.121111111111111,0.3,0.75,-1.04594830526258,1.06217679070277,0,1000,100,"region_specific","26","dream_blind"
0.257142857142857,0.580246913580247,0.01,0.104444444444444,0.26,0.68,-1.08956190323149,1.1047538699925,0,1000,100,"region_specific","26","dream_napari"
0.257142857142857,0.580246913580247,0.01,0.104444444444444,0.26,0.68,-1.08956190323149,1.1047538699925,0,1000,100,"region_specific","26","dream_quint"
0.446327683615819,0.598360655737705,0.0877777777777778,0.162222222222222,0.98,0.98,-0.310884078587572,0.441021956912552,0.62,1000,100,"region_specific","26","dream_interaction"
0.868279569892473,0.886857142857143,0.717777777777778,0.862222222222222,0.98,0.99,-0.847812174300454,0.868865439210322,NA,1000,100,"region_specific","26","seurat_blind"
0.867847411444142,0.886206896551724,0.707777777777778,0.856666666666667,0.97,0.99,-0.847812174300454,0.868865439210322,NA,1000,100,"region_specific","26","seurat_napari"
0.867847411444142,0.886206896551724,0.707777777777778,0.856666666666667,0.97,0.99,-0.847812174300454,0.868865439210322,NA,1000,100,"region_specific","26","seurat_quint"
0.867028493894166,0.885813148788927,0.71,0.853333333333333,0.98,0.99,-0.847812174300454,0.868865439210322,NA,1000,100,"region_specific","26","wilcoxon"
0.162162162162162,0.456043956043956,0.02,0.0922222222222222,0.93,0.99,-0.803862822675182,0.826491727340445,0.01,1000,100,"region_specific","26","deseq2_pb"
0.153846153846154,0.53551912568306,0.00666666666666667,0.108888888888889,0.33,0.85,-1.02786661605518,1.04895216563445,0,1000,100,"region_specific","27","dream_blind"
0.107142857142857,0.503184713375796,0.00333333333333333,0.0877777777777778,0.25,0.78,-1.07108920879508,1.09027644290598,0,1000,100,"region_specific","27","dream_napari"
0.107142857142857,0.503184713375796,0.00333333333333333,0.0877777777777778,0.25,0.78,-1.07108920879508,1.09027644290598,0,1000,100,"region_specific","27","dream_quint"
0.433526011560694,0.616279069767442,0.0833333333333333,0.176666666666667,0.98,0.99,-0.318574973974493,0.506535109280211,0.64,1000,100,"region_specific","27","dream_interaction"
0.867208672086721,0.884749708963911,0.711111111111111,0.844444444444444,0.98,0.99,-0.86491922877706,0.883225758478491,NA,1000,100,"region_specific","27","seurat_blind"
0.868673050615595,0.883529411764706,0.705555555555556,0.834444444444444,0.96,0.99,-0.86491922877706,0.883225758478491,NA,1000,100,"region_specific","27","seurat_napari"
0.868673050615595,0.883529411764706,0.705555555555556,0.834444444444444,0.96,0.99,-0.86491922877706,0.883225758478491,NA,1000,100,"region_specific","27","seurat_quint"
0.869031377899045,0.882766705744431,0.707777777777778,0.836666666666667,0.96,1,-0.86491922877706,0.883225758478491,NA,1000,100,"region_specific","27","wilcoxon"
0.185840707964602,0.464864864864865,0.0233853006681514,0.0957683741648107,0.92,0.99,-0.764584989305811,0.786261193918989,0.02,998,100,"region_specific","27","deseq2_pb"
0.30188679245283,0.537142857142857,0.0177777777777778,0.104444444444444,0.37,0.81,-1.07456921673214,1.09362734489017,0,1000,100,"region_specific","28","dream_blind"
0.27906976744186,0.525641025641026,0.0133333333333333,0.0911111111111111,0.31,0.74,-1.11199979779937,1.13044486404756,0,1000,100,"region_specific","28","dream_napari"
0.27906976744186,0.525641025641026,0.0133333333333333,0.0911111111111111,0.31,0.74,-1.11199979779937,1.13044486404756,0,1000,100,"region_specific","28","dream_quint"
0.421965317919075,0.591836734693878,0.0811111111111111,0.161111111111111,1,1,-0.348435662798084,0.512070188872671,0.55,1000,100,"region_specific","28","dream_interaction"
0.861111111111111,0.883990719257541,0.688888888888889,0.846666666666667,1,1,-0.833046808420324,0.852122708714504,NA,1000,100,"region_specific","28","seurat_blind"
0.86013986013986,0.884393063583815,0.683333333333333,0.85,1,1,-0.833046808420324,0.852122708714504,NA,1000,100,"region_specific","28","seurat_napari"
0.86013986013986,0.884393063583815,0.683333333333333,0.85,1,1,-0.833046808420324,0.852122708714504,NA,1000,100,"region_specific","28","seurat_quint"
0.863259668508287,0.883990719257541,0.694444444444444,0.846666666666667,0.99,1,-0.833046808420324,0.852122708714504,NA,1000,100,"region_specific","28","wilcoxon"
0.169642857142857,0.443181818181818,0.0211111111111111,0.0866666666666667,0.93,0.98,-0.836176622418735,0.855808173549419,0,1000,100,"region_specific","28","deseq2_pb"
0.493150684931507,0.619512195121951,0.0400444938820912,0.1412680756396,0.37,0.78,-1.00225402836212,1.02391589931506,0,999,100,"region_specific","29","dream_blind"
0.384615384615385,0.617021276595745,0.0222469410456062,0.129032258064516,0.32,0.72,-1.04319160388709,1.06338107432417,0,999,100,"region_specific","29","dream_napari"
0.384615384615385,0.617021276595745,0.0222469410456062,0.129032258064516,0.32,0.72,-1.04319160388709,1.06338107432417,0,999,100,"region_specific","29","dream_quint"
0.512315270935961,0.659863945578231,0.115684093437152,0.21579532814238,0.99,1,-0.259830718388556,0.419667631532755,0.67,999,100,"region_specific","29","dream_interaction"
0.856115107913669,0.878934624697337,0.661111111111111,0.806666666666667,1,1,-0.774385885778418,0.800436646661075,NA,1000,100,"region_specific","29","seurat_blind"
0.85734664764622,0.8805256869773,0.667777777777778,0.818888888888889,1,1,-0.774385885778418,0.800436646661075,NA,1000,100,"region_specific","29","seurat_napari"
0.85734664764622,0.8805256869773,0.667777777777778,0.818888888888889,1,1,-0.774385885778418,0.800436646661075,NA,1000,100,"region_specific","29","seurat_quint"
0.854439592430859,0.879372738238842,0.652222222222222,0.81,1,1,-0.774385885778418,0.800436646661075,NA,1000,100,"region_specific","29","wilcoxon"
0.233870967741935,0.521531100478469,0.032329988851728,0.121516164994426,0.95,1,-0.745319390036142,0.773431958973814,0.03,997,100,"region_specific","29","deseq2_pb"
0.36734693877551,0.525,0.02,0.0933333333333333,0.31,0.76,-1.04892602725304,1.07174657403626,0,1000,100,"region_specific","3","dream_blind"
0.41025641025641,0.530612244897959,0.0177777777777778,0.0866666666666667,0.23,0.69,-1.09086436146133,1.11263493387891,0,1000,100,"region_specific","3","dream_napari"
0.41025641025641,0.530612244897959,0.0177777777777778,0.0866666666666667,0.23,0.69,-1.09086436146133,1.11263493387891,0,1000,100,"region_specific","3","dream_quint"
0.326388888888889,0.560538116591928,0.0522222222222222,0.138888888888889,0.97,0.98,-0.324730107680438,0.525680476713974,0.59,1000,100,"region_specific","3","dream_interaction"
0.866847826086957,0.885321100917431,0.708888888888889,0.857777777777778,0.98,1,-0.832507482349719,0.857235955883341,NA,1000,100,"region_specific","3","seurat_blind"
0.874833555259654,0.886234357224118,0.73,0.865555555555556,0.94,1,-0.832507482349719,0.857235955883341,NA,1000,100,"region_specific","3","seurat_napari"
0.874833555259654,0.886234357224118,0.73,0.865555555555556,0.94,1,-0.832507482349719,0.857235955883341,NA,1000,100,"region_specific","3","seurat_quint"
0.871232876712329,0.884259259259259,0.706666666666667,0.848888888888889,0.94,1,-0.832507482349719,0.857235955883341,NA,1000,100,"region_specific","3","wilcoxon"
0.194690265486726,0.487179487179487,0.0244444444444444,0.105555555555556,0.91,1,-0.77970224943792,0.808262066584502,0.01,1000,100,"region_specific","3","deseq2_pb"
0.421052631578947,0.55421686746988,0.0266666666666667,0.102222222222222,0.33,0.74,-1.05893695467704,1.08332427038472,0,1000,100,"region_specific","30","dream_blind"
0.377358490566038,0.54140127388535,0.0222222222222222,0.0944444444444444,0.33,0.72,-1.09994073584029,1.12176219286485,0,1000,100,"region_specific","30","dream_napari"
0.377358490566038,0.54140127388535,0.0222222222222222,0.0944444444444444,0.33,0.72,-1.09994073584029,1.12176219286485,0,1000,100,"region_specific","30","dream_quint"
0.424418604651163,0.578059071729958,0.0811111111111111,0.152222222222222,0.99,1,-0.317797962829192,0.485831772023307,0.61,1000,100,"region_specific","30","dream_interaction"
0.868347338935574,0.882562277580071,0.688888888888889,0.826666666666667,0.94,0.99,-0.930223952787608,0.961676691046877,NA,1000,100,"region_specific","30","seurat_blind"
0.868458274398868,0.88479809976247,0.682222222222222,0.827777777777778,0.93,0.97,-0.930223952787608,0.961676691046877,NA,1000,100,"region_specific","30","seurat_napari"
0.868458274398868,0.88479809976247,0.682222222222222,0.827777777777778,0.93,0.97,-0.930223952787608,0.961676691046877,NA,1000,100,"region_specific","30","seurat_quint"
0.870422535211268,0.883413461538462,0.686666666666667,0.816666666666667,0.92,0.97,-0.930223952787608,0.961676691046877,NA,1000,100,"region_specific","30","wilcoxon"
0.130434782608696,0.43558282208589,0.0133630289532294,0.0790645879732739,0.8,0.92,-0.850363802142434,0.887791283113976,0.02,998,100,"region_specific","30","deseq2_pb"
0.315789473684211,0.592783505154639,0.0133333333333333,0.127777777777778,0.26,0.79,-1.05789140536098,1.07480003039319,0,1000,100,"region_specific","31","dream_blind"
0.424242424242424,0.620481927710843,0.0155555555555556,0.114444444444444,0.19,0.63,-1.13604778777504,1.14863966876248,0,1000,100,"region_specific","31","dream_napari"
0.424242424242424,0.620481927710843,0.0155555555555556,0.114444444444444,0.19,0.63,-1.13604778777504,1.14863966876248,0,1000,100,"region_specific","31","dream_quint"
0.417647058823529,0.611764705882353,0.0788888888888889,0.173333333333333,0.99,0.99,-0.340019176756111,0.48963595808847,0.63,1000,100,"region_specific","31","dream_interaction"
0.863448275862069,0.883449883449883,0.695555555555556,0.842222222222222,0.99,1,-0.868497443871915,0.890395541923091,NA,1000,100,"region_specific","31","seurat_blind"
0.862745098039216,0.882491186839013,0.684444444444444,0.834444444444444,0.98,1,-0.868497443871915,0.890395541923091,NA,1000,100,"region_specific","31","seurat_napari"
0.862745098039216,0.882491186839013,0.684444444444444,0.834444444444444,0.98,1,-0.868497443871915,0.890395541923091,NA,1000,100,"region_specific","31","seurat_quint"
0.866481223922114,0.882766705744431,0.692222222222222,0.836666666666667,0.96,1,-0.868497443871915,0.890395541923091,NA,1000,100,"region_specific","31","wilcoxon"
0.162162162162162,0.481481481481481,0.02,0.101111111111111,0.93,0.98,-0.806878711235348,0.8324653557884,0.02,1000,100,"region_specific","31","deseq2_pb"
0.333333333333333,0.546583850931677,0.01,0.0977777777777778,0.18,0.73,-1.07649202019997,1.0993383319203,0,1000,100,"region_specific","32","dream_blind"
0.333333333333333,0.580882352941177,0.00555555555555556,0.0877777777777778,0.1,0.57,-1.15489080167411,1.17170071938164,0,1000,100,"region_specific","32","dream_napari"
0.333333333333333,0.580882352941177,0.00555555555555556,0.0877777777777778,0.1,0.57,-1.15489080167411,1.17170071938164,0,1000,100,"region_specific","32","dream_quint"
0.40625,0.622047244094488,0.0722222222222222,0.175555555555556,0.95,0.96,-0.368727860325714,0.537707276465351,0.56,1000,100,"region_specific","32","dream_interaction"
0.873670212765957,0.887871853546911,0.73,0.862222222222222,0.95,0.98,-0.924278649156255,0.951723988682621,NA,1000,100,"region_specific","32","seurat_blind"
0.870879120879121,0.88735632183908,0.704444444444444,0.857777777777778,0.94,0.98,-0.924278649156255,0.951723988682621,NA,1000,100,"region_specific","32","seurat_napari"
0.870879120879121,0.88735632183908,0.704444444444444,0.857777777777778,0.94,0.98,-0.924278649156255,0.951723988682621,NA,1000,100,"region_specific","32","seurat_quint"
0.876329787234043,0.88735632183908,0.732222222222222,0.857777777777778,0.93,0.98,-0.924278649156255,0.951723988682621,NA,1000,100,"region_specific","32","wilcoxon"
0.201834862385321,0.460227272727273,0.0244444444444444,0.09,0.87,0.95,-0.833109708096734,0.865735605593858,0.02,1000,100,"region_specific","32","deseq2_pb"
0.272727272727273,0.497076023391813,0.0133333333333333,0.0944444444444444,0.32,0.86,-1.04864598667038,1.06970190413246,0,1000,100,"region_specific","33","dream_blind"
0.21875,0.503355704697987,0.00777777777777778,0.0833333333333333,0.25,0.74,-1.09572054045038,1.11551855377595,0,1000,100,"region_specific","33","dream_napari"
0.21875,0.503355704697987,0.00777777777777778,0.0833333333333333,0.25,0.74,-1.09572054045038,1.11551855377595,0,1000,100,"region_specific","33","dream_quint"
0.294964028776978,0.583333333333333,0.0455555555555556,0.155555555555556,0.98,1,-0.356047486710242,0.530914529873706,0.56,1000,100,"region_specific","33","dream_interaction"
0.865671641791045,0.884393063583815,0.708888888888889,0.85,0.99,1,-0.760034503408387,0.972452905591129,NA,1000,100,"region_specific","33","seurat_blind"
0.86556927297668,0.883939038686987,0.701111111111111,0.837777777777778,0.98,0.99,-0.760034503408387,0.972452905591129,NA,1000,100,"region_specific","33","seurat_napari"
0.86556927297668,0.883939038686987,0.701111111111111,0.837777777777778,0.98,0.99,-0.760034503408387,0.972452905591129,NA,1000,100,"region_specific","33","seurat_quint"
0.868852459016393,0.884345794392523,0.706666666666667,0.841111111111111,0.96,0.99,-0.760034503408387,0.972452905591129,NA,1000,100,"region_specific","33","wilcoxon"
0.2,0.450549450549451,0.0266666666666667,0.0911111111111111,0.96,1,-0.707912609102405,0.99712911302667,0.02,1000,100,"region_specific","33","deseq2_pb"
0.365853658536585,0.590425531914894,0.0166666666666667,0.123333333333333,0.26,0.77,-1.0596726154955,1.08094763495275,0.01,1000,100,"region_specific","34","dream_blind"
0.314285714285714,0.608187134502924,0.0122222222222222,0.115555555555556,0.24,0.67,-1.10376045415359,1.12323211967578,0,1000,100,"region_specific","34","dream_napari"
0.314285714285714,0.608187134502924,0.0122222222222222,0.115555555555556,0.24,0.67,-1.10376045415359,1.12323211967578,0,1000,100,"region_specific","34","dream_quint"
0.435294117647059,0.611336032388664,0.0822222222222222,0.167777777777778,0.96,0.96,-0.349318307844593,0.518899118511778,0.51,1000,100,"region_specific","34","dream_interaction"
0.869158878504673,0.884393063583815,0.723333333333333,0.85,0.98,1,-0.885772027332246,0.906592572208146,NA,1000,100,"region_specific","34","seurat_blind"
0.868983957219251,0.884792626728111,0.722222222222222,0.853333333333333,0.98,1,-0.885772027332246,0.906592572208146,NA,1000,100,"region_specific","34","seurat_napari"
0.868983957219251,0.884792626728111,0.722222222222222,0.853333333333333,0.98,1,-0.885772027332246,0.906592572208146,NA,1000,100,"region_specific","34","seurat_quint"
0.868102288021534,0.884615384615385,0.716666666666667,0.843333333333333,0.98,0.99,-0.885772027332246,0.906592572208146,NA,1000,100,"region_specific","34","wilcoxon"
0.205128205128205,0.481675392670157,0.0266963292547275,0.102335928809789,0.93,0.99,-0.811270014317337,0.834998532947354,0.02,999,100,"region_specific","34","deseq2_pb"
0.298245614035088,0.508771929824561,0.0188888888888889,0.0966666666666667,0.4,0.84,-1.02766431383768,1.04547001926683,0,1000,100,"region_specific","35","dream_blind"
0.274509803921569,0.506493506493506,0.0155555555555556,0.0866666666666667,0.37,0.76,-1.0724280096786,1.08896227447935,0,1000,100,"region_specific","35","dream_napari"
0.274509803921569,0.506493506493506,0.0155555555555556,0.0866666666666667,0.37,0.76,-1.0724280096786,1.08896227447935,0,1000,100,"region_specific","35","dream_quint"
0.407185628742515,0.615384615384615,0.0755555555555556,0.177777777777778,0.99,1,-0.2861823658053,0.446717982550175,0.62,1000,100,"region_specific","35","dream_interaction"
0.866035182679296,0.883720930232558,0.711111111111111,0.844444444444444,0.99,1,-0.869320631066752,0.887987704078813,NA,1000,100,"region_specific","35","seurat_blind"
0.869209809264305,0.881656804733728,0.708888888888889,0.827777777777778,0.96,1,-0.869320631066752,0.887987704078813,NA,1000,100,"region_specific","35","seurat_napari"
0.869209809264305,0.881656804733728,0.708888888888889,0.827777777777778,0.96,1,-0.869320631066752,0.887987704078813,NA,1000,100,"region_specific","35","seurat_quint"
0.865122615803815,0.883449883449883,0.705555555555556,0.842222222222222,0.99,1,-0.869320631066752,0.887987704078813,NA,1000,100,"region_specific","35","wilcoxon"
0.191666666666667,0.484536082474227,0.0255555555555556,0.104444444444444,0.97,1,-0.753922495147235,0.841445425399753,0.02,1000,100,"region_specific","35","deseq2_pb"
0.3,0.576923076923077,0.0133481646273637,0.116796440489433,0.28,0.77,-1.0174004003089,1.04074173172763,0,999,100,"region_specific","36","dream_blind"
0.242424242424242,0.532467532467532,0.00889877641824249,0.0912124582869855,0.25,0.72,-1.06889841466161,1.08845965475482,0,999,100,"region_specific","36","dream_napari"
0.242424242424242,0.532467532467532,0.00889877641824249,0.0912124582869855,0.25,0.72,-1.06889841466161,1.08845965475482,0,999,100,"region_specific","36","dream_quint"
0.483870967741935,0.639705882352941,0.100111234705228,0.193548387096774,0.96,0.98,-0.286451790634138,0.438544173177447,0.62,999,100,"region_specific","36","dream_interaction"
0.872062663185379,0.886363636363636,0.742222222222222,0.866666666666667,0.98,1,-0.89966817579019,0.928950574535638,NA,1000,100,"region_specific","36","seurat_blind"
0.871313672922252,0.886574074074074,0.722222222222222,0.851111111111111,0.96,0.98,-0.89966817579019,0.928950574535638,NA,1000,100,"region_specific","36","seurat_napari"
0.871313672922252,0.886574074074074,0.722222222222222,0.851111111111111,0.96,0.98,-0.89966817579019,0.928950574535638,NA,1000,100,"region_specific","36","seurat_quint"
0.871523178807947,0.886986301369863,0.731111111111111,0.863333333333333,0.97,0.99,-0.89966817579019,0.928950574535638,NA,1000,100,"region_specific","36","wilcoxon"
0.137254901960784,0.448863636363636,0.0155728587319244,0.0878754171301446,0.88,0.97,-0.771567529033475,0.80848260299206,0.04,999,100,"region_specific","36","deseq2_pb"
0.345454545454545,0.520958083832335,0.0211111111111111,0.0966666666666667,0.36,0.8,-1.04008553389137,1.06319148381455,0,1000,100,"region_specific","37","dream_blind"
0.333333333333333,0.509803921568627,0.01,0.0866666666666667,0.18,0.75,-1.08297142761801,1.10338013560417,0,1000,100,"region_specific","37","dream_napari"
0.333333333333333,0.509803921568627,0.01,0.0866666666666667,0.18,0.75,-1.08297142761801,1.10338013560417,0,1000,100,"region_specific","37","dream_quint"
0.391304347826087,0.596707818930041,0.07,0.161111111111111,0.98,0.98,-0.328463736690523,0.508609536903943,0.57,1000,100,"region_specific","37","dream_interaction"
0.872200263504611,0.886621315192744,0.735555555555556,0.868888888888889,0.97,1,-0.95453396358012,0.976628658161005,NA,1000,100,"region_specific","37","seurat_blind"
0.872108843537415,0.887470997679814,0.712222222222222,0.85,0.94,0.97,-0.95453396358012,0.976628658161005,NA,1000,100,"region_specific","37","seurat_napari"
0.872108843537415,0.887470997679814,0.712222222222222,0.85,0.94,0.97,-0.95453396358012,0.976628658161005,NA,1000,100,"region_specific","37","seurat_quint"
0.873164218958612,0.885549132947977,0.726666666666667,0.851111111111111,0.95,0.99,-0.95453396358012,0.976628658161005,NA,1000,100,"region_specific","37","wilcoxon"
0.174311926605505,0.457627118644068,0.0211111111111111,0.09,0.9,0.96,-0.79039016988931,0.821036377752654,0.03,1000,100,"region_specific","37","deseq2_pb"
0.568965517241379,0.64321608040201,0.0367074527252503,0.14238042269188,0.25,0.71,-1.1003382111934,1.12626304937332,0,999,100,"region_specific","38","dream_blind"
0.551724137931034,0.66120218579235,0.03559510567297,0.134593993325918,0.26,0.62,-1.13467440995188,1.15796000944079,0,999,100,"region_specific","38","dream_napari"
0.551724137931034,0.66120218579235,0.03559510567297,0.134593993325918,0.26,0.62,-1.13467440995188,1.15796000944079,0,999,100,"region_specific","38","dream_quint"
0.492063492063492,0.645985401459854,0.103448275862069,0.196885428253615,0.96,0.97,-0.433270451969439,0.649477151108379,0.52,999,100,"region_specific","38","dream_interaction"
0.866295264623955,0.886120996441281,0.691111111111111,0.83,0.96,0.96,-0.885562044794004,0.908644340175621,NA,1000,100,"region_specific","38","seurat_blind"
0.865136298421808,0.882069795427196,0.67,0.814444444444444,0.94,0.98,-0.885562044794004,0.908644340175621,NA,1000,100,"region_specific","38","seurat_napari"
0.865136298421808,0.882069795427196,0.67,0.814444444444444,0.94,0.98,-0.885562044794004,0.908644340175621,NA,1000,100,"region_specific","38","seurat_quint"
0.867132867132867,0.884023668639053,0.688888888888889,0.83,0.95,0.98,-0.885562044794004,0.908644340175621,NA,1000,100,"region_specific","38","wilcoxon"
0.18018018018018,0.463687150837989,0.0223214285714286,0.0926339285714286,0.91,0.96,-0.821132255808662,0.848429791868702,0.01,996,100,"region_specific","38","deseq2_pb"
0.142857142857143,0.424,0.00222222222222222,0.0588888888888889,0.12,0.72,-1.05662682313909,1.07822984824598,0,1000,100,"region_specific","39","dream_blind"
0.0909090909090909,0.431034482758621,0.00111111111111111,0.0555555555555556,0.1,0.66,-1.09908725090849,1.11891371104421,0,1000,100,"region_specific","39","dream_napari"
0.0909090909090909,0.431034482758621,0.00111111111111111,0.0555555555555556,0.1,0.66,-1.09908725090849,1.11891371104421,0,1000,100,"region_specific","39","dream_quint"
0.302158273381295,0.556561085972851,0.0466666666666667,0.136666666666667,0.97,0.98,-0.34563160050346,0.534915219814838,0.59,1000,100,"region_specific","39","dream_interaction"
0.867132867132867,0.883886255924171,0.688888888888889,0.828888888888889,0.95,0.98,-0.92699208185211,0.944969149322953,NA,1000,100,"region_specific","39","seurat_blind"
0.865606936416185,0.883553421368547,0.665555555555556,0.817777777777778,0.93,0.97,-0.92699208185211,0.944969149322953,NA,1000,100,"region_specific","39","seurat_napari"
0.865606936416185,0.883553421368547,0.665555555555556,0.817777777777778,0.93,0.97,-0.92699208185211,0.944969149322953,NA,1000,100,"region_specific","39","seurat_quint"
0.869318181818182,0.884523809523809,0.68,0.825555555555556,0.92,0.97,-0.92699208185211,0.944969149322953,NA,1000,100,"region_specific","39","wilcoxon"
0.12621359223301,0.431137724550898,0.014460511679644,0.0800889877641824,0.9,0.95,-0.820290680089774,0.841182519112653,0.01,999,100,"region_specific","39","deseq2_pb"
0.04,0.446808510638298,0.00111111111111111,0.07,0.24,0.78,-1.05814101125786,1.07750785921936,0,1000,100,"region_specific","4","dream_blind"
0.0555555555555556,0.448,0.00111111111111111,0.0622222222222222,0.17,0.69,-1.10287260183701,1.1206140133045,0,1000,100,"region_specific","4","dream_napari"
0.0555555555555556,0.448,0.00111111111111111,0.0622222222222222,0.17,0.69,-1.10287260183701,1.1206140133045,0,1000,100,"region_specific","4","dream_quint"
0.263157894736842,0.552511415525114,0.0388888888888889,0.134444444444444,0.98,0.98,-0.325685884743453,0.489055499407308,0.56,1000,100,"region_specific","4","dream_interaction"
0.870147255689424,0.88594470046083,0.722222222222222,0.854444444444444,0.97,0.99,-0.920149802270355,0.942230873270103,NA,1000,100,"region_specific","4","seurat_blind"
0.871794871794872,0.88631090487239,0.717777777777778,0.848888888888889,0.95,0.98,-0.920149802270355,0.942230873270103,NA,1000,100,"region_specific","4","seurat_napari"
0.871794871794872,0.88631090487239,0.717777777777778,0.848888888888889,0.95,0.98,-0.920149802270355,0.942230873270103,NA,1000,100,"region_specific","4","seurat_quint"
0.868918918918919,0.884345794392523,0.714444444444444,0.841111111111111,0.97,0.99,-0.920149802270355,0.942230873270103,NA,1000,100,"region_specific","4","wilcoxon"
0.0918367346938776,0.473118279569892,0.01,0.0977777777777778,0.89,0.98,-0.812048441710597,0.838892806613245,0.02,1000,100,"region_specific","4","deseq2_pb"
0.3,0.592391304347826,0.0166666666666667,0.121111111111111,0.35,0.75,-1.05834840333302,1.08570165396987,0,1000,100,"region_specific","40","dream_blind"
0.285714285714286,0.593939393939394,0.0133333333333333,0.108888888888889,0.3,0.67,-1.10263142877662,1.12689195303709,0,1000,100,"region_specific","40","dream_napari"
0.285714285714286,0.593939393939394,0.0133333333333333,0.108888888888889,0.3,0.67,-1.10263142877662,1.12689195303709,0,1000,100,"region_specific","40","dream_quint"
0.456043956043956,0.649122807017544,0.0922222222222222,0.205555555555556,0.99,1,-0.370510925058317,0.57394374449196,0.53,1000,100,"region_specific","40","dream_interaction"
0.867142857142857,0.889548693586698,0.674444444444444,0.832222222222222,0.93,0.93,-0.859885519177865,0.894499078067186,NA,1000,100,"region_specific","40","seurat_blind"
0.864942528735632,0.887425149700599,0.668888888888889,0.823333333333333,0.94,0.94,-0.859885519177865,0.894499078067186,NA,1000,100,"region_specific","40","seurat_napari"
0.864942528735632,0.887425149700599,0.668888888888889,0.823333333333333,0.94,0.94,-0.859885519177865,0.894499078067186,NA,1000,100,"region_specific","40","seurat_quint"
0.866764275256223,0.885954381752701,0.657777777777778,0.82,0.91,0.95,-0.859885519177865,0.894499078067186,NA,1000,100,"region_specific","40","wilcoxon"
0.121212121212121,0.452941176470588,0.0133333333333333,0.0855555555555556,0.887755102040816,0.948979591836735,-0.774949319427771,0.809631539816871,0.0102040816326531,998,98,"region_specific","40","deseq2_pb"
0.413793103448276,0.597014925373134,0.0266666666666667,0.133333333333333,0.34,0.81,-1.03296079903998,1.05451155702111,0,1000,100,"region_specific","41","dream_blind"
0.377777777777778,0.592391304347826,0.0188888888888889,0.121111111111111,0.28,0.75,-1.0811477715817,1.10146679652995,0,1000,100,"region_specific","41","dream_napari"
0.377777777777778,0.592391304347826,0.0188888888888889,0.121111111111111,0.28,0.75,-1.0811477715817,1.10146679652995,0,1000,100,"region_specific","41","dream_quint"
0.487046632124352,0.646428571428571,0.104444444444444,0.201111111111111,0.99,0.99,-0.326205519669529,0.496196182295872,0.55,1000,100,"region_specific","41","dream_interaction"
0.85997171145686,0.883529411764706,0.675555555555556,0.834444444444444,0.99,0.99,-0.822312876085994,0.848247867837265,NA,1000,100,"region_specific","41","seurat_blind"
0.857142857142857,0.880579010856454,0.646666666666667,0.811111111111111,0.97,0.99,-0.822312876085994,0.848247867837265,NA,1000,100,"region_specific","41","seurat_napari"
0.857142857142857,0.880579010856454,0.646666666666667,0.811111111111111,0.97,0.99,-0.822312876085994,0.848247867837265,NA,1000,100,"region_specific","41","seurat_quint"
0.862994350282486,0.881720430107527,0.678888888888889,0.82,0.97,0.99,-0.822312876085994,0.848247867837265,NA,1000,100,"region_specific","41","wilcoxon"
0.179487179487179,0.452513966480447,0.0233853006681514,0.0902004454342984,0.96,0.98,-0.774173521846512,0.803505863864711,0.03,998,100,"region_specific","41","deseq2_pb"
0.290909090909091,0.524390243902439,0.0177777777777778,0.0955555555555556,0.39,0.78,-1.051026523895,1.07579070244439,0.01,1000,100,"region_specific","42","dream_blind"
0.3,0.529411764705882,0.0133333333333333,0.09,0.28,0.72,-1.09556324980485,1.1181851668463,0,1000,100,"region_specific","42","dream_napari"
0.3,0.529411764705882,0.0133333333333333,0.09,0.28,0.72,-1.09556324980485,1.1181851668463,0,1000,100,"region_specific","42","dream_quint"
0.455056179775281,0.636704119850187,0.09,0.188888888888889,0.97,0.97,-0.348192797849665,0.533327139719092,0.47,1000,100,"region_specific","42","dream_interaction"
0.863829787234043,0.884615384615385,0.676666666666667,0.843333333333333,0.96,0.99,-0.857349183329626,0.885267340037894,NA,1000,100,"region_specific","42","seurat_blind"
0.863112391930836,0.885111371629543,0.665555555555556,0.838888888888889,0.95,0.98,-0.857349183329626,0.885267340037894,NA,1000,100,"region_specific","42","seurat_napari"
0.863112391930836,0.885111371629543,0.665555555555556,0.838888888888889,0.95,0.98,-0.857349183329626,0.885267340037894,NA,1000,100,"region_specific","42","seurat_quint"
0.865439093484419,0.886016451233843,0.678888888888889,0.837777777777778,0.95,0.97,-0.857349183329626,0.885267340037894,NA,1000,100,"region_specific","42","wilcoxon"
0.181818181818182,0.469613259668508,0.0222222222222222,0.0944444444444444,0.9,0.96,-0.786328899412306,0.818904503895177,0.02,1000,100,"region_specific","42","deseq2_pb"
0.239130434782609,0.455172413793103,0.0122222222222222,0.0733333333333333,0.35,0.79,-1.05356695870349,1.07600328830786,0,1000,100,"region_specific","43","dream_blind"
0.228571428571429,0.461538461538462,0.00888888888888889,0.0666666666666667,0.27,0.7,-1.10273973992704,1.12368664344168,0,1000,100,"region_specific","43","dream_napari"
0.228571428571429,0.461538461538462,0.00888888888888889,0.0666666666666667,0.27,0.7,-1.10273973992704,1.12368664344168,0,1000,100,"region_specific","43","dream_quint"
0.270676691729323,0.552036199095023,0.04,0.135555555555556,0.97,0.99,-0.356631604758336,0.5338251952967,0.52,1000,100,"region_specific","43","dream_interaction"
0.864714086471409,0.882562277580071,0.688888888888889,0.826666666666667,0.97,0.99,-0.857649961202295,0.883444790550097,NA,1000,100,"region_specific","43","seurat_blind"
0.867418899858956,0.884433962264151,0.683333333333333,0.833333333333333,0.94,0.98,-0.857649961202295,0.883444790550097,NA,1000,100,"region_specific","43","seurat_napari"
0.867418899858956,0.884433962264151,0.683333333333333,0.833333333333333,0.94,0.98,-0.857649961202295,0.883444790550097,NA,1000,100,"region_specific","43","seurat_quint"
0.866197183098592,0.883132530120482,0.683333333333333,0.814444444444444,0.95,0.97,-0.857649961202295,0.883444790550097,NA,1000,100,"region_specific","43","wilcoxon"
0.14018691588785,0.403726708074534,0.0166666666666667,0.0722222222222222,0.92,0.96,-0.764712352511649,0.79449881764071,0.04,1000,100,"region_specific","43","deseq2_pb"
0.552631578947368,0.609625668449198,0.0467706013363029,0.126948775055679,0.34,0.73,-1.053041952372,1.07499087036904,0,998,100,"region_specific","44","dream_blind"
0.651162790697674,0.644171779141104,0.03125,0.1171875,0.151515151515152,0.585858585858586,-1.14330005125112,1.15930848896967,0,995,99,"region_specific","44","dream_napari"
0.651162790697674,0.644171779141104,0.03125,0.1171875,0.151515151515152,0.585858585858586,-1.14330005125112,1.15930848896967,0,995,99,"region_specific","44","dream_quint"
0.470899470899471,0.63768115942029,0.099109131403118,0.195991091314031,1,1,-0.337655300244405,0.497495832655576,0.56,998,100,"region_specific","44","dream_interaction"
0.868027210884354,0.885207100591716,0.708888888888889,0.831111111111111,0.97,0.97,-0.889966424609173,0.916136518570398,NA,1000,100,"region_specific","44","seurat_blind"
0.86628733997155,0.880579010856454,0.676666666666667,0.811111111111111,0.94,0.99,-0.889966424609173,0.916136518570398,NA,1000,100,"region_specific","44","seurat_napari"
0.86628733997155,0.880579010856454,0.676666666666667,0.811111111111111,0.94,0.99,-0.889966424609173,0.916136518570398,NA,1000,100,"region_specific","44","seurat_quint"
0.870523415977961,0.885207100591716,0.702222222222222,0.831111111111111,0.94,0.97,-0.889966424609173,0.916136518570398,NA,1000,100,"region_specific","44","wilcoxon"
0.196428571428571,0.520408163265306,0.0245535714285714,0.113839285714286,0.9,0.94,-0.803989719297107,0.834388895834189,0.02,996,100,"region_specific","44","deseq2_pb"
0.27027027027027,0.584269662921348,0.0111111111111111,0.115555555555556,0.27,0.74,-1.05642719684313,1.07577897136527,0,1000,100,"region_specific","45","dream_blind"
0.259259259259259,0.585365853658537,0.00777777777777778,0.106666666666667,0.2,0.68,-1.1055478790368,1.12354359911147,0,1000,100,"region_specific","45","dream_napari"
0.259259259259259,0.585365853658537,0.00777777777777778,0.106666666666667,0.2,0.68,-1.1055478790368,1.12354359911147,0,1000,100,"region_specific","45","dream_quint"
0.270676691729323,0.596707818930041,0.04,0.161111111111111,0.97,0.98,-0.358175058079942,0.537068764655598,0.63,1000,100,"region_specific","45","dream_interaction"
0.865464632454924,0.884023668639053,0.693333333333333,0.83,0.97,0.98,-0.793454558273579,0.814830720711181,NA,1000,100,"region_specific","45","seurat_blind"
0.867403314917127,0.884841363102233,0.697777777777778,0.836666666666667,0.96,0.98,-0.793454558273579,0.814830720711181,NA,1000,100,"region_specific","45","seurat_napari"
0.867403314917127,0.884841363102233,0.697777777777778,0.836666666666667,0.96,0.98,-0.793454558273579,0.814830720711181,NA,1000,100,"region_specific","45","seurat_quint"
0.864714086471409,0.88339222614841,0.688888888888889,0.833333333333333,0.97,0.99,-0.793454558273579,0.814830720711181,NA,1000,100,"region_specific","45","wilcoxon"
0.141509433962264,0.51010101010101,0.0166666666666667,0.112222222222222,0.91,0.97,-0.799205566821669,0.821288219647988,0.01,1000,100,"region_specific","45","deseq2_pb"
0.440677966101695,0.586021505376344,0.0288888888888889,0.121111111111111,0.33,0.77,-1.05152746545707,1.0725999967723,0,1000,100,"region_specific","46","dream_blind"
0.333333333333333,0.604519774011299,0.0166666666666667,0.118888888888889,0.3,0.7,-1.09134798151026,1.1113895782447,0,1000,100,"region_specific","46","dream_napari"
0.333333333333333,0.604519774011299,0.0166666666666667,0.118888888888889,0.3,0.7,-1.09134798151026,1.1113895782447,0,1000,100,"region_specific","46","dream_quint"
0.413173652694611,0.604,0.0766666666666667,0.167777777777778,0.98,0.99,-0.310389232123431,0.48306528527238,0.55,1000,100,"region_specific","46","dream_interaction"
0.860366713681241,0.882766705744431,0.677777777777778,0.836666666666667,0.99,1,-0.81114967030727,0.836315708284807,NA,1000,100,"region_specific","46","seurat_blind"
0.861971830985915,0.880095923261391,0.68,0.815555555555556,0.98,1,-0.81114967030727,0.836315708284807,NA,1000,100,"region_specific","46","seurat_napari"
0.861971830985915,0.880095923261391,0.68,0.815555555555556,0.98,1,-0.81114967030727,0.836315708284807,NA,1000,100,"region_specific","46","seurat_quint"
0.860199714693295,0.882903981264637,0.67,0.837777777777778,0.98,1,-0.81114967030727,0.836315708284807,NA,1000,100,"region_specific","46","wilcoxon"
0.163636363636364,0.466292134831461,0.02,0.0922222222222222,0.92,0.95,-0.808369069427771,0.834935534750808,0.01,1000,100,"region_specific","46","deseq2_pb"
0.189189189189189,0.4875,0.00778642936596218,0.0867630700778643,0.3,0.82,-1.06921306181141,1.08879751103388,0,999,100,"region_specific","47","dream_blind"
0.4,0.525547445255474,0.00889877641824249,0.0800889877641824,0.12,0.65,-1.16321745552313,1.17712188855158,0,999,100,"region_specific","47","dream_napari"
0.4,0.525547445255474,0.00889877641824249,0.0800889877641824,0.12,0.65,-1.16321745552313,1.17712188855158,0,999,100,"region_specific","47","dream_quint"
0.354838709677419,0.6,0.0611790878754171,0.166852057842047,1,1,-0.348909656506836,0.481334125936386,0.51,999,100,"region_specific","47","dream_interaction"
0.857553956834532,0.878640776699029,0.662222222222222,0.804444444444444,0.99,1,-0.85997578240296,0.891445534063737,NA,1000,100,"region_specific","47","seurat_blind"
0.857771260997067,0.879807692307692,0.65,0.813333333333333,0.97,1,-0.85997578240296,0.891445534063737,NA,1000,100,"region_specific","47","seurat_napari"
0.857771260997067,0.879807692307692,0.65,0.813333333333333,0.97,1,-0.85997578240296,0.891445534063737,NA,1000,100,"region_specific","47","seurat_quint"
0.86046511627907,0.877450980392157,0.657777777777778,0.795555555555556,0.96,1,-0.85997578240296,0.891445534063737,NA,1000,100,"region_specific","47","wilcoxon"
0.144230769230769,0.507692307692308,0.0167037861915367,0.110244988864143,0.89,0.96,-0.815016492023784,0.849739907698014,0.01,998,100,"region_specific","47","deseq2_pb"
0.444444444444444,0.561111111111111,0.0311111111111111,0.112222222222222,0.35,0.79,-1.06751929816843,1.08900886599207,0,1000,100,"region_specific","48","dream_blind"
0.5,0.558282208588957,0.0266666666666667,0.101111111111111,0.24,0.72,-1.11511348821037,1.13466045616529,0,1000,100,"region_specific","48","dream_napari"
0.5,0.558282208588957,0.0266666666666667,0.101111111111111,0.24,0.72,-1.11511348821037,1.13466045616529,0,1000,100,"region_specific","48","dream_quint"
0.433526011560694,0.629213483146067,0.0833333333333333,0.186666666666667,0.98,0.99,-0.354141758852162,0.539330866194507,0.55,1000,100,"region_specific","48","dream_interaction"
0.872062663185379,0.886986301369863,0.742222222222222,0.863333333333333,0.98,0.99,-0.92431606444625,0.94493603211347,NA,1000,100,"region_specific","48","seurat_blind"
0.871794871794872,0.887077997671711,0.717777777777778,0.846666666666667,0.95,0.97,-0.92431606444625,0.94493603211347,NA,1000,100,"region_specific","48","seurat_napari"
0.871794871794872,0.887077997671711,0.717777777777778,0.846666666666667,0.95,0.97,-0.92431606444625,0.94493603211347,NA,1000,100,"region_specific","48","seurat_quint"
0.876478318002628,0.889772727272727,0.741111111111111,0.87,0.94,0.97,-0.92431606444625,0.94493603211347,NA,1000,100,"region_specific","48","wilcoxon"
0.194690265486726,0.46195652173913,0.0244444444444444,0.0944444444444444,0.91,0.99,-0.817095911838189,0.841769586828309,0.02,1000,100,"region_specific","48","deseq2_pb"
0.333333333333333,0.53448275862069,0.0211111111111111,0.103333333333333,0.38,0.81,-1.01795231711911,1.03979284399872,0,1000,100,"region_specific","49","dream_blind"
0.275,0.519736842105263,0.0122222222222222,0.0877777777777778,0.29,0.73,-1.06238053491436,1.0826548352894,0,1000,100,"region_specific","49","dream_napari"
0.275,0.519736842105263,0.0122222222222222,0.0877777777777778,0.29,0.73,-1.06238053491436,1.0826548352894,0,1000,100,"region_specific","49","dream_quint"
0.446327683615819,0.623076923076923,0.0877777777777778,0.18,0.98,0.98,-0.284052428160225,0.462543854087308,0.65,1000,100,"region_specific","49","dream_interaction"
0.861823361823362,0.882422802850356,0.672222222222222,0.825555555555556,0.97,0.99,-0.854158881539639,0.879392587029111,NA,1000,100,"region_specific","49","seurat_blind"
0.861230329041488,0.882850241545894,0.668888888888889,0.812222222222222,0.97,0.97,-0.854158881539639,0.879392587029111,NA,1000,100,"region_specific","49","seurat_napari"
0.861230329041488,0.882850241545894,0.668888888888889,0.812222222222222,0.97,0.97,-0.854158881539639,0.879392587029111,NA,1000,100,"region_specific","49","seurat_quint"
0.861031518624642,0.884109916367981,0.667777777777778,0.822222222222222,0.97,0.97,-0.854158881539639,0.879392587029111,NA,1000,100,"region_specific","49","wilcoxon"
0.191304347826087,0.497354497354497,0.0244716351501669,0.104560622914349,0.93,0.95,-0.796384252708402,0.823754323074355,0.03,999,100,"region_specific","49","deseq2_pb"
0.268292682926829,0.570652173913043,0.0122222222222222,0.116666666666667,0.3,0.79,-1.02483612283335,1.04311417198926,0.01,1000,100,"region_specific","5","dream_blind"
0.303030303030303,0.544303797468354,0.0111111111111111,0.0955555555555556,0.23,0.72,-1.06913208613111,1.08654873716495,0,1000,100,"region_specific","5","dream_napari"
0.303030303030303,0.544303797468354,0.0111111111111111,0.0955555555555556,0.23,0.72,-1.06913208613111,1.08654873716495,0,1000,100,"region_specific","5","dream_quint"
0.424418604651163,0.618320610687023,0.0811111111111111,0.18,0.99,1,-0.288470605884759,0.428651125702262,0.66,1000,100,"region_specific","5","dream_interaction"
0.864754098360656,0.883990719257541,0.703333333333333,0.846666666666667,0.99,1,-0.89393587014586,0.912666490720583,NA,1000,100,"region_specific","5","seurat_blind"
0.866108786610879,0.88339222614841,0.69,0.833333333333333,0.96,0.99,-0.89393587014586,0.912666490720583,NA,1000,100,"region_specific","5","seurat_napari"
0.866108786610879,0.88339222614841,0.69,0.833333333333333,0.96,0.99,-0.89393587014586,0.912666490720583,NA,1000,100,"region_specific","5","seurat_quint"
0.863509749303621,0.88339222614841,0.688888888888889,0.833333333333333,0.98,0.99,-0.89393587014586,0.912666490720583,NA,1000,100,"region_specific","5","wilcoxon"
0.162162162162162,0.404761904761905,0.02,0.0755555555555556,0.93,1,-0.783028318331533,0.805796299346061,0.01,1000,100,"region_specific","5","deseq2_pb"
0.358974358974359,0.528662420382166,0.0155555555555556,0.0922222222222222,0.25,0.74,-1.075679680221,1.09425720542074,0,1000,100,"region_specific","50","dream_blind"
0.296296296296296,0.549019607843137,0.00888888888888889,0.0933333333333333,0.19,0.69,-1.11133825101783,1.12863553723267,0,1000,100,"region_specific","50","dream_napari"
0.296296296296296,0.549019607843137,0.00888888888888889,0.0933333333333333,0.19,0.69,-1.11133825101783,1.12863553723267,0,1000,100,"region_specific","50","dream_quint"
0.375796178343949,0.584033613445378,0.0655555555555556,0.154444444444444,0.98,0.99,-0.365192859896859,0.545044923512682,0.61,1000,100,"region_specific","50","dream_interaction"
0.867768595041322,0.885514018691589,0.7,0.842222222222222,0.96,0.98,-0.80730473356425,1.04460752130231,NA,1000,100,"region_specific","50","seurat_blind"
0.868238557558946,0.88631090487239,0.695555555555556,0.848888888888889,0.95,0.98,-0.80730473356425,1.04460752130231,NA,1000,100,"region_specific","50","seurat_napari"
0.868238557558946,0.88631090487239,0.695555555555556,0.848888888888889,0.95,0.98,-0.80730473356425,1.04460752130231,NA,1000,100,"region_specific","50","seurat_quint"
0.868238557558946,0.885882352941176,0.695555555555556,0.836666666666667,0.95,0.97,-0.80730473356425,1.04460752130231,NA,1000,100,"region_specific","50","wilcoxon"
0.136363636363636,0.50253807106599,0.0167037861915367,0.110244988864143,0.95,0.98,-0.713511987198681,1.23558798297083,0.03,998,100,"region_specific","50","deseq2_pb"
0.276595744680851,0.590163934426229,0.014460511679644,0.120133481646274,0.34,0.75,-1.03899772474992,1.06222804530117,0,999,100,"region_specific","6","dream_blind"
0.294117647058824,0.579268292682927,0.0111234705228031,0.10567296996663,0.24,0.69,-1.08777411655427,1.10894260685888,0,999,100,"region_specific","6","dream_napari"
0.294117647058824,0.579268292682927,0.0111234705228031,0.10567296996663,0.24,0.69,-1.08777411655427,1.10894260685888,0,999,100,"region_specific","6","dream_quint"
0.407407407407407,0.619607843137255,0.0734149054505006,0.175750834260289,0.96,0.97,-0.306764182526996,0.504896196299971,0.64,999,100,"region_specific","6","dream_interaction"
0.870094722598105,0.884125144843569,0.714444444444444,0.847777777777778,0.96,1,-0.800548975423241,1.09936998666167,NA,1000,100,"region_specific","6","seurat_blind"
0.869986168741355,0.885913853317811,0.698888888888889,0.845555555555556,0.94,0.98,-0.800548975423241,1.09936998666167,NA,1000,100,"region_specific","6","seurat_napari"
0.869986168741355,0.885913853317811,0.698888888888889,0.845555555555556,0.94,0.98,-0.800548975423241,1.09936998666167,NA,1000,100,"region_specific","6","seurat_quint"
0.87140902872777,0.887470997679814,0.707777777777778,0.85,0.94,0.97,-0.800548975423241,1.09936998666167,NA,1000,100,"region_specific","6","wilcoxon"
0.122448979591837,0.450867052023121,0.0133630289532294,0.0868596881959911,0.86,0.95,-0.72573048365473,1.15048275866635,0.01,998,100,"region_specific","6","deseq2_pb"
0.294117647058824,0.525974025974026,0.0111234705228031,0.0901001112347052,0.24,0.73,-1.05884550668688,1.07863457338763,0,999,100,"region_specific","7","dream_blind"
0.315789473684211,0.507246376811594,0.00667408231368187,0.0778642936596218,0.13,0.68,-1.09744443110896,1.11570045599312,0,999,100,"region_specific","7","dream_napari"
0.315789473684211,0.507246376811594,0.00667408231368187,0.0778642936596218,0.13,0.68,-1.09744443110896,1.11570045599312,0,999,100,"region_specific","7","dream_quint"
0.335570469798658,0.56140350877193,0.0556173526140156,0.14238042269188,0.99,1,-0.30821277683196,0.463061732230118,0.56,999,100,"region_specific","7","dream_interaction"
0.862994350282486,0.884386174016687,0.678888888888889,0.824444444444444,0.97,0.97,-0.872538870114032,0.896597969358375,NA,1000,100,"region_specific","7","seurat_blind"
0.864788732394366,0.885245901639344,0.682222222222222,0.84,0.96,0.98,-0.872538870114032,0.896597969358375,NA,1000,100,"region_specific","7","seurat_napari"
0.864788732394366,0.885245901639344,0.682222222222222,0.84,0.96,0.98,-0.872538870114032,0.896597969358375,NA,1000,100,"region_specific","7","seurat_quint"
0.861428571428571,0.882352941176471,0.67,0.816666666666667,0.97,0.98,-0.872538870114032,0.896597969358375,NA,1000,100,"region_specific","7","wilcoxon"
0.111111111111111,0.453488372093023,0.012263099219621,0.0869565217391304,0.88,0.94,-0.830298562372585,0.856460256499282,0,997,100,"region_specific","7","deseq2_pb"
0.441860465116279,0.561797752808989,0.0211345939933259,0.111234705228031,0.24,0.78,-1.09049566177416,1.11096617857315,0,999,100,"region_specific","8","dream_blind"
0.277777777777778,0.551282051282051,0.00556173526140156,0.0956618464961068,0.13,0.7,-1.13201712744171,1.15072546644405,0,999,100,"region_specific","8","dream_napari"
0.277777777777778,0.551282051282051,0.00556173526140156,0.0956618464961068,0.13,0.7,-1.13201712744171,1.15072546644405,0,999,100,"region_specific","8","dream_quint"
0.392638036809816,0.605577689243028,0.0711902113459399,0.169076751946607,0.99,0.99,-0.389959559508297,0.548051627109189,0.51,999,100,"region_specific","8","dream_interaction"
0.86820652173913,0.883529411764706,0.71,0.834444444444444,0.97,0.99,-0.889802389637927,0.911995889080465,NA,1000,100,"region_specific","8","seurat_blind"
0.86908077994429,0.882915173237754,0.693333333333333,0.821111111111111,0.94,0.98,-0.889802389637927,0.911995889080465,NA,1000,100,"region_specific","8","seurat_napari"
0.86908077994429,0.882915173237754,0.693333333333333,0.821111111111111,0.94,0.98,-0.889802389637927,0.911995889080465,NA,1000,100,"region_specific","8","seurat_quint"
0.869684499314129,0.886283704572098,0.704444444444444,0.84,0.95,0.97,-0.889802389637927,0.911995889080465,NA,1000,100,"region_specific","8","wilcoxon"
0.160377358490566,0.46448087431694,0.0189520624303233,0.0947603121516165,0.89,0.98,-0.828227551470385,0.853247561701955,0.01,997,100,"region_specific","8","deseq2_pb"
0.241379310344828,0.493506493506494,0.00777777777777778,0.0844444444444444,0.22,0.78,-1.05120270746358,1.07438838009574,0,1000,100,"region_specific","9","dream_blind"
0.208333333333333,0.503496503496504,0.00555555555555556,0.08,0.19,0.71,-1.08421592533708,1.10673358581698,0,1000,100,"region_specific","9","dream_napari"
0.208333333333333,0.503496503496504,0.00555555555555556,0.08,0.19,0.71,-1.08421592533708,1.10673358581698,0,1000,100,"region_specific","9","dream_quint"
0.307692307692308,0.552036199095023,0.0488888888888889,0.135555555555556,0.99,0.99,-0.323138333815318,0.487797150654698,0.49,1000,100,"region_specific","9","dream_interaction"
0.860597439544808,0.882142857142857,0.672222222222222,0.823333333333333,0.98,0.99,-0.784576475228173,0.819854685227324,NA,1000,100,"region_specific","9","seurat_blind"
0.865921787709497,0.883748517200475,0.688888888888889,0.827777777777778,0.96,0.98,-0.784576475228173,0.819854685227324,NA,1000,100,"region_specific","9","seurat_napari"
0.865921787709497,0.883748517200475,0.688888888888889,0.827777777777778,0.96,0.98,-0.784576475228173,0.819854685227324,NA,1000,100,"region_specific","9","seurat_quint"
0.861823361823362,0.883116883116883,0.672222222222222,0.831111111111111,0.97,0.99,-0.784576475228173,0.819854685227324,NA,1000,100,"region_specific","9","wilcoxon"
0.08,0.442528735632184,0.00888888888888889,0.0855555555555556,0.92,0.97,-0.786635148371543,0.82255612063487,0.03,1000,100,"region_specific","9","deseq2_pb"
0.333333333333333,0.641891891891892,0.00555555555555556,0.105555555555556,0.1,0.53,-1.21644279235387,1.22872292452227,0,1000,100,"interaction","1","dream_blind"
0.416666666666667,0.648854961832061,0.00555555555555556,0.0944444444444444,0.07,0.46,-1.25037631018189,1.26417384645883,0,1000,100,"interaction","1","dream_napari"
0.416666666666667,0.648854961832061,0.00555555555555556,0.0944444444444444,0.07,0.46,-1.25037631018189,1.26417384645883,0,1000,100,"interaction","1","dream_quint"
0.421686746987952,0.600806451612903,0.0777777777777778,0.165555555555556,0.96,0.99,-0.335459784702864,0.500218993475849,0.57,1000,100,"interaction","1","dream_interaction"
0.863505747126437,0.882775119617225,0.667777777777778,0.82,0.95,0.98,-0.89328148232354,0.912889089736696,NA,1000,100,"interaction","1","seurat_blind"
0.87536231884058,0.884197828709288,0.671111111111111,0.814444444444444,0.86,0.96,-0.89328148232354,0.912889089736696,NA,1000,100,"interaction","1","seurat_napari"
0.87536231884058,0.884197828709288,0.671111111111111,0.814444444444444,0.86,0.96,-0.89328148232354,0.912889089736696,NA,1000,100,"interaction","1","seurat_quint"
0.874095513748191,0.884109916367981,0.671111111111111,0.822222222222222,0.87,0.97,-0.89328148232354,0.912889089736696,NA,1000,100,"interaction","1","wilcoxon"
0.106382978723404,0.388535031847134,0.0111234705228031,0.067853170189099,0.84,0.96,-0.875947202768778,0.897031108388792,0.01,999,100,"interaction","1","deseq2_pb"
0.4,0.571428571428571,0.0111111111111111,0.08,0.15,0.54,-1.18361821363478,1.19887153406078,0,1000,100,"interaction","10","dream_blind"
0.277777777777778,0.596899224806202,0.00555555555555556,0.0855555555555556,0.13,0.52,-1.22201848660278,1.23725006092249,0,1000,100,"interaction","10","dream_napari"
0.277777777777778,0.596899224806202,0.00555555555555556,0.0855555555555556,0.13,0.52,-1.22201848660278,1.23725006092249,0,1000,100,"interaction","10","dream_quint"
0.263157894736842,0.542056074766355,0.0388888888888889,0.128888888888889,0.98,0.98,-0.297134084357153,0.488579317938426,0.54,1000,100,"interaction","10","dream_interaction"
0.874826147426982,0.891100702576112,0.698888888888889,0.845555555555556,0.9,0.93,-0.98852603781458,1.01105005225939,NA,1000,100,"interaction","10","seurat_blind"
0.892086330935252,0.894173602853746,0.688888888888889,0.835555555555556,0.75,0.89,-0.98852603781458,1.01105005225939,NA,1000,100,"interaction","10","seurat_napari"
0.892086330935252,0.894173602853746,0.688888888888889,0.835555555555556,0.75,0.89,-0.98852603781458,1.01105005225939,NA,1000,100,"interaction","10","seurat_quint"
0.884779516358464,0.889281507656066,0.691111111111111,0.838888888888889,0.81,0.94,-0.98852603781458,1.01105005225939,NA,1000,100,"interaction","10","wilcoxon"
0.182692307692308,0.468208092485549,0.0211345939933259,0.0901001112347052,0.85,0.92,-0.848978368747893,0.877500883174578,0.01,999,100,"interaction","10","deseq2_pb"
0,0.574074074074074,0,0.0688888888888889,0.03,0.46,-1.21975220500359,1.23329243461021,0,1000,100,"interaction","11","dream_blind"
0,0.51063829787234,0,0.0533333333333333,0.04,0.46,-1.24025946687565,1.25534803463817,0,1000,100,"interaction","11","dream_napari"
0,0.51063829787234,0,0.0533333333333333,0.04,0.46,-1.24025946687565,1.25534803463817,0,1000,100,"interaction","11","dream_quint"
0.326241134751773,0.549295774647887,0.0511111111111111,0.13,0.95,0.96,-0.308532214532747,0.494222270153029,0.63,1000,100,"interaction","11","dream_interaction"
0.877607788595271,0.888501742160279,0.701111111111111,0.85,0.88,0.96,-1.00445840798957,1.02186888951893,NA,1000,100,"interaction","11","seurat_blind"
0.886981402002861,0.893567251461988,0.688888888888889,0.848888888888889,0.79,0.91,-1.00445840798957,1.02186888951893,NA,1000,100,"interaction","11","seurat_napari"
0.886981402002861,0.893567251461988,0.688888888888889,0.848888888888889,0.79,0.91,-1.00445840798957,1.02186888951893,NA,1000,100,"interaction","11","seurat_quint"
0.883426966292135,0.892523364485981,0.698888888888889,0.848888888888889,0.83,0.92,-1.00445840798957,1.02186888951893,NA,1000,100,"interaction","11","wilcoxon"
0.130434782608696,0.447674418604651,0.0133779264214047,0.0858416945373467,0.8,0.95,-0.914259124900011,0.933741803479613,0.01,997,100,"interaction","11","deseq2_pb"
0.444444444444444,0.673333333333333,0.00444444444444444,0.112222222222222,0.05,0.49,-1.23763720870969,1.25075323638233,0,1000,100,"interaction","12","dream_blind"
0.333333333333333,0.699248120300752,0.00111111111111111,0.103333333333333,0.02,0.4,-1.26957916495047,1.28279112207863,0,1000,100,"interaction","12","dream_napari"
0.333333333333333,0.699248120300752,0.00111111111111111,0.103333333333333,0.02,0.4,-1.26957916495047,1.28279112207863,0,1000,100,"interaction","12","dream_quint"
0.524271844660194,0.653710247349823,0.12,0.205555555555556,0.98,0.98,-0.350630969760746,0.50716905135039,0.51,1000,100,"interaction","12","dream_interaction"
0.880055788005579,0.888366627497062,0.701111111111111,0.84,0.86,0.95,-1.02282780886747,1.04310437158137,NA,1000,100,"interaction","12","seurat_blind"
0.883040935672515,0.89247311827957,0.671111111111111,0.83,0.8,0.9,-1.02282780886747,1.04310437158137,NA,1000,100,"interaction","12","seurat_napari"
0.883040935672515,0.89247311827957,0.671111111111111,0.83,0.8,0.9,-1.02282780886747,1.04310437158137,NA,1000,100,"interaction","12","seurat_quint"
0.882352941176471,0.891537544696067,0.683333333333333,0.831111111111111,0.82,0.91,-1.02282780886747,1.04310437158137,NA,1000,100,"interaction","12","wilcoxon"
0.148936170212766,0.480446927374302,0.0155555555555556,0.0955555555555556,0.8,0.93,-0.895340254339481,0.920177167148001,0.01,1000,100,"interaction","12","deseq2_pb"
0.363636363636364,0.617886178861789,0.00444938820912125,0.0845383759733037,0.07,0.47,-1.2345956787574,1.24740400531797,0,999,100,"interaction","13","dream_blind"
0.333333333333333,0.601851851851852,0.00444938820912125,0.0723025583982203,0.08,0.43,-1.25796746837092,1.27147437078952,0,999,100,"interaction","13","dream_napari"
0.333333333333333,0.601851851851852,0.00444938820912125,0.0723025583982203,0.08,0.43,-1.25796746837092,1.27147437078952,0,999,100,"interaction","13","dream_quint"
0.469945355191257,0.627376425855513,0.0956618464961068,0.183537263626251,0.97,0.98,-0.339947716233379,0.519709718554811,0.54,999,100,"interaction","13","dream_interaction"
0.865067466266867,0.882281553398058,0.641111111111111,0.807777777777778,0.9,0.97,-0.998218678589461,1.0166522240019,NA,1000,100,"interaction","13","seurat_blind"
0.875190258751903,0.885856079404467,0.638888888888889,0.793333333333333,0.82,0.92,-0.998218678589461,1.0166522240019,NA,1000,100,"interaction","13","seurat_napari"
0.875190258751903,0.885856079404467,0.638888888888889,0.793333333333333,0.82,0.92,-0.998218678589461,1.0166522240019,NA,1000,100,"interaction","13","seurat_quint"
0.873323397913562,0.884004884004884,0.651111111111111,0.804444444444444,0.85,0.95,-0.998218678589461,1.0166522240019,NA,1000,100,"interaction","13","wilcoxon"
0.2,0.486338797814208,0.0222965440356745,0.0992196209587514,0.8,0.94,-0.917106027572954,0.9383137633867,0,997,100,"interaction","13","deseq2_pb"
0.518518518518518,0.636363636363636,0.0155555555555556,0.108888888888889,0.13,0.56,-1.20775598761393,1.22344560458372,0,1000,100,"interaction","14","dream_blind"
0.476190476190476,0.638297872340426,0.0111111111111111,0.1,0.11,0.51,-1.22387073633347,1.24081028007632,0,1000,100,"interaction","14","dream_napari"
0.476190476190476,0.638297872340426,0.0111111111111111,0.1,0.11,0.51,-1.22387073633347,1.24081028007632,0,1000,100,"interaction","14","dream_quint"
0.350649350649351,0.586776859504132,0.06,0.157777777777778,1,1,-0.27233599566442,0.468937088544882,0.6,1000,100,"interaction","14","dream_interaction"
0.870292887029289,0.886120996441281,0.693333333333333,0.83,0.93,0.96,-0.93132886656768,0.955420845612258,NA,1000,100,"interaction","14","seurat_blind"
0.879432624113475,0.887839433293979,0.688888888888889,0.835555555555556,0.85,0.95,-0.93132886656768,0.955420845612258,NA,1000,100,"interaction","14","seurat_napari"
0.879432624113475,0.887839433293979,0.688888888888889,0.835555555555556,0.85,0.95,-0.93132886656768,0.955420845612258,NA,1000,100,"interaction","14","seurat_quint"
0.877118644067797,0.887440758293839,0.69,0.832222222222222,0.87,0.95,-0.93132886656768,0.955420845612258,NA,1000,100,"interaction","14","wilcoxon"
0.0978260869565217,0.472222222222222,0.0100111234705228,0.0945494994438265,0.83,0.95,-0.861015328155155,0.888343311578317,0.01,999,100,"interaction","14","deseq2_pb"
0.368421052631579,0.631147540983607,0.00777777777777778,0.0855555555555556,0.12,0.45,-1.23291810475991,1.24658451763064,0,1000,100,"interaction","15","dream_blind"
0.25,0.669642857142857,0.00333333333333333,0.0833333333333333,0.09,0.37,-1.25820721884211,1.27283705113886,0,1000,100,"interaction","15","dream_napari"
0.25,0.669642857142857,0.00333333333333333,0.0833333333333333,0.09,0.37,-1.25820721884211,1.27283705113886,0,1000,100,"interaction","15","dream_quint"
0.392405063291139,0.597560975609756,0.0688888888888889,0.163333333333333,0.96,0.99,-0.320626049862816,0.499367069513505,0.58,1000,100,"interaction","15","dream_interaction"
0.873198847262248,0.887456037514654,0.673333333333333,0.841111111111111,0.88,0.96,-0.995087942188601,1.01875533914207,NA,1000,100,"interaction","15","seurat_blind"
0.876119402985075,0.891537544696067,0.652222222222222,0.831111111111111,0.83,0.91,-0.995087942188601,1.01875533914207,NA,1000,100,"interaction","15","seurat_napari"
0.876119402985075,0.891537544696067,0.652222222222222,0.831111111111111,0.83,0.91,-0.995087942188601,1.01875533914207,NA,1000,100,"interaction","15","seurat_quint"
0.878877400295421,0.890887290167866,0.661111111111111,0.825555555555556,0.82,0.91,-0.995087942188601,1.01875533914207,NA,1000,100,"interaction","15","wilcoxon"
0.173913043478261,0.488372093023256,0.0177777777777778,0.0933333333333333,0.76,0.88,-0.905108194281375,0.933374605395765,0.01,1000,100,"interaction","15","deseq2_pb"
0.35,0.685082872928177,0.00777777777777778,0.137777777777778,0.13,0.57,-1.21034296662658,1.22225976626382,0,1000,100,"interaction","16","dream_blind"
0.214285714285714,0.695652173913043,0.00333333333333333,0.124444444444444,0.11,0.49,-1.2386968209124,1.25092302260514,0,1000,100,"interaction","16","dream_napari"
0.214285714285714,0.695652173913043,0.00333333333333333,0.124444444444444,0.11,0.49,-1.2386968209124,1.25092302260514,0,1000,100,"interaction","16","dream_quint"
0.494897959183673,0.666666666666667,0.107777777777778,0.222222222222222,0.99,1,-0.307938251196814,0.45480982616565,0.52,1000,100,"interaction","16","dream_interaction"
0.867132867132867,0.882978723404255,0.688888888888889,0.83,0.95,0.99,-0.920773110147834,0.936392021081919,NA,1000,100,"interaction","16","seurat_blind"
0.878186968838527,0.890200708382527,0.688888888888889,0.837777777777778,0.86,0.93,-0.920773110147834,0.936392021081919,NA,1000,100,"interaction","16","seurat_napari"
0.878186968838527,0.890200708382527,0.688888888888889,0.837777777777778,0.86,0.93,-0.920773110147834,0.936392021081919,NA,1000,100,"interaction","16","seurat_quint"
0.876388888888889,0.889285714285714,0.701111111111111,0.83,0.89,0.93,-0.920773110147834,0.936392021081919,NA,1000,100,"interaction","16","wilcoxon"
0.116504854368932,0.489583333333333,0.0133779264214047,0.10479375696767,0.91,0.98,-0.85133342072097,0.868622147460423,0,997,100,"interaction","16","deseq2_pb"
0.571428571428571,0.623188405797101,0.0133333333333333,0.0955555555555556,0.09,0.52,-1.24446345851221,1.25507257583687,0,1000,100,"interaction","17","dream_blind"
0.526315789473684,0.621848739495798,0.0111111111111111,0.0822222222222222,0.09,0.45,-1.27241848232782,1.28409527666301,0,1000,100,"interaction","17","dream_napari"
0.526315789473684,0.621848739495798,0.0111111111111111,0.0822222222222222,0.09,0.45,-1.27241848232782,1.28409527666301,0,1000,100,"interaction","17","dream_quint"
0.330935251798561,0.592274678111588,0.0511111111111111,0.153333333333333,0.93,0.95,-0.371728000463886,0.569928826788026,0.51,1000,100,"interaction","17","dream_interaction"
0.867231638418079,0.882850241545894,0.682222222222222,0.812222222222222,0.94,0.97,-0.949325057318574,0.966557006455355,NA,1000,100,"interaction","17","seurat_blind"
0.880918220946915,0.892641737032569,0.682222222222222,0.822222222222222,0.83,0.89,-0.949325057318574,0.966557006455355,NA,1000,100,"interaction","17","seurat_napari"
0.880918220946915,0.892641737032569,0.682222222222222,0.822222222222222,0.83,0.89,-0.949325057318574,0.966557006455355,NA,1000,100,"interaction","17","seurat_quint"
0.881673881673882,0.888489208633094,0.678888888888889,0.823333333333333,0.82,0.93,-0.949325057318574,0.966557006455355,NA,1000,100,"interaction","17","wilcoxon"
0.18348623853211,0.491891891891892,0.0222222222222222,0.101111111111111,0.89,0.94,-0.887973598393833,0.907222121778266,0.01,1000,100,"interaction","17","deseq2_pb"
0.5625,0.711538461538462,0.0200222469410456,0.123470522803115,0.14,0.45,-1.24296774498,1.2556751358276,0,999,100,"interaction","18","dream_blind"
0.470588235294118,0.711409395973154,0.00889877641824249,0.117908787541713,0.09,0.43,-1.26604037663837,1.27819545185949,0,999,100,"interaction","18","dream_napari"
0.470588235294118,0.711409395973154,0.00889877641824249,0.117908787541713,0.09,0.43,-1.26604037663837,1.27819545185949,0,999,100,"interaction","18","dream_quint"
0.449438202247191,0.614173228346457,0.0889877641824249,0.173526140155729,0.98,0.98,-0.322054317427485,0.469629275172878,0.54,999,100,"interaction","18","dream_interaction"
0.872727272727273,0.889148191365227,0.693333333333333,0.846666666666667,0.91,0.95,-1.02485696457618,1.04290104076138,NA,1000,100,"interaction","18","seurat_blind"
0.883211678832117,0.888755980861244,0.672222222222222,0.825555555555556,0.8,0.93,-1.02485696457618,1.04290104076138,NA,1000,100,"interaction","18","seurat_napari"
0.883211678832117,0.888755980861244,0.672222222222222,0.825555555555556,0.8,0.93,-1.02485696457618,1.04290104076138,NA,1000,100,"interaction","18","seurat_quint"
0.89,0.892271662763466,0.692222222222222,0.846666666666667,0.77,0.92,-1.02485696457618,1.04290104076138,NA,1000,100,"interaction","18","wilcoxon"
0.228571428571429,0.505263157894737,0.0267558528428094,0.107023411371237,0.81,0.94,-0.92956004409366,0.950259688477595,0,997,100,"interaction","18","deseq2_pb"
0.285714285714286,0.638888888888889,0.00444444444444444,0.102222222222222,0.1,0.52,-1.22378421247827,1.23594604459078,0,1000,100,"interaction","19","dream_blind"
0.5,0.634920634920635,0.00666666666666667,0.0888888888888889,0.06,0.46,-1.24597400887616,1.25830344907596,0,1000,100,"interaction","19","dream_napari"
0.5,0.634920634920635,0.00666666666666667,0.0888888888888889,0.06,0.46,-1.24597400887616,1.25830344907596,0,1000,100,"interaction","19","dream_quint"
0.352941176470588,0.610236220472441,0.06,0.172222222222222,0.99,0.99,-0.330560593911144,0.512201242202726,0.59,1000,100,"interaction","19","dream_interaction"
0.876216968011127,0.889018691588785,0.7,0.845555555555556,0.89,0.95,-0.928505195769528,1.11218569464216,NA,1000,100,"interaction","19","seurat_blind"
0.882778581765557,0.888095238095238,0.677777777777778,0.828888888888889,0.81,0.94,-0.928505195769528,1.11218569464216,NA,1000,100,"interaction","19","seurat_napari"
0.882778581765557,0.888095238095238,0.677777777777778,0.828888888888889,0.81,0.94,-0.928505195769528,1.11218569464216,NA,1000,100,"interaction","19","seurat_quint"
0.881523272214386,0.891100702576112,0.694444444444444,0.845555555555556,0.84,0.93,-0.928505195769528,1.11218569464216,NA,1000,100,"interaction","19","wilcoxon"
0.15625,0.5,0.0166852057842047,0.101223581757508,0.81,0.91,-0.808275459212868,1.14419104765402,0,999,100,"interaction","19","deseq2_pb"
0.5,0.737931034482759,0.00555555555555556,0.118888888888889,0.05,0.38,-1.25063656417318,1.26282487932168,0,1000,100,"interaction","2","dream_blind"
0.5,0.75,0.00555555555555556,0.106666666666667,0.05,0.32,-1.28220614998584,1.29455776439725,0,1000,100,"interaction","2","dream_napari"
0.5,0.75,0.00555555555555556,0.106666666666667,0.05,0.32,-1.28220614998584,1.29455776439725,0,1000,100,"interaction","2","dream_quint"
0.398773006134969,0.590909090909091,0.0722222222222222,0.158888888888889,0.98,0.99,-0.374315425395952,0.55013636731668,0.52,1000,100,"interaction","2","dream_interaction"
0.871650211565585,0.885342789598109,0.686666666666667,0.832222222222222,0.91,0.97,-0.96591688667102,0.983107893101714,NA,1000,100,"interaction","2","seurat_blind"
0.886297376093295,0.894031668696711,0.675555555555556,0.815555555555556,0.78,0.87,-0.96591688667102,0.983107893101714,NA,1000,100,"interaction","2","seurat_napari"
0.886297376093295,0.894031668696711,0.675555555555556,0.815555555555556,0.78,0.87,-0.96591688667102,0.983107893101714,NA,1000,100,"interaction","2","seurat_quint"
0.890961262553802,0.892344497607656,0.69,0.828888888888889,0.76,0.9,-0.96591688667102,0.983107893101714,NA,1000,100,"interaction","2","wilcoxon"
0.282051282051282,0.478260869565217,0.0366666666666667,0.0977777777777778,0.84,0.96,-0.896337312594446,0.915909315303643,0,1000,100,"interaction","2","deseq2_pb"
0.53125,0.683333333333333,0.0188888888888889,0.136666666666667,0.15,0.57,-1.2316928209549,1.24676431539803,0,1000,100,"interaction","20","dream_blind"
0.571428571428571,0.716867469879518,0.0177777777777778,0.132222222222222,0.12,0.47,-1.25054232563421,1.2649283622504,0,1000,100,"interaction","20","dream_napari"
0.571428571428571,0.716867469879518,0.0177777777777778,0.132222222222222,0.12,0.47,-1.25054232563421,1.2649283622504,0,1000,100,"interaction","20","dream_quint"
0.472222222222222,0.638059701492537,0.0944444444444444,0.19,0.95,0.97,-0.37330935867139,0.60453391462121,0.55,1000,100,"interaction","20","dream_interaction"
0.877266387726639,0.886769964243147,0.698888888888889,0.826666666666667,0.88,0.95,-0.917390231907994,0.948960084867419,NA,1000,100,"interaction","20","seurat_blind"
0.878661087866109,0.886363636363636,0.7,0.823333333333333,0.87,0.95,-0.917390231907994,0.948960084867419,NA,1000,100,"interaction","20","seurat_napari"
0.878661087866109,0.886363636363636,0.7,0.823333333333333,0.87,0.95,-0.917390231907994,0.948960084867419,NA,1000,100,"interaction","20","seurat_quint"
0.882022471910112,0.888361045130641,0.697777777777778,0.831111111111111,0.84,0.94,-0.917390231907994,0.948960084867419,NA,1000,100,"interaction","20","wilcoxon"
0.229357798165138,0.523316062176166,0.0277777777777778,0.112222222222222,0.84,0.92,-0.867774790083233,0.908859162663485,0.03,1000,100,"interaction","20","deseq2_pb"
0.411764705882353,0.658064516129032,0.0155555555555556,0.113333333333333,0.2,0.53,-1.22815152876435,1.2436673169475,0,1000,100,"interaction","21","dream_blind"
0.379310344827586,0.63768115942029,0.0122222222222222,0.0977777777777778,0.18,0.5,-1.241801092376,1.25848466329926,0,1000,100,"interaction","21","dream_napari"
0.379310344827586,0.63768115942029,0.0122222222222222,0.0977777777777778,0.18,0.5,-1.241801092376,1.25848466329926,0,1000,100,"interaction","21","dream_quint"
0.403614457831325,0.59349593495935,0.0744444444444444,0.162222222222222,0.99,1,-0.298827232171059,0.476848001230604,0.49,1000,100,"interaction","21","dream_interaction"
0.879334257975035,0.89112426035503,0.704444444444444,0.836666666666667,0.87,0.92,-1.00358265533545,1.02928849874067,NA,1000,100,"interaction","21","seurat_blind"
0.885106382978723,0.893285371702638,0.693333333333333,0.827777777777778,0.81,0.89,-1.00358265533545,1.02928849874067,NA,1000,100,"interaction","21","seurat_napari"
0.885106382978723,0.893285371702638,0.693333333333333,0.827777777777778,0.81,0.89,-1.00358265533545,1.02928849874067,NA,1000,100,"interaction","21","seurat_quint"
0.890140845070423,0.89344262295082,0.702222222222222,0.847777777777778,0.78,0.91,-1.00358265533545,1.02928849874067,NA,1000,100,"interaction","21","wilcoxon"
0.242990654205607,0.486486486486487,0.0288888888888889,0.1,0.81,0.95,-0.904948404427283,0.93551377379467,0.01,1000,100,"interaction","21","deseq2_pb"
0.307692307692308,0.674242424242424,0.00444444444444444,0.0988888888888889,0.09,0.43,-1.23371598043893,1.24886278245312,0,1000,100,"interaction","22","dream_blind"
0.333333333333333,0.67741935483871,0.00444444444444444,0.0933333333333333,0.08,0.4,-1.24722098477845,1.26189480863828,0,1000,100,"interaction","22","dream_napari"
0.333333333333333,0.67741935483871,0.00444444444444444,0.0933333333333333,0.08,0.4,-1.24722098477845,1.26189480863828,0,1000,100,"interaction","22","dream_quint"
0.407407407407407,0.608163265306122,0.0733333333333333,0.165555555555556,0.96,0.96,-0.339388822565415,0.533395274364838,0.55,1000,100,"interaction","22","dream_interaction"
0.883783783783784,0.892485549132948,0.726666666666667,0.857777777777778,0.86,0.93,-1.00852999291441,1.03290021914121,NA,1000,100,"interaction","22","seurat_blind"
0.891213389121339,0.895712630359212,0.71,0.858888888888889,0.78,0.9,-1.00852999291441,1.03290021914121,NA,1000,100,"interaction","22","seurat_napari"
0.891213389121339,0.895712630359212,0.71,0.858888888888889,0.78,0.9,-1.00852999291441,1.03290021914121,NA,1000,100,"interaction","22","seurat_quint"
0.889958734525447,0.895281933256617,0.718888888888889,0.864444444444444,0.8,0.91,-1.00852999291441,1.03290021914121,NA,1000,100,"interaction","22","wilcoxon"
0.235849056603774,0.494444444444444,0.0277777777777778,0.0988888888888889,0.81,0.91,-0.891008589946684,0.921577375002402,0.01,1000,100,"interaction","22","deseq2_pb"
0.333333333333333,0.554545454545455,0.00888888888888889,0.0677777777777778,0.16,0.49,-1.24691541946931,1.26081960452574,0,1000,100,"interaction","23","dream_blind"
0.346153846153846,0.552083333333333,0.01,0.0588888888888889,0.17,0.43,-1.27724783127298,1.29012468615176,0,1000,100,"interaction","23","dream_napari"
0.346153846153846,0.552083333333333,0.01,0.0588888888888889,0.17,0.43,-1.27724783127298,1.29012468615176,0,1000,100,"interaction","23","dream_quint"
0.195121951219512,0.530516431924883,0.0266666666666667,0.125555555555556,0.99,1,-0.358985298964017,0.516088017323374,0.44,1000,100,"interaction","23","dream_interaction"
0.87874659400545,0.891580161476355,0.716666666666667,0.858888888888889,0.89,0.94,-1.02610876421951,1.05430449051985,NA,1000,100,"interaction","23","seurat_blind"
0.895184135977337,0.894299287410926,0.702222222222222,0.836666666666667,0.74,0.89,-1.02610876421951,1.05430449051985,NA,1000,100,"interaction","23","seurat_napari"
0.895184135977337,0.894299287410926,0.702222222222222,0.836666666666667,0.74,0.89,-1.02610876421951,1.05430449051985,NA,1000,100,"interaction","23","seurat_quint"
0.896935933147632,0.89755529685681,0.715555555555556,0.856666666666667,0.74,0.88,-1.02610876421951,1.05430449051985,NA,1000,100,"interaction","23","wilcoxon"
0.0875,0.477011494252874,0.00779510022271715,0.0924276169265033,0.73,0.91,-0.916553970120234,0.950544477094864,0.01,998,100,"interaction","23","deseq2_pb"
0.2,0.564516129032258,0.00222222222222222,0.0777777777777778,0.08,0.54,-1.24068074745707,1.25407605114487,0,1000,100,"interaction","24","dream_blind"
0.333333333333333,0.593220338983051,0.00111111111111111,0.0777777777777778,0.02,0.48,-1.26120757236046,1.27502056498879,0,1000,100,"interaction","24","dream_napari"
0.333333333333333,0.593220338983051,0.00111111111111111,0.0777777777777778,0.02,0.48,-1.26120757236046,1.27502056498879,0,1000,100,"interaction","24","dream_quint"
0.253846153846154,0.546296296296296,0.0366666666666667,0.131111111111111,0.97,0.98,-0.366656167520648,0.553711904104741,0.51,1000,100,"interaction","24","dream_interaction"
0.868271954674221,0.884480746791132,0.681111111111111,0.842222222222222,0.93,0.99,-0.882380395692028,0.904535704284757,NA,1000,100,"interaction","24","seurat_blind"
0.874643874643875,0.885071090047393,0.682222222222222,0.83,0.88,0.97,-0.882380395692028,0.904535704284757,NA,1000,100,"interaction","24","seurat_napari"
0.874643874643875,0.885071090047393,0.682222222222222,0.83,0.88,0.97,-0.882380395692028,0.904535704284757,NA,1000,100,"interaction","24","seurat_quint"
0.870738636363636,0.887191539365452,0.681111111111111,0.838888888888889,0.91,0.96,-0.882380395692028,0.904535704284757,NA,1000,100,"interaction","24","wilcoxon"
0.151515151515152,0.477777777777778,0.0167037861915367,0.0957683741648107,0.84,0.94,-0.861814234751561,0.885427359814058,0,998,100,"interaction","24","deseq2_pb"
0.818181818181818,0.67515923566879,0.01,0.117777777777778,0.02,0.51,-1.24019212031637,1.25358031900135,0,1000,100,"interaction","25","dream_blind"
0.571428571428571,0.682432432432432,0.00444444444444444,0.112222222222222,0.03,0.47,-1.27710347891444,1.28983374801831,0,1000,100,"interaction","25","dream_napari"
0.571428571428571,0.682432432432432,0.00444444444444444,0.112222222222222,0.03,0.47,-1.27710347891444,1.28983374801831,0,1000,100,"interaction","25","dream_quint"
0.443181818181818,0.614785992217899,0.0866666666666667,0.175555555555556,0.98,0.99,-0.336464990992333,0.480842848917682,0.51,1000,100,"interaction","25","dream_interaction"
0.87516960651289,0.889150943396226,0.716666666666667,0.837777777777778,0.92,0.94,-0.969810119221308,0.995947084088423,NA,1000,100,"interaction","25","seurat_blind"
0.886111111111111,0.894982497082847,0.708888888888889,0.852222222222222,0.82,0.9,-0.969810119221308,0.995947084088423,NA,1000,100,"interaction","25","seurat_napari"
0.886111111111111,0.894982497082847,0.708888888888889,0.852222222222222,0.82,0.9,-0.969810119221308,0.995947084088423,NA,1000,100,"interaction","25","seurat_quint"
0.879240162822252,0.888361045130641,0.72,0.831111111111111,0.89,0.94,-0.969810119221308,0.995947084088423,NA,1000,100,"interaction","25","wilcoxon"
0.138297872340426,0.461077844311377,0.0144444444444444,0.0855555555555556,0.81,0.9,-0.893775846618622,0.923317943076916,0.01,1000,100,"interaction","25","deseq2_pb"
0.583333333333333,0.725609756097561,0.0155555555555556,0.132222222222222,0.1,0.45,-1.23594254223863,1.24642971155782,0,1000,100,"interaction","26","dream_blind"
0.333333333333333,0.701986754966887,0.00222222222222222,0.117777777777778,0.04,0.45,-1.2534450230186,1.26451243788146,0,1000,100,"interaction","26","dream_napari"
0.333333333333333,0.701986754966887,0.00222222222222222,0.117777777777778,0.04,0.45,-1.2534450230186,1.26451243788146,0,1000,100,"interaction","26","dream_quint"
0.46448087431694,0.620689655172414,0.0944444444444444,0.18,0.98,0.99,-0.317290186083354,0.44595942199601,0.58,1000,100,"interaction","26","dream_interaction"
0.872950819672131,0.887096774193548,0.71,0.855555555555556,0.93,0.98,-0.938783119574245,0.960521498084006,NA,1000,100,"interaction","26","seurat_blind"
0.88218793828892,0.891860465116279,0.698888888888889,0.852222222222222,0.84,0.93,-0.938783119574245,0.960521498084006,NA,1000,100,"interaction","26","seurat_napari"
0.88218793828892,0.891860465116279,0.698888888888889,0.852222222222222,0.84,0.93,-0.938783119574245,0.960521498084006,NA,1000,100,"interaction","26","seurat_quint"
0.885952712100139,0.896631823461092,0.707777777777778,0.857777777777778,0.82,0.89,-0.938783119574245,0.960521498084006,NA,1000,100,"interaction","26","wilcoxon"
0.174757281553398,0.460227272727273,0.02,0.09,0.85,0.95,-0.891993202554425,0.915398648435378,0.01,1000,100,"interaction","26","deseq2_pb"
0.352941176470588,0.560509554140127,0.0133333333333333,0.0977777777777778,0.22,0.69,-1.1604154965077,1.17276496079897,0,1000,100,"interaction","27","dream_blind"
0.277777777777778,0.581081081081081,0.00555555555555556,0.0955555555555556,0.13,0.62,-1.17534684812518,1.18911012585646,0,1000,100,"interaction","27","dream_napari"
0.277777777777778,0.581081081081081,0.00555555555555556,0.0955555555555556,0.13,0.62,-1.17534684812518,1.18911012585646,0,1000,100,"interaction","27","dream_quint"
0.290780141843972,0.49238578680203,0.0455555555555556,0.107777777777778,1,1,-0.207038720957076,0.444351948572187,0.69,1000,100,"interaction","27","dream_interaction"
0.873103448275862,0.888366627497062,0.703333333333333,0.84,0.92,0.95,-0.950334234141739,0.967380891407983,NA,1000,100,"interaction","27","seurat_blind"
0.881597717546362,0.886634844868735,0.686666666666667,0.825555555555556,0.83,0.95,-0.950334234141739,0.967380891407983,NA,1000,100,"interaction","27","seurat_napari"
0.881597717546362,0.886634844868735,0.686666666666667,0.825555555555556,0.83,0.95,-0.950334234141739,0.967380891407983,NA,1000,100,"interaction","27","seurat_quint"
0.879888268156425,0.890200708382527,0.7,0.837777777777778,0.86,0.93,-0.950334234141739,0.967380891407983,NA,1000,100,"interaction","27","wilcoxon"
0.1875,0.475138121546961,0.0233853006681514,0.0957683741648107,0.91,0.95,-0.844669852642677,0.864765840372433,0.01,998,100,"interaction","27","deseq2_pb"
0.44,0.617647058823529,0.0122222222222222,0.0933333333333333,0.14,0.52,-1.25054332352662,1.26243145410861,0,1000,100,"interaction","28","dream_blind"
0.411764705882353,0.639097744360902,0.00777777777777778,0.0944444444444444,0.1,0.48,-1.25990638583491,1.2725051364211,0,1000,100,"interaction","28","dream_napari"
0.411764705882353,0.639097744360902,0.00777777777777778,0.0944444444444444,0.1,0.48,-1.25990638583491,1.2725051364211,0,1000,100,"interaction","28","dream_quint"
0.438202247191011,0.603174603174603,0.0866666666666667,0.168888888888889,1,1,-0.343447581720171,0.508400395294015,0.55,1000,100,"interaction","28","dream_interaction"
0.869262865090403,0.88722669735328,0.694444444444444,0.856666666666667,0.94,0.98,-0.918137211946097,0.936578584543751,NA,1000,100,"interaction","28","seurat_blind"
0.877318116975749,0.889929742388759,0.683333333333333,0.844444444444444,0.86,0.94,-0.918137211946097,0.936578584543751,NA,1000,100,"interaction","28","seurat_napari"
0.877318116975749,0.889929742388759,0.683333333333333,0.844444444444444,0.86,0.94,-0.918137211946097,0.936578584543751,NA,1000,100,"interaction","28","seurat_quint"
0.879603399433428,0.889406286379511,0.69,0.848888888888889,0.85,0.95,-0.918137211946097,0.936578584543751,NA,1000,100,"interaction","28","wilcoxon"
0.188118811881188,0.441860465116279,0.0211111111111111,0.0844444444444444,0.82,0.96,-0.919561937360825,0.938527491082497,0,1000,100,"interaction","28","deseq2_pb"
0.536585365853659,0.698224852071006,0.0244716351501669,0.131256952169077,0.19,0.51,-1.17997424072557,1.19428197302932,0,999,100,"interaction","29","dream_blind"
0.4,0.684210526315789,0.00889877641824249,0.115684093437152,0.12,0.48,-1.200625647788,1.21502442926566,0,999,100,"interaction","29","dream_napari"
0.4,0.684210526315789,0.00889877641824249,0.115684093437152,0.12,0.48,-1.200625647788,1.21502442926566,0,999,100,"interaction","29","dream_quint"
0.45,0.640287769784173,0.0901001112347052,0.197997775305895,0.99,1,-0.241459702062617,0.407918268117032,0.66,999,100,"interaction","29","dream_interaction"
0.858600583090379,0.879227053140097,0.654444444444444,0.808888888888889,0.97,1,-0.864370217418518,0.888980229921125,NA,1000,100,"interaction","29","seurat_blind"
0.874269005847953,0.887816646562123,0.664444444444444,0.817777777777778,0.86,0.93,-0.864370217418518,0.888980229921125,NA,1000,100,"interaction","29","seurat_napari"
0.874269005847953,0.887816646562123,0.664444444444444,0.817777777777778,0.86,0.93,-0.864370217418518,0.888980229921125,NA,1000,100,"interaction","29","seurat_quint"
0.867362146050671,0.885954381752701,0.646666666666667,0.82,0.89,0.95,-0.864370217418518,0.888980229921125,NA,1000,100,"interaction","29","wilcoxon"
0.23728813559322,0.526570048309179,0.0312151616499443,0.121516164994426,0.9,0.98,-0.832674871137642,0.859169693491972,0.01,997,100,"interaction","29","deseq2_pb"
0.678571428571429,0.664516129032258,0.0211111111111111,0.114444444444444,0.09,0.52,-1.22861586987535,1.24219254839449,0,1000,100,"interaction","3","dream_blind"
0.703703703703704,0.681481481481481,0.0211111111111111,0.102222222222222,0.08,0.43,-1.24988173473591,1.26461511917518,0,1000,100,"interaction","3","dream_napari"
0.703703703703704,0.681481481481481,0.0211111111111111,0.102222222222222,0.08,0.43,-1.24988173473591,1.26461511917518,0,1000,100,"interaction","3","dream_quint"
0.423529411764706,0.614173228346457,0.08,0.173333333333333,0.98,0.98,-0.339230211830934,0.537627812960059,0.55,1000,100,"interaction","3","dream_interaction"
0.876712328767123,0.886442641946698,0.711111111111111,0.85,0.9,0.98,-0.925917708412114,0.949184753514927,NA,1000,100,"interaction","3","seurat_blind"
0.893387314439946,0.893271461716937,0.735555555555556,0.855555555555556,0.79,0.92,-0.925917708412114,0.949184753514927,NA,1000,100,"interaction","3","seurat_napari"
0.893387314439946,0.893271461716937,0.735555555555556,0.855555555555556,0.79,0.92,-0.925917708412114,0.949184753514927,NA,1000,100,"interaction","3","seurat_quint"
0.891364902506964,0.88953488372093,0.711111111111111,0.85,0.78,0.95,-0.925917708412114,0.949184753514927,NA,1000,100,"interaction","3","wilcoxon"
0.19811320754717,0.502645502645503,0.0233333333333333,0.105555555555556,0.85,0.94,-0.870290407558162,0.896622608920262,0.01,1000,100,"interaction","3","deseq2_pb"
0.673076923076923,0.673202614379085,0.0388888888888889,0.114444444444444,0.17,0.5,-1.25233356218074,1.26885609642623,0,1000,100,"interaction","30","dream_blind"
0.53125,0.682119205298013,0.0188888888888889,0.114444444444444,0.15,0.48,-1.27514794643119,1.29103831539099,0,1000,100,"interaction","30","dream_napari"
0.53125,0.682119205298013,0.0188888888888889,0.114444444444444,0.15,0.48,-1.27514794643119,1.29103831539099,0,1000,100,"interaction","30","dream_quint"
0.476190476190476,0.649122807017544,0.1,0.205555555555556,0.99,1,-0.341642639790367,0.501153449986957,0.6,1000,100,"interaction","30","dream_interaction"
0.876967095851216,0.887545344619105,0.681111111111111,0.815555555555556,0.86,0.93,-1.02631893762405,1.057967554302,NA,1000,100,"interaction","30","seurat_blind"
0.881656804733728,0.890625,0.662222222222222,0.823333333333333,0.8,0.91,-1.02631893762405,1.057967554302,NA,1000,100,"interaction","30","seurat_napari"
0.881656804733728,0.890625,0.662222222222222,0.823333333333333,0.8,0.91,-1.02631893762405,1.057967554302,NA,1000,100,"interaction","30","seurat_quint"
0.880986937590711,0.889563106796116,0.674444444444444,0.814444444444444,0.82,0.91,-1.02631893762405,1.057967554302,NA,1000,100,"interaction","30","wilcoxon"
0.13953488372093,0.455128205128205,0.0133630289532294,0.0790645879732739,0.74,0.85,-0.941526230132066,0.979225496966046,0.01,998,100,"interaction","30","deseq2_pb"
0.454545454545455,0.638297872340426,0.0111111111111111,0.1,0.12,0.51,-1.21927069737103,1.22931160091569,0,1000,100,"interaction","31","dream_blind"
0.478260869565217,0.666666666666667,0.0122222222222222,0.0933333333333333,0.12,0.42,-1.24330103492765,1.25437546830746,0,1000,100,"interaction","31","dream_napari"
0.478260869565217,0.666666666666667,0.0122222222222222,0.0933333333333333,0.12,0.42,-1.24330103492765,1.25437546830746,0,1000,100,"interaction","31","dream_quint"
0.38125,0.602409638554217,0.0677777777777778,0.166666666666667,0.99,0.99,-0.330290269404528,0.489287445148195,0.61,1000,100,"interaction","31","dream_interaction"
0.866008462623413,0.884705882352941,0.682222222222222,0.835555555555556,0.95,0.98,-0.964374864705403,0.986729611938574,NA,1000,100,"interaction","31","seurat_blind"
0.875722543352601,0.889290012033694,0.673333333333333,0.821111111111111,0.86,0.92,-0.964374864705403,0.986729611938574,NA,1000,100,"interaction","31","seurat_napari"
0.875722543352601,0.889290012033694,0.673333333333333,0.821111111111111,0.86,0.92,-0.964374864705403,0.986729611938574,NA,1000,100,"interaction","31","seurat_quint"
0.875177304964539,0.887694145758662,0.685555555555556,0.825555555555556,0.88,0.94,-0.964374864705403,0.986729611938574,NA,1000,100,"interaction","31","wilcoxon"
0.174757281553398,0.486486486486487,0.02,0.1,0.85,0.95,-0.899040095934199,0.925136952935515,0.02,1000,100,"interaction","31","deseq2_pb"
0.4,0.67175572519084,0.00666666666666667,0.0977777777777778,0.09,0.43,-1.25395948403294,1.26839989536049,0,1000,100,"interaction","32","dream_blind"
0.5,0.674418604651163,0.00555555555555556,0.0966666666666667,0.05,0.42,-1.26075270741195,1.27573798801151,0,1000,100,"interaction","32","dream_napari"
0.5,0.674418604651163,0.00555555555555556,0.0966666666666667,0.05,0.42,-1.26075270741195,1.27573798801151,0,1000,100,"interaction","32","dream_quint"
0.387096774193548,0.598326359832636,0.0666666666666667,0.158888888888889,0.95,0.96,-0.352077424979258,0.529598438019454,0.53,1000,100,"interaction","32","dream_interaction"
0.882108183079057,0.891329479768786,0.706666666666667,0.856666666666667,0.85,0.94,-1.02395695838856,1.05041812337694,NA,1000,100,"interaction","32","seurat_blind"
0.894356005788712,0.898345153664303,0.686666666666667,0.844444444444444,0.73,0.86,-1.02395695838856,1.05041812337694,NA,1000,100,"interaction","32","seurat_napari"
0.894356005788712,0.898345153664303,0.686666666666667,0.844444444444444,0.73,0.86,-1.02395695838856,1.05041812337694,NA,1000,100,"interaction","32","seurat_quint"
0.894366197183099,0.898030127462341,0.705555555555556,0.861111111111111,0.75,0.88,-1.02395695838856,1.05041812337694,NA,1000,100,"interaction","32","wilcoxon"
0.2,0.479768786127168,0.02,0.0922222222222222,0.72,0.9,-0.928822890350186,0.959965304828078,0.01,1000,100,"interaction","32","deseq2_pb"
0.296296296296296,0.576642335766423,0.00888888888888889,0.0877777777777778,0.19,0.58,-1.20790339501513,1.22035020125672,0,1000,100,"interaction","33","dream_blind"
0.294117647058824,0.581395348837209,0.00555555555555556,0.0833333333333333,0.12,0.54,-1.23848290979334,1.25166196212134,0,1000,100,"interaction","33","dream_napari"
0.294117647058824,0.581395348837209,0.00555555555555556,0.0833333333333333,0.12,0.54,-1.23848290979334,1.25166196212134,0,1000,100,"interaction","33","dream_quint"
0.277372262773723,0.555555555555556,0.0422222222222222,0.138888888888889,0.99,1,-0.343087658906139,0.522501905356016,0.53,1000,100,"interaction","33","dream_interaction"
0.868603042876902,0.883802816901408,0.697777777777778,0.836666666666667,0.95,0.99,-0.856673821103527,1.01140970118367,NA,1000,100,"interaction","33","seurat_blind"
0.877291960507757,0.885850178359096,0.691111111111111,0.827777777777778,0.87,0.96,-0.856673821103527,1.01140970118367,NA,1000,100,"interaction","33","seurat_napari"
0.877291960507757,0.885850178359096,0.691111111111111,0.827777777777778,0.87,0.96,-0.856673821103527,1.01140970118367,NA,1000,100,"interaction","33","seurat_quint"
0.880785413744741,0.888757396449704,0.697777777777778,0.834444444444444,0.85,0.94,-0.856673821103527,1.01140970118367,NA,1000,100,"interaction","33","wilcoxon"
0.201834862385321,0.455555555555556,0.0244444444444444,0.0911111111111111,0.87,0.98,-0.803737771585456,1.01776125693627,0.02,1000,100,"interaction","33","deseq2_pb"
0.5625,0.727272727272727,0.01,0.133333333333333,0.07,0.45,-1.24827719100368,1.26197937939931,0,1000,100,"interaction","34","dream_blind"
0.6,0.753246753246753,0.01,0.128888888888889,0.06,0.38,-1.26746364043581,1.28193285077681,0,1000,100,"interaction","34","dream_napari"
0.6,0.753246753246753,0.01,0.128888888888889,0.06,0.38,-1.26746364043581,1.28193285077681,0,1000,100,"interaction","34","dream_quint"
0.432748538011696,0.611764705882353,0.0822222222222222,0.173333333333333,0.97,0.99,-0.34724459459519,0.519664110614245,0.48,1000,100,"interaction","34","dream_interaction"
0.879945429740791,0.891100702576112,0.716666666666667,0.845555555555556,0.88,0.93,-0.971546365458165,0.991530064903437,NA,1000,100,"interaction","34","seurat_blind"
0.88781163434903,0.888366627497062,0.712222222222222,0.84,0.81,0.95,-0.971546365458165,0.991530064903437,NA,1000,100,"interaction","34","seurat_napari"
0.88781163434903,0.888366627497062,0.712222222222222,0.84,0.81,0.95,-0.971546365458165,0.991530064903437,NA,1000,100,"interaction","34","seurat_quint"
0.887052341597796,0.894799054373522,0.715555555555556,0.841111111111111,0.82,0.89,-0.971546365458165,0.991530064903437,NA,1000,100,"interaction","34","wilcoxon"
0.212962962962963,0.492063492063492,0.0255839822024472,0.103448275862069,0.85,0.96,-0.897212178826392,0.919764502110261,0.01,999,100,"interaction","34","deseq2_pb"
0.333333333333333,0.537878787878788,0.00777777777777778,0.0788888888888889,0.14,0.61,-1.18882128553753,1.19994387315391,0,1000,100,"interaction","35","dream_blind"
0.285714285714286,0.577235772357724,0.00666666666666667,0.0788888888888889,0.15,0.52,-1.20986029087567,1.22206533053682,0,1000,100,"interaction","35","dream_napari"
0.285714285714286,0.577235772357724,0.00666666666666667,0.0788888888888889,0.15,0.52,-1.20986029087567,1.22206533053682,0,1000,100,"interaction","35","dream_quint"
0.195121951219512,0.424418604651163,0.0266666666666667,0.0811111111111111,0.99,0.99,-0.211390853150535,0.402135740116039,0.67,1000,100,"interaction","35","dream_interaction"
0.869146005509642,0.881936245572609,0.701111111111111,0.83,0.95,1,-0.954000708802708,0.986674863420569,NA,1000,100,"interaction","35","seurat_blind"
0.879432624113475,0.888622754491018,0.688888888888889,0.824444444444444,0.85,0.93,-0.954000708802708,0.986674863420569,NA,1000,100,"interaction","35","seurat_napari"
0.879432624113475,0.888622754491018,0.688888888888889,0.824444444444444,0.85,0.93,-0.954000708802708,0.986674863420569,NA,1000,100,"interaction","35","seurat_quint"
0.874135546334716,0.886120996441281,0.702222222222222,0.83,0.91,0.96,-0.954000708802708,0.986674863420569,NA,1000,100,"interaction","35","wilcoxon"
0.196581196581197,0.489583333333333,0.0255555555555556,0.104444444444444,0.94,0.98,-0.831458070444864,0.973000912274141,0.01,1000,100,"interaction","35","deseq2_pb"
0.526315789473684,0.664516129032258,0.0111234705228031,0.114571746384872,0.09,0.52,-1.20233796368167,1.21937305925898,0,999,100,"interaction","36","dream_blind"
0.470588235294118,0.625954198473282,0.00889877641824249,0.0912124582869855,0.09,0.49,-1.2283238479734,1.24272833637163,0,999,100,"interaction","36","dream_napari"
0.470588235294118,0.625954198473282,0.00889877641824249,0.0912124582869855,0.09,0.49,-1.2283238479734,1.24272833637163,0,999,100,"interaction","36","dream_quint"
0.473118279569892,0.62781954887218,0.0978865406006674,0.185761957730812,0.98,0.99,-0.272323490888469,0.429932385491929,0.6,999,100,"interaction","36","dream_interaction"
0.880758807588076,0.894308943089431,0.722222222222222,0.855555555555556,0.88,0.91,-0.989109430858118,1.01734658304075,NA,1000,100,"interaction","36","seurat_blind"
0.875891583452211,0.888625592417062,0.682222222222222,0.833333333333333,0.87,0.94,-0.989109430858118,1.01734658304075,NA,1000,100,"interaction","36","seurat_napari"
0.875891583452211,0.888625592417062,0.682222222222222,0.833333333333333,0.87,0.94,-0.989109430858118,1.01734658304075,NA,1000,100,"interaction","36","seurat_quint"
0.883720930232558,0.891734575087311,0.717777777777778,0.851111111111111,0.85,0.93,-0.989109430858118,1.01734658304075,NA,1000,100,"interaction","36","wilcoxon"
0.144329896907216,0.464705882352941,0.0155728587319244,0.0878754171301446,0.83,0.91,-0.857281729151978,0.89271538292846,0.02,999,100,"interaction","36","deseq2_pb"
0.476190476190476,0.575539568345324,0.0111111111111111,0.0888888888888889,0.11,0.59,-1.21206358782779,1.2272143117069,0,1000,100,"interaction","37","dream_blind"
0.388888888888889,0.577235772357724,0.00777777777777778,0.0788888888888889,0.11,0.52,-1.231401096132,1.24638069748681,0,1000,100,"interaction","37","dream_napari"
0.388888888888889,0.577235772357724,0.00777777777777778,0.0788888888888889,0.11,0.52,-1.231401096132,1.24638069748681,0,1000,100,"interaction","37","dream_quint"
0.383647798742138,0.584745762711864,0.0677777777777778,0.153333333333333,0.98,0.98,-0.321877858034267,0.502616607027508,0.54,1000,100,"interaction","37","dream_interaction"
0.880597014925373,0.885780885780886,0.721111111111111,0.844444444444444,0.88,0.98,-1.04499297755906,1.0689269569955,NA,1000,100,"interaction","37","seurat_blind"
0.881597717546362,0.892434988179669,0.686666666666667,0.838888888888889,0.83,0.91,-1.04499297755906,1.0689269569955,NA,1000,100,"interaction","37","seurat_napari"
0.881597717546362,0.892434988179669,0.686666666666667,0.838888888888889,0.83,0.91,-1.04499297755906,1.0689269569955,NA,1000,100,"interaction","37","seurat_quint"
0.882191780821918,0.89044289044289,0.715555555555556,0.848888888888889,0.86,0.94,-1.04499297755906,1.0689269569955,NA,1000,100,"interaction","37","wilcoxon"
0.166666666666667,0.465116279069767,0.0188888888888889,0.0888888888888889,0.85,0.92,-0.875364909114699,0.907927683242727,0.02,1000,100,"interaction","37","deseq2_pb"
0.526315789473684,0.726114649681529,0.0111234705228031,0.126807563959956,0.09,0.43,-1.27179847103285,1.28656231609811,0,999,100,"interaction","38","dream_blind"
0.636363636363636,0.707482993197279,0.00778642936596218,0.115684093437152,0.04,0.43,-1.27485308341552,1.29016213458497,0,999,100,"interaction","38","dream_napari"
0.636363636363636,0.707482993197279,0.00778642936596218,0.115684093437152,0.04,0.43,-1.27485308341552,1.29016213458497,0,999,100,"interaction","38","dream_quint"
0.436363636363636,0.623529411764706,0.0800889877641824,0.17686318131257,0.93,0.96,-0.413033504818573,0.637242994733417,0.51,999,100,"interaction","38","dream_interaction"
0.878014184397163,0.884248210023866,0.687777777777778,0.823333333333333,0.86,0.97,-0.979725833956819,1.00452378912612,NA,1000,100,"interaction","38","seurat_blind"
0.885294117647059,0.887941534713764,0.668888888888889,0.81,0.78,0.92,-0.979725833956819,1.00452378912612,NA,1000,100,"interaction","38","seurat_napari"
0.885294117647059,0.887941534713764,0.668888888888889,0.81,0.78,0.92,-0.979725833956819,1.00452378912612,NA,1000,100,"interaction","38","seurat_quint"
0.886819484240688,0.891435464414958,0.687777777777778,0.821111111111111,0.79,0.9,-0.979725833956819,1.00452378912612,NA,1000,100,"interaction","38","wilcoxon"
0.2,0.474285714285714,0.0212053571428571,0.0926339285714286,0.76,0.92,-0.909719473301784,0.939489145189525,0.02,996,100,"interaction","38","deseq2_pb"
1,0.490566037735849,0.00111111111111111,0.0577777777777778,0,0.54,-1.22765188888866,1.24038309408269,0,1000,100,"interaction","39","dream_blind"
0.5,0.484848484848485,0.00111111111111111,0.0533333333333333,0.01,0.51,-1.24455864619395,1.25792208529707,0,1000,100,"interaction","39","dream_napari"
0.5,0.484848484848485,0.00111111111111111,0.0533333333333333,0.01,0.51,-1.24455864619395,1.25792208529707,0,1000,100,"interaction","39","dream_quint"
0.326388888888889,0.545871559633027,0.0522222222222222,0.132222222222222,0.97,0.99,-0.33783112636817,0.529100937767905,0.56,1000,100,"interaction","39","dream_interaction"
0.870738636363636,0.886091127098321,0.681111111111111,0.821111111111111,0.91,0.95,-1.02676968273803,1.04869429173967,NA,1000,100,"interaction","39","seurat_blind"
0.883509833585477,0.890377588306943,0.648888888888889,0.812222222222222,0.77,0.9,-1.02676968273803,1.04869429173967,NA,1000,100,"interaction","39","seurat_napari"
0.883509833585477,0.890377588306943,0.648888888888889,0.812222222222222,0.77,0.9,-1.02676968273803,1.04869429173967,NA,1000,100,"interaction","39","seurat_quint"
0.881924198250729,0.889830508474576,0.672222222222222,0.816666666666667,0.81,0.91,-1.02676968273803,1.04869429173967,NA,1000,100,"interaction","39","wilcoxon"
0.130434782608696,0.433962264150943,0.0133481646273637,0.0767519466073415,0.8,0.9,-0.91956688122126,0.945775698016058,0,999,100,"interaction","39","deseq2_pb"
0,0.530973451327434,0,0.0666666666666667,0.03,0.53,-1.23429871380277,1.24738231207209,0,1000,100,"interaction","4","dream_blind"
0,0.54,0,0.06,0.03,0.46,-1.26720032797439,1.27970326460529,0,1000,100,"interaction","4","dream_napari"
0,0.54,0,0.06,0.03,0.46,-1.26720032797439,1.27970326460529,0,1000,100,"interaction","4","dream_quint"
0.340277777777778,0.597510373443983,0.0544444444444444,0.16,0.95,0.97,-0.339794119433336,0.501333448444565,0.53,1000,100,"interaction","4","dream_interaction"
0.880920162381597,0.89044289044289,0.723333333333333,0.848888888888889,0.88,0.94,-1.01214468062731,1.03414332359604,NA,1000,100,"interaction","4","seurat_blind"
0.886740331491713,0.887573964497041,0.713333333333333,0.833333333333333,0.82,0.95,-1.01214468062731,1.03414332359604,NA,1000,100,"interaction","4","seurat_napari"
0.886740331491713,0.887573964497041,0.713333333333333,0.833333333333333,0.82,0.95,-1.01214468062731,1.03414332359604,NA,1000,100,"interaction","4","seurat_quint"
0.882596685082873,0.889800703399766,0.71,0.843333333333333,0.85,0.94,-1.01214468062731,1.03414332359604,NA,1000,100,"interaction","4","wilcoxon"
0.0804597701149425,0.486187845303867,0.00777777777777778,0.0977777777777778,0.8,0.93,-0.898049249996232,0.924611553162479,0.01,1000,100,"interaction","4","deseq2_pb"
0.518518518518518,0.62,0.0155555555555556,0.103333333333333,0.13,0.57,-1.23308756915146,1.25038877855431,0,1000,100,"interaction","40","dream_blind"
0.423076923076923,0.623076923076923,0.0122222222222222,0.09,0.15,0.49,-1.25451183350337,1.27173327965944,0,1000,100,"interaction","40","dream_napari"
0.423076923076923,0.623076923076923,0.0122222222222222,0.09,0.15,0.49,-1.25451183350337,1.27173327965944,0,1000,100,"interaction","40","dream_quint"
0.427745664739884,0.630597014925373,0.0822222222222222,0.187777777777778,0.99,0.99,-0.34923007593716,0.560599598351369,0.55,1000,100,"interaction","40","dream_interaction"
0.86784140969163,0.88433734939759,0.656666666666667,0.815555555555556,0.9,0.96,-0.932195476743511,0.974950672774024,NA,1000,100,"interaction","40","seurat_blind"
0.876691729323308,0.890229191797346,0.647777777777778,0.82,0.82,0.91,-0.932195476743511,0.974950672774024,NA,1000,100,"interaction","40","seurat_napari"
0.876691729323308,0.890229191797346,0.647777777777778,0.82,0.82,0.91,-0.932195476743511,0.974950672774024,NA,1000,100,"interaction","40","seurat_quint"
0.87221396731055,0.884428223844282,0.652222222222222,0.807777777777778,0.86,0.95,-0.932195476743511,0.974950672774024,NA,1000,100,"interaction","40","wilcoxon"
0.120879120879121,0.452380952380952,0.0122222222222222,0.0844444444444444,0.8,0.92,-0.818957527836585,0.922224377039192,0.03,1000,100,"interaction","40","deseq2_pb"
0.357142857142857,0.69620253164557,0.00555555555555556,0.122222222222222,0.09,0.48,-1.21072489387857,1.22377558467385,0,1000,100,"interaction","41","dream_blind"
0.5,0.678571428571429,0.00666666666666667,0.105555555555556,0.06,0.45,-1.23276805327644,1.24721862126675,0,1000,100,"interaction","41","dream_napari"
0.5,0.678571428571429,0.00666666666666667,0.105555555555556,0.06,0.45,-1.23276805327644,1.24721862126675,0,1000,100,"interaction","41","dream_quint"
0.489690721649485,0.642599277978339,0.105555555555556,0.197777777777778,0.99,0.99,-0.31568729770401,0.488830045725365,0.57,1000,100,"interaction","41","dream_interaction"
0.864825581395349,0.882211538461538,0.661111111111111,0.815555555555556,0.93,0.98,-0.908448235341734,0.93274568070606,NA,1000,100,"interaction","41","seurat_blind"
0.866868381240545,0.885085574572127,0.636666666666667,0.804444444444444,0.88,0.94,-0.908448235341734,0.93274568070606,NA,1000,100,"interaction","41","seurat_napari"
0.866868381240545,0.885085574572127,0.636666666666667,0.804444444444444,0.88,0.94,-0.908448235341734,0.93274568070606,NA,1000,100,"interaction","41","seurat_quint"
0.866473149492017,0.882783882783883,0.663333333333333,0.803333333333333,0.92,0.96,-0.908448235341734,0.93274568070606,NA,1000,100,"interaction","41","wilcoxon"
0.192660550458716,0.460674157303371,0.0233853006681514,0.0913140311804009,0.88,0.96,-0.858200851861973,0.885806358010839,0.01,998,100,"interaction","41","deseq2_pb"
0.208333333333333,0.565891472868217,0.00555555555555556,0.0811111111111111,0.19,0.56,-1.2156613646265,1.23233384027464,0,1000,100,"interaction","42","dream_blind"
0.25,0.586776859504132,0.00555555555555556,0.0788888888888889,0.15,0.5,-1.24249180687139,1.25951091124685,0,1000,100,"interaction","42","dream_napari"
0.25,0.586776859504132,0.00555555555555556,0.0788888888888889,0.15,0.5,-1.24249180687139,1.25951091124685,0,1000,100,"interaction","42","dream_quint"
0.414634146341463,0.635338345864662,0.0755555555555556,0.187777777777778,0.96,0.97,-0.33835811488304,0.528821488185651,0.42,1000,100,"interaction","42","dream_interaction"
0.868876080691643,0.886792452830189,0.67,0.835555555555556,0.91,0.96,-0.95269366068704,0.981818176001847,NA,1000,100,"interaction","42","seurat_blind"
0.879941434846267,0.892601431980907,0.667777777777778,0.831111111111111,0.82,0.9,-0.95269366068704,0.981818176001847,NA,1000,100,"interaction","42","seurat_napari"
0.879941434846267,0.892601431980907,0.667777777777778,0.831111111111111,0.82,0.9,-0.95269366068704,0.981818176001847,NA,1000,100,"interaction","42","seurat_quint"
0.875722543352601,0.887828162291169,0.673333333333333,0.826666666666667,0.86,0.94,-0.95269366068704,0.981818176001847,NA,1000,100,"interaction","42","wilcoxon"
0.19047619047619,0.482954545454545,0.0222222222222222,0.0944444444444444,0.85,0.91,-0.879311500981237,0.912807524616226,0.01,1000,100,"interaction","42","deseq2_pb"
0.333333333333333,0.586466165413534,0.00555555555555556,0.0866666666666667,0.1,0.55,-1.23443863376414,1.24817671956811,0,1000,100,"interaction","43","dream_blind"
0.235294117647059,0.588785046728972,0.00444444444444444,0.07,0.13,0.44,-1.2589088264806,1.27386765450367,0,1000,100,"interaction","43","dream_napari"
0.235294117647059,0.588785046728972,0.00444444444444444,0.07,0.13,0.44,-1.2589088264806,1.27386765450367,0,1000,100,"interaction","43","dream_quint"
0.359477124183007,0.580508474576271,0.0611111111111111,0.152222222222222,0.98,0.99,-0.366815393001619,0.541991617507015,0.5,1000,100,"interaction","43","dream_interaction"
0.872159090909091,0.887425149700599,0.682222222222222,0.823333333333333,0.9,0.94,-0.925088727771286,0.976419226101466,NA,1000,100,"interaction","43","seurat_blind"
0.885507246376812,0.895113230035757,0.678888888888889,0.834444444444444,0.79,0.88,-0.925088727771286,0.976419226101466,NA,1000,100,"interaction","43","seurat_napari"
0.885507246376812,0.895113230035757,0.678888888888889,0.834444444444444,0.79,0.88,-0.925088727771286,0.976419226101466,NA,1000,100,"interaction","43","seurat_quint"
0.875542691751085,0.887272727272727,0.672222222222222,0.813333333333333,0.86,0.93,-0.925088727771286,0.976419226101466,NA,1000,100,"interaction","43","wilcoxon"
0.147058823529412,0.407643312101911,0.0166666666666667,0.0711111111111111,0.87,0.93,-0.827456251201415,0.902625923347656,0,1000,100,"interaction","43","deseq2_pb"
0.732142857142857,0.691823899371069,0.0456570155902004,0.122494432071269,0.15,0.49,-1.22454398074891,1.23948371570477,0,998,100,"interaction","44","dream_blind"
0.857142857142857,0.772727272727273,0.0334075723830735,0.11358574610245,0.05,0.3,-1.34486311350968,1.35526520909443,0,998,100,"interaction","44","dream_napari"
0.857142857142857,0.772727272727273,0.0334075723830735,0.11358574610245,0.05,0.3,-1.34486311350968,1.35526520909443,0,998,100,"interaction","44","dream_quint"
0.462365591397849,0.6415770609319,0.0957683741648107,0.199331848552339,1,1,-0.329786666060258,0.493623855090033,0.56,998,100,"interaction","44","dream_interaction"
0.874643874643875,0.883971291866029,0.682222222222222,0.821111111111111,0.88,0.97,-0.983274896926088,1.00827586618257,NA,1000,100,"interaction","44","seurat_blind"
0.880952380952381,0.889963724304716,0.657777777777778,0.817777777777778,0.8,0.91,-0.983274896926088,1.00827586618257,NA,1000,100,"interaction","44","seurat_napari"
0.880952380952381,0.889963724304716,0.657777777777778,0.817777777777778,0.8,0.91,-0.983274896926088,1.00827586618257,NA,1000,100,"interaction","44","seurat_quint"
0.880403458213256,0.888622754491018,0.678888888888889,0.824444444444444,0.83,0.93,-0.983274896926088,1.00827586618257,NA,1000,100,"interaction","44","wilcoxon"
0.198019801980198,0.518324607329843,0.0223214285714286,0.110491071428571,0.81,0.92,-0.889486671858618,0.918676189448684,0.02,996,100,"interaction","44","deseq2_pb"
0.352941176470588,0.689873417721519,0.00666666666666667,0.121111111111111,0.11,0.49,-1.22077171569192,1.2312760206235,0,1000,100,"interaction","45","dream_blind"
0.4,0.715328467153285,0.00666666666666667,0.108888888888889,0.09,0.39,-1.24943044207983,1.26113140404898,0,1000,100,"interaction","45","dream_napari"
0.4,0.715328467153285,0.00666666666666667,0.108888888888889,0.09,0.39,-1.24943044207983,1.26113140404898,0,1000,100,"interaction","45","dream_quint"
0.26865671641791,0.581196581196581,0.04,0.151111111111111,0.98,0.98,-0.344777373945955,0.529225366780694,0.6,1000,100,"interaction","45","dream_interaction"
0.864335664335664,0.884248210023866,0.686666666666667,0.823333333333333,0.97,0.97,-0.887518605844495,0.909753748453199,NA,1000,100,"interaction","45","seurat_blind"
0.877291960507757,0.889281507656066,0.691111111111111,0.838888888888889,0.87,0.94,-0.887518605844495,0.909753748453199,NA,1000,100,"interaction","45","seurat_napari"
0.877291960507757,0.889281507656066,0.691111111111111,0.838888888888889,0.87,0.94,-0.887518605844495,0.909753748453199,NA,1000,100,"interaction","45","seurat_quint"
0.867791842475387,0.885342789598109,0.685555555555556,0.832222222222222,0.94,0.97,-0.887518605844495,0.909753748453199,NA,1000,100,"interaction","45","wilcoxon"
0.148936170212766,0.518134715025907,0.0155555555555556,0.111111111111111,0.8,0.93,-0.888801077928237,0.911261663887734,0,1000,100,"interaction","45","deseq2_pb"
0.62,0.714285714285714,0.0344444444444444,0.122222222222222,0.19,0.44,-1.23937810015115,1.2523365560319,0,1000,100,"interaction","46","dream_blind"
0.571428571428571,0.695364238410596,0.0266666666666667,0.116666666666667,0.18,0.46,-1.2535210528706,1.26813286158768,0,1000,100,"interaction","46","dream_napari"
0.571428571428571,0.695364238410596,0.0266666666666667,0.116666666666667,0.18,0.46,-1.2535210528706,1.26813286158768,0,1000,100,"interaction","46","dream_quint"
0.421052631578947,0.607843137254902,0.08,0.172222222222222,0.99,1,-0.303359899230938,0.479069144446029,0.53,1000,100,"interaction","46","dream_interaction"
0.865248226950355,0.882701421800948,0.677777777777778,0.827777777777778,0.95,0.99,-0.899022114810131,0.922660537205172,NA,1000,100,"interaction","46","seurat_blind"
0.866863905325444,0.885207100591716,0.651111111111111,0.831111111111111,0.9,0.97,-0.899022114810131,0.922660537205172,NA,1000,100,"interaction","46","seurat_napari"
0.866863905325444,0.885207100591716,0.651111111111111,0.831111111111111,0.9,0.97,-0.899022114810131,0.922660537205172,NA,1000,100,"interaction","46","seurat_quint"
0.868005738880918,0.884297520661157,0.672222222222222,0.832222222222222,0.92,0.98,-0.899022114810131,0.922660537205172,NA,1000,100,"interaction","46","wilcoxon"
0.173469387755102,0.46927374301676,0.0188888888888889,0.0933333333333333,0.81,0.95,-0.893155079370329,0.918365005091902,0.01,1000,100,"interaction","46","deseq2_pb"
0.333333333333333,0.574803149606299,0.00778642936596218,0.0812013348164627,0.14,0.54,-1.2230384559682,1.23707861294105,0,999,100,"interaction","47","dream_blind"
0.411764705882353,0.579439252336449,0.00778642936596218,0.0689655172413793,0.1,0.45,-1.25411971787575,1.26797080899105,0,999,100,"interaction","47","dream_napari"
0.411764705882353,0.579439252336449,0.00778642936596218,0.0689655172413793,0.1,0.45,-1.25411971787575,1.26797080899105,0,999,100,"interaction","47","dream_quint"
0.152542372881356,0.456521739130435,0.0200222469410456,0.0934371523915462,1,1,-0.277054457271907,0.435527444150075,0.51,999,100,"interaction","47","dream_interaction"
0.863235294117647,0.882783882783883,0.652222222222222,0.803333333333333,0.93,0.96,-0.949502900934577,0.980558801970838,NA,1000,100,"interaction","47","seurat_blind"
0.87369985141159,0.882281553398058,0.653333333333333,0.807777777777778,0.85,0.97,-0.949502900934577,0.980558801970838,NA,1000,100,"interaction","47","seurat_napari"
0.87369985141159,0.882281553398058,0.653333333333333,0.807777777777778,0.85,0.97,-0.949502900934577,0.980558801970838,NA,1000,100,"interaction","47","seurat_quint"
0.870535714285714,0.889705882352941,0.65,0.806666666666667,0.87,0.9,-0.949502900934577,0.980558801970838,NA,1000,100,"interaction","47","wilcoxon"
0.154639175257732,0.520833333333333,0.0167037861915367,0.111358574610245,0.82,0.92,-0.903026802739196,0.937317448703005,0.01,998,100,"interaction","47","deseq2_pb"
0.608695652173913,0.639705882352941,0.0155555555555556,0.0966666666666667,0.09,0.49,-1.22608564544712,1.23900086705803,0,1000,100,"interaction","48","dream_blind"
0.466666666666667,0.661417322834646,0.00777777777777778,0.0933333333333333,0.08,0.43,-1.25230124982466,1.26555356000379,0,1000,100,"interaction","48","dream_napari"
0.466666666666667,0.661417322834646,0.00777777777777778,0.0933333333333333,0.08,0.43,-1.25230124982466,1.26555356000379,0,1000,100,"interaction","48","dream_quint"
0.406060606060606,0.602409638554217,0.0744444444444444,0.166666666666667,0.98,0.99,-0.338760984551132,0.530837590822638,0.55,1000,100,"interaction","48","dream_interaction"
0.881561238223419,0.885245901639344,0.727777777777778,0.84,0.88,0.98,-1.01297780691322,1.03256774270922,NA,1000,100,"interaction","48","seurat_blind"
0.900426742532006,0.899764150943396,0.703333333333333,0.847777777777778,0.7,0.85,-1.01297780691322,1.03256774270922,NA,1000,100,"interaction","48","seurat_napari"
0.900426742532006,0.899764150943396,0.703333333333333,0.847777777777778,0.7,0.85,-1.01297780691322,1.03256774270922,NA,1000,100,"interaction","48","seurat_quint"
0.89344262295082,0.897405660377358,0.726666666666667,0.845555555555556,0.78,0.87,-1.01297780691322,1.03256774270922,NA,1000,100,"interaction","48","wilcoxon"
0.196078431372549,0.468571428571429,0.0222222222222222,0.0911111111111111,0.82,0.93,-0.900930128634842,0.924047526812173,0.02,1000,100,"interaction","48","deseq2_pb"
0.407407407407407,0.60958904109589,0.0122222222222222,0.0988888888888889,0.16,0.57,-1.20267372542837,1.21661161944347,0,1000,100,"interaction","49","dream_blind"
0.230769230769231,0.58955223880597,0.00333333333333333,0.0877777777777778,0.1,0.55,-1.22508148080382,1.23955489235104,0,1000,100,"interaction","49","dream_napari"
0.230769230769231,0.58955223880597,0.00333333333333333,0.0877777777777778,0.1,0.55,-1.22508148080382,1.23955489235104,0,1000,100,"interaction","49","dream_quint"
0.473118279569892,0.647482014388489,0.0977777777777778,0.2,0.98,0.98,-0.295481310945316,0.471224229714599,0.63,1000,100,"interaction","49","dream_interaction"
0.868085106382979,0.886363636363636,0.68,0.823333333333333,0.93,0.95,-0.948033178085258,0.973512939117462,NA,1000,100,"interaction","49","seurat_blind"
0.869753979739508,0.886883273164862,0.667777777777778,0.818888888888889,0.9,0.94,-0.948033178085258,0.973512939117462,NA,1000,100,"interaction","49","seurat_napari"
0.869753979739508,0.886883273164862,0.667777777777778,0.818888888888889,0.9,0.94,-0.948033178085258,0.973512939117462,NA,1000,100,"interaction","49","seurat_quint"
0.871428571428571,0.889820359281437,0.677777777777778,0.825555555555556,0.9,0.92,-0.948033178085258,0.973512939117462,NA,1000,100,"interaction","49","wilcoxon"
0.194174757281553,0.497326203208556,0.0222469410456062,0.103448275862069,0.83,0.94,-0.889599933904694,0.918352987019397,0.03,999,100,"interaction","49","deseq2_pb"
0.409090909090909,0.618705035971223,0.01,0.0955555555555556,0.13,0.53,-1.19131149140919,1.204250675318,0,1000,100,"interaction","5","dream_blind"
0.391304347826087,0.569105691056911,0.01,0.0777777777777778,0.14,0.53,-1.21674249106905,1.23012363242131,0,1000,100,"interaction","5","dream_napari"
0.391304347826087,0.569105691056911,0.01,0.0777777777777778,0.14,0.53,-1.21674249106905,1.23012363242131,0,1000,100,"interaction","5","dream_quint"
0.37888198757764,0.574468085106383,0.0677777777777778,0.15,1,1,-0.257531526446473,0.408062601044566,0.67,1000,100,"interaction","5","dream_interaction"
0.871468926553672,0.886792452830189,0.685555555555556,0.835555555555556,0.91,0.96,-0.98014879800842,0.99919730813316,NA,1000,100,"interaction","5","seurat_blind"
0.876106194690266,0.88561320754717,0.66,0.834444444444444,0.84,0.97,-0.98014879800842,0.99919730813316,NA,1000,100,"interaction","5","seurat_napari"
0.876106194690266,0.88561320754717,0.66,0.834444444444444,0.84,0.97,-0.98014879800842,0.99919730813316,NA,1000,100,"interaction","5","seurat_quint"
0.877291960507757,0.887173396674584,0.691111111111111,0.83,0.87,0.95,-0.98014879800842,0.99919730813316,NA,1000,100,"interaction","5","wilcoxon"
0.155339805825243,0.416149068322981,0.0177777777777778,0.0744444444444444,0.87,0.94,-0.865884593380186,0.888975306113471,0,1000,100,"interaction","5","deseq2_pb"
0.391304347826087,0.666666666666667,0.01,0.102222222222222,0.14,0.46,-1.24517333311021,1.2554023562833,0,1000,100,"interaction","50","dream_blind"
0.315789473684211,0.661417322834646,0.00666666666666667,0.0933333333333333,0.13,0.43,-1.25268703496268,1.26407209997541,0,1000,100,"interaction","50","dream_napari"
0.315789473684211,0.661417322834646,0.00666666666666667,0.0933333333333333,0.13,0.43,-1.25268703496268,1.26407209997541,0,1000,100,"interaction","50","dream_quint"
0.342281879194631,0.563876651982379,0.0566666666666667,0.142222222222222,0.98,0.99,-0.343688476933671,0.532447938408795,0.59,1000,100,"interaction","50","dream_interaction"
0.871191135734072,0.887719298245614,0.698888888888889,0.843333333333333,0.93,0.96,-0.884165042520525,1.11840865378154,NA,1000,100,"interaction","50","seurat_blind"
0.880055788005579,0.890200708382527,0.701111111111111,0.837777777777778,0.86,0.93,-0.884165042520525,1.11840865378154,NA,1000,100,"interaction","50","seurat_napari"
0.880055788005579,0.890200708382527,0.701111111111111,0.837777777777778,0.86,0.93,-0.884165042520525,1.11840865378154,NA,1000,100,"interaction","50","seurat_quint"
0.872881355932203,0.887323943661972,0.686666666666667,0.84,0.9,0.96,-0.884165042520525,1.11840865378154,NA,1000,100,"interaction","50","wilcoxon"
0.144329896907216,0.510309278350515,0.0155902004454343,0.110244988864143,0.83,0.95,-0.784899368314269,1.29242268464001,0.03,998,100,"interaction","50","deseq2_pb"
0.166666666666667,0.52755905511811,0.00444938820912125,0.0745272525027809,0.2,0.6,-1.19817443822869,1.21170287267179,0,999,100,"interaction","6","dream_blind"
0.173913043478261,0.555555555555556,0.00444938820912125,0.0723025583982203,0.19,0.52,-1.21617498056693,1.23109152424127,0,999,100,"interaction","6","dream_napari"
0.173913043478261,0.555555555555556,0.00444938820912125,0.0723025583982203,0.19,0.52,-1.21617498056693,1.23109152424127,0,999,100,"interaction","6","dream_quint"
0.140350877192982,0.456521739130435,0.017797552836485,0.0934371523915462,0.98,1,-0.238947101910902,0.465405649361575,0.67,999,100,"interaction","6","dream_interaction"
0.881118881118881,0.894186046511628,0.7,0.854444444444444,0.85,0.91,-0.918547355129371,1.09385746649081,NA,1000,100,"interaction","6","seurat_blind"
0.875,0.889277389277389,0.7,0.847777777777778,0.9,0.95,-0.918547355129371,1.09385746649081,NA,1000,100,"interaction","6","seurat_napari"
0.875,0.889277389277389,0.7,0.847777777777778,0.9,0.95,-0.918547355129371,1.09385746649081,NA,1000,100,"interaction","6","seurat_quint"
0.879551820728291,0.8931475029036,0.697777777777778,0.854444444444444,0.86,0.92,-0.918547355129371,1.09385746649081,NA,1000,100,"interaction","6","wilcoxon"
0.123595505617978,0.469879518072289,0.0122494432071269,0.0868596881959911,0.78,0.88,-0.840694863549348,1.10581388714396,0,998,100,"interaction","6","deseq2_pb"
0.384615384615385,0.617391304347826,0.00556173526140156,0.0789766407119021,0.08,0.44,-1.24271937576618,1.25669345519421,0,999,100,"interaction","7","dream_blind"
0.3,0.594594594594595,0.00333704115684093,0.0734149054505006,0.07,0.45,-1.25197415360938,1.2655946996197,0,999,100,"interaction","7","dream_napari"
0.3,0.594594594594595,0.00333704115684093,0.0734149054505006,0.07,0.45,-1.25197415360938,1.2655946996197,0,999,100,"interaction","7","dream_quint"
0.352941176470588,0.563318777292576,0.0600667408231368,0.14349276974416,0.99,1,-0.305069600425273,0.462238067774596,0.52,999,100,"interaction","7","dream_interaction"
0.870875179340029,0.887019230769231,0.674444444444444,0.82,0.9,0.94,-0.971075885151753,0.995000298898098,NA,1000,100,"interaction","7","seurat_blind"
0.882689556509299,0.890887290167866,0.685555555555556,0.825555555555556,0.82,0.91,-0.971075885151753,0.995000298898098,NA,1000,100,"interaction","7","seurat_napari"
0.882689556509299,0.890887290167866,0.685555555555556,0.825555555555556,0.82,0.91,-0.971075885151753,0.995000298898098,NA,1000,100,"interaction","7","seurat_quint"
0.879184861717613,0.89119804400978,0.671111111111111,0.81,0.83,0.89,-0.971075885151753,0.995000298898098,NA,1000,100,"interaction","7","wilcoxon"
0.123595505617978,0.473053892215569,0.012263099219621,0.0880713489409142,0.78,0.88,-0.925463351784645,0.951834605969296,0,997,100,"interaction","7","deseq2_pb"
0.65625,0.659420289855073,0.0233592880978865,0.101223581757508,0.11,0.47,-1.25743078457631,1.27064840227532,0,999,100,"interaction","8","dream_blind"
0.705882352941177,0.633333333333333,0.0133481646273637,0.0845383759733037,0.05,0.44,-1.27882791071744,1.29239679526557,0,999,100,"interaction","8","dream_napari"
0.705882352941177,0.633333333333333,0.0133481646273637,0.0845383759733037,0.05,0.44,-1.27882791071744,1.29239679526557,0,999,100,"interaction","8","dream_quint"
0.355263157894737,0.595918367346939,0.0600667408231368,0.162402669632925,0.98,0.99,-0.371927278020631,0.537940284280816,0.51,999,100,"interaction","8","dream_interaction"
0.876901798063624,0.887154861944778,0.704444444444444,0.821111111111111,0.89,0.94,-0.98304582169772,1.00548763435163,NA,1000,100,"interaction","8","seurat_blind"
0.882438316400581,0.893074119076549,0.675555555555556,0.816666666666667,0.81,0.88,-0.98304582169772,1.00548763435163,NA,1000,100,"interaction","8","seurat_napari"
0.882438316400581,0.893074119076549,0.675555555555556,0.816666666666667,0.81,0.88,-0.98304582169772,1.00548763435163,NA,1000,100,"interaction","8","seurat_quint"
0.885915492957747,0.89047619047619,0.698888888888889,0.831111111111111,0.81,0.92,-0.98304582169772,1.00548763435163,NA,1000,100,"interaction","8","wilcoxon"
0.173469387755102,0.485714285714286,0.0189520624303233,0.0947603121516165,0.81,0.9,-0.91688128586242,0.941727250544428,0.01,997,100,"interaction","8","deseq2_pb"
0.272727272727273,0.559322033898305,0.00333333333333333,0.0733333333333333,0.08,0.52,-1.21684933054369,1.23197431440019,0,1000,100,"interaction","9","dream_blind"
0.375,0.578947368421053,0.00666666666666667,0.0733333333333333,0.1,0.48,-1.2260152857334,1.24243216754402,0,1000,100,"interaction","9","dream_napari"
0.375,0.578947368421053,0.00666666666666667,0.0733333333333333,0.1,0.48,-1.2260152857334,1.24243216754402,0,1000,100,"interaction","9","dream_quint"
0.153846153846154,0.467741935483871,0.02,0.0966666666666667,0.99,0.99,-0.292001956141951,0.469801666901679,0.51,1000,100,"interaction","9","dream_interaction"
0.869503546099291,0.883553421368547,0.681111111111111,0.817777777777778,0.92,0.97,-0.874631742162055,0.908454148316378,NA,1000,100,"interaction","9","seurat_blind"
0.873381294964029,0.89179548156956,0.674444444444444,0.833333333333333,0.88,0.91,-0.874631742162055,0.908454148316378,NA,1000,100,"interaction","9","seurat_napari"
0.873381294964029,0.89179548156956,0.674444444444444,0.833333333333333,0.88,0.91,-0.874631742162055,0.908454148316378,NA,1000,100,"interaction","9","seurat_quint"
0.871572871572872,0.889417360285375,0.671111111111111,0.831111111111111,0.89,0.93,-0.874631742162055,0.908454148316378,NA,1000,100,"interaction","9","wilcoxon"
0.0777777777777778,0.437125748502994,0.00777777777777778,0.0811111111111111,0.83,0.94,-0.873312967125495,0.907983336064555,0.03,1000,100,"interaction","9","deseq2_pb"
