"fdr_adj","fdr_raw","fpr_adj","fpr_raw","power_adj","power_raw","bias","rmse","ci_coverage","n_genes_scored","n_true_de","scenario","seed","region","model"
1,1,0.002,0.05,NA,NA,NA,NA,NA,1000,0,"null","1","Cerebellum","stratified_Cerebellum"
1,1,0.001001001001001,0.0690690690690691,NA,NA,NA,NA,NA,999,0,"null","1","Cortex","stratified_Cortex"
1,1,0.004004004004004,0.0620620620620621,NA,NA,NA,NA,NA,999,0,"null","1","Hippocampus","stratified_Hippocampus"
1,1,0.004004004004004,0.0620620620620621,NA,NA,NA,NA,NA,999,0,"null","1","Olfactory","stratified_Olfactory"
1,1,0.004004004004004,0.0550550550550551,NA,NA,NA,NA,NA,999,0,"null","1","Striatum","stratified_Striatum"
1,1,0.001001001001001,0.0670670670670671,NA,NA,NA,NA,NA,999,0,"null","10","Cerebellum","stratified_Cerebellum"
1,1,0.00700700700700701,0.0810810810810811,NA,NA,NA,NA,NA,999,0,"null","10","Cortex","stratified_Cortex"
1,1,0.002002002002002,0.0830830830830831,NA,NA,NA,NA,NA,999,0,"null","10","Hippocampus","stratified_Hippocampus"
1,1,0.00800800800800801,0.0770770770770771,NA,NA,NA,NA,NA,999,0,"null","10","Olfactory","stratified_Olfactory"
1,1,0.006,0.077,NA,NA,NA,NA,NA,1000,0,"null","10","Striatum","stratified_Striatum"
NA,1,0,0.064128256513026,NA,NA,NA,NA,NA,998,0,"null","11","Cerebellum","stratified_Cerebellum"
NA,1,0,0.0460921843687375,NA,NA,NA,NA,NA,998,0,"null","11","Cortex","stratified_Cortex"
NA,1,0,0.0531594784353059,NA,NA,NA,NA,NA,997,0,"null","11","Hippocampus","stratified_Hippocampus"
1,1,0.00400801603206413,0.0681362725450902,NA,NA,NA,NA,NA,998,0,"null","11","Olfactory","stratified_Olfactory"
1,1,0.00100200400801603,0.0551102204408818,NA,NA,NA,NA,NA,998,0,"null","11","Striatum","stratified_Striatum"
NA,1,0,0.078,NA,NA,NA,NA,NA,1000,0,"null","12","Cerebellum","stratified_Cerebellum"
1,1,0.002,0.083,NA,NA,NA,NA,NA,1000,0,"null","12","Cortex","stratified_Cortex"
1,1,0.003,0.08,NA,NA,NA,NA,NA,1000,0,"null","12","Hippocampus","stratified_Hippocampus"
1,1,0.002,0.083,NA,NA,NA,NA,NA,1000,0,"null","12","Olfactory","stratified_Olfactory"
NA,1,0,0.076,NA,NA,NA,NA,NA,1000,0,"null","12","Striatum","stratified_Striatum"
1,1,0.00200400801603206,0.0591182364729459,NA,NA,NA,NA,NA,998,0,"null","13","Cerebellum","stratified_Cerebellum"
1,1,0.003003003003003,0.0810810810810811,NA,NA,NA,NA,NA,999,0,"null","13","Cortex","stratified_Cortex"
1,1,0.00601202404809619,0.06312625250501,NA,NA,NA,NA,NA,998,0,"null","13","Hippocampus","stratified_Hippocampus"
1,1,0.00601202404809619,0.0811623246492986,NA,NA,NA,NA,NA,998,0,"null","13","Olfactory","stratified_Olfactory"
1,1,0.00501002004008016,0.0811623246492986,NA,NA,NA,NA,NA,998,0,"null","13","Striatum","stratified_Striatum"
1,1,0.005,0.077,NA,NA,NA,NA,NA,1000,0,"null","14","Cerebellum","stratified_Cerebellum"
1,1,0.002002002002002,0.0770770770770771,NA,NA,NA,NA,NA,999,0,"null","14","Cortex","stratified_Cortex"
1,1,0.001001001001001,0.0810810810810811,NA,NA,NA,NA,NA,999,0,"null","14","Hippocampus","stratified_Hippocampus"
1,1,0.00501002004008016,0.0751503006012024,NA,NA,NA,NA,NA,998,0,"null","14","Olfactory","stratified_Olfactory"
1,1,0.00501002004008016,0.0881763527054108,NA,NA,NA,NA,NA,998,0,"null","14","Striatum","stratified_Striatum"
NA,1,0,0.074,NA,NA,NA,NA,NA,1000,0,"null","15","Cerebellum","stratified_Cerebellum"
1,1,0.004,0.062,NA,NA,NA,NA,NA,1000,0,"null","15","Cortex","stratified_Cortex"
1,1,0.002,0.073,NA,NA,NA,NA,NA,1000,0,"null","15","Hippocampus","stratified_Hippocampus"
1,1,0.002,0.079,NA,NA,NA,NA,NA,1000,0,"null","15","Olfactory","stratified_Olfactory"
1,1,0.006,0.076,NA,NA,NA,NA,NA,1000,0,"null","15","Striatum","stratified_Striatum"
1,1,0.00300902708124373,0.0712136409227683,NA,NA,NA,NA,NA,997,0,"null","16","Cerebellum","stratified_Cerebellum"
1,1,0.00100200400801603,0.0771543086172345,NA,NA,NA,NA,NA,998,0,"null","16","Cortex","stratified_Cortex"
1,1,0.00400801603206413,0.0741482965931864,NA,NA,NA,NA,NA,998,0,"null","16","Hippocampus","stratified_Hippocampus"
1,1,0.00802407221664995,0.0812437311935807,NA,NA,NA,NA,NA,997,0,"null","16","Olfactory","stratified_Olfactory"
NA,1,0,0.0791583166332665,NA,NA,NA,NA,NA,998,0,"null","16","Striatum","stratified_Striatum"
1,1,0.008,0.074,NA,NA,NA,NA,NA,1000,0,"null","17","Cerebellum","stratified_Cerebellum"
1,1,0.004,0.071,NA,NA,NA,NA,NA,1000,0,"null","17","Cortex","stratified_Cortex"
1,1,0.001,0.07,NA,NA,NA,NA,NA,1000,0,"null","17","Hippocampus","stratified_Hippocampus"
1,1,0.004,0.069,NA,NA,NA,NA,NA,1000,0,"null","17","Olfactory","stratified_Olfactory"
1,1,0.009,0.072,NA,NA,NA,NA,NA,1000,0,"null","17","Striatum","stratified_Striatum"
1,1,0.003003003003003,0.0860860860860861,NA,NA,NA,NA,NA,999,0,"null","18","Cerebellum","stratified_Cerebellum"
1,1,0.001001001001001,0.0800800800800801,NA,NA,NA,NA,NA,999,0,"null","18","Cortex","stratified_Cortex"
1,1,0.00701402805611222,0.0801603206412826,NA,NA,NA,NA,NA,998,0,"null","18","Hippocampus","stratified_Hippocampus"
1,1,0.002002002002002,0.0870870870870871,NA,NA,NA,NA,NA,999,0,"null","18","Olfactory","stratified_Olfactory"
1,1,0.002002002002002,0.0770770770770771,NA,NA,NA,NA,NA,999,0,"null","18","Striatum","stratified_Striatum"
1,1,0.00501002004008016,0.0781563126252505,NA,NA,NA,NA,NA,998,0,"null","19","Cerebellum","stratified_Cerebellum"
1,1,0.00200400801603206,0.0841683366733467,NA,NA,NA,NA,NA,998,0,"null","19","Cortex","stratified_Cortex"
1,1,0.002002002002002,0.0780780780780781,NA,NA,NA,NA,NA,999,0,"null","19","Hippocampus","stratified_Hippocampus"
NA,1,0,0.0780780780780781,NA,NA,NA,NA,NA,999,0,"null","19","Olfactory","stratified_Olfactory"
1,1,0.00200400801603206,0.0771543086172345,NA,NA,NA,NA,NA,998,0,"null","19","Striatum","stratified_Striatum"
1,1,0.005,0.096,NA,NA,NA,NA,NA,1000,0,"null","2","Cerebellum","stratified_Cerebellum"
1,1,0.003,0.091,NA,NA,NA,NA,NA,1000,0,"null","2","Cortex","stratified_Cortex"
1,1,0.004004004004004,0.0820820820820821,NA,NA,NA,NA,NA,999,0,"null","2","Hippocampus","stratified_Hippocampus"
1,1,0.004,0.116,NA,NA,NA,NA,NA,1000,0,"null","2","Olfactory","stratified_Olfactory"
1,1,0.002002002002002,0.0880880880880881,NA,NA,NA,NA,NA,999,0,"null","2","Striatum","stratified_Striatum"
1,1,0.002,0.094,NA,NA,NA,NA,NA,1000,0,"null","20","Cerebellum","stratified_Cerebellum"
1,1,0.009,0.077,NA,NA,NA,NA,NA,1000,0,"null","20","Cortex","stratified_Cortex"
1,1,0.006,0.086,NA,NA,NA,NA,NA,1000,0,"null","20","Hippocampus","stratified_Hippocampus"
1,1,0.006,0.08,NA,NA,NA,NA,NA,1000,0,"null","20","Olfactory","stratified_Olfactory"
1,1,0.007,0.092,NA,NA,NA,NA,NA,1000,0,"null","20","Striatum","stratified_Striatum"
NA,1,0,0.079,NA,NA,NA,NA,NA,1000,0,"null","21","Cerebellum","stratified_Cerebellum"
1,1,0.003,0.082,NA,NA,NA,NA,NA,1000,0,"null","21","Cortex","stratified_Cortex"
1,1,0.005,0.08,NA,NA,NA,NA,NA,1000,0,"null","21","Hippocampus","stratified_Hippocampus"
1,1,0.002,0.084,NA,NA,NA,NA,NA,1000,0,"null","21","Olfactory","stratified_Olfactory"
1,1,0.002,0.077,NA,NA,NA,NA,NA,1000,0,"null","21","Striatum","stratified_Striatum"
1,1,0.001,0.08,NA,NA,NA,NA,NA,1000,0,"null","22","Cerebellum","stratified_Cerebellum"
1,1,0.001,0.07,NA,NA,NA,NA,NA,1000,0,"null","22","Cortex","stratified_Cortex"
NA,1,0,0.079,NA,NA,NA,NA,NA,1000,0,"null","22","Hippocampus","stratified_Hippocampus"
1,1,0.001,0.071,NA,NA,NA,NA,NA,1000,0,"null","22","Olfactory","stratified_Olfactory"
1,1,0.001,0.073,NA,NA,NA,NA,NA,1000,0,"null","22","Striatum","stratified_Striatum"
1,1,0.00900900900900901,0.0620620620620621,NA,NA,NA,NA,NA,999,0,"null","23","Cerebellum","stratified_Cerebellum"
1,1,0.00600600600600601,0.0710710710710711,NA,NA,NA,NA,NA,999,0,"null","23","Cortex","stratified_Cortex"
1,1,0.00701402805611222,0.0681362725450902,NA,NA,NA,NA,NA,998,0,"null","23","Hippocampus","stratified_Hippocampus"
1,1,0.00200400801603206,0.0531062124248497,NA,NA,NA,NA,NA,998,0,"null","23","Olfactory","stratified_Olfactory"
1,1,0.00501002004008016,0.0751503006012024,NA,NA,NA,NA,NA,998,0,"null","23","Striatum","stratified_Striatum"
1,1,0.002,0.069,NA,NA,NA,NA,NA,1000,0,"null","24","Cerebellum","stratified_Cerebellum"
1,1,0.001001001001001,0.0750750750750751,NA,NA,NA,NA,NA,999,0,"null","24","Cortex","stratified_Cortex"
1,1,0.00100200400801603,0.0731462925851703,NA,NA,NA,NA,NA,998,0,"null","24","Hippocampus","stratified_Hippocampus"
1,1,0.002,0.066,NA,NA,NA,NA,NA,1000,0,"null","24","Olfactory","stratified_Olfactory"
1,1,0.003003003003003,0.0780780780780781,NA,NA,NA,NA,NA,999,0,"null","24","Striatum","stratified_Striatum"
1,1,0.005,0.079,NA,NA,NA,NA,NA,1000,0,"null","25","Cerebellum","stratified_Cerebellum"
1,1,0.001,0.064,NA,NA,NA,NA,NA,1000,0,"null","25","Cortex","stratified_Cortex"
1,1,0.002002002002002,0.0650650650650651,NA,NA,NA,NA,NA,999,0,"null","25","Hippocampus","stratified_Hippocampus"
1,1,0.006,0.065,NA,NA,NA,NA,NA,1000,0,"null","25","Olfactory","stratified_Olfactory"
1,1,0.001,0.084,NA,NA,NA,NA,NA,1000,0,"null","25","Striatum","stratified_Striatum"
1,1,0.003,0.071,NA,NA,NA,NA,NA,1000,0,"null","26","Cerebellum","stratified_Cerebellum"
1,1,0.002,0.076,NA,NA,NA,NA,NA,1000,0,"null","26","Cortex","stratified_Cortex"
NA,1,0,0.072,NA,NA,NA,NA,NA,1000,0,"null","26","Hippocampus","stratified_Hippocampus"
1,1,0.005,0.069,NA,NA,NA,NA,NA,1000,0,"null","26","Olfactory","stratified_Olfactory"
1,1,0.002,0.074,NA,NA,NA,NA,NA,1000,0,"null","26","Striatum","stratified_Striatum"
1,1,0.003003003003003,0.0710710710710711,NA,NA,NA,NA,NA,999,0,"null","27","Cerebellum","stratified_Cerebellum"
1,1,0.004,0.085,NA,NA,NA,NA,NA,1000,0,"null","27","Cortex","stratified_Cortex"
1,1,0.003,0.071,NA,NA,NA,NA,NA,1000,0,"null","27","Hippocampus","stratified_Hippocampus"
1,1,0.003,0.078,NA,NA,NA,NA,NA,1000,0,"null","27","Olfactory","stratified_Olfactory"
NA,1,0,0.0710710710710711,NA,NA,NA,NA,NA,999,0,"null","27","Striatum","stratified_Striatum"
1,1,0.011011011011011,0.0780780780780781,NA,NA,NA,NA,NA,999,0,"null","28","Cerebellum","stratified_Cerebellum"
1,1,0.011,0.089,NA,NA,NA,NA,NA,1000,0,"null","28","Cortex","stratified_Cortex"
1,1,0.008,0.082,NA,NA,NA,NA,NA,1000,0,"null","28","Hippocampus","stratified_Hippocampus"
1,1,0.007,0.079,NA,NA,NA,NA,NA,1000,0,"null","28","Olfactory","stratified_Olfactory"
1,1,0.006,0.073,NA,NA,NA,NA,NA,1000,0,"null","28","Striatum","stratified_Striatum"
1,1,0.00601805416248746,0.111334002006018,NA,NA,NA,NA,NA,997,0,"null","29","Cerebellum","stratified_Cerebellum"
1,1,0.00200400801603206,0.0991983967935872,NA,NA,NA,NA,NA,998,0,"null","29","Cortex","stratified_Cortex"
1,1,0.00100200400801603,0.093186372745491,NA,NA,NA,NA,NA,998,0,"null","29","Hippocampus","stratified_Hippocampus"
1,1,0.00200601805416249,0.0932798395185557,NA,NA,NA,NA,NA,997,0,"null","29","Olfactory","stratified_Olfactory"
1,1,0.0030060120240481,0.0811623246492986,NA,NA,NA,NA,NA,998,0,"null","29","Striatum","stratified_Striatum"
1,1,0.005005005005005,0.0750750750750751,NA,NA,NA,NA,NA,999,0,"null","3","Cerebellum","stratified_Cerebellum"
1,1,0.014,0.084,NA,NA,NA,NA,NA,1000,0,"null","3","Cortex","stratified_Cortex"
1,1,0.004004004004004,0.0820820820820821,NA,NA,NA,NA,NA,999,0,"null","3","Hippocampus","stratified_Hippocampus"
1,1,0.009,0.072,NA,NA,NA,NA,NA,1000,0,"null","3","Olfactory","stratified_Olfactory"
1,1,0.006,0.079,NA,NA,NA,NA,NA,1000,0,"null","3","Striatum","stratified_Striatum"
1,1,0.00400801603206413,0.0661322645290581,NA,NA,NA,NA,NA,998,0,"null","30","Cerebellum","stratified_Cerebellum"
NA,1,0,0.072,NA,NA,NA,NA,NA,1000,0,"null","30","Cortex","stratified_Cortex"
1,1,0.00501002004008016,0.0801603206412826,NA,NA,NA,NA,NA,998,0,"null","30","Hippocampus","stratified_Hippocampus"
1,1,0.00100200400801603,0.0671342685370741,NA,NA,NA,NA,NA,998,0,"null","30","Olfactory","stratified_Olfactory"
1,1,0.00400801603206413,0.0741482965931864,NA,NA,NA,NA,NA,998,0,"null","30","Striatum","stratified_Striatum"
1,1,0.003,0.068,NA,NA,NA,NA,NA,1000,0,"null","31","Cerebellum","stratified_Cerebellum"
1,1,0.001,0.081,NA,NA,NA,NA,NA,1000,0,"null","31","Cortex","stratified_Cortex"
1,1,0.005,0.083,NA,NA,NA,NA,NA,1000,0,"null","31","Hippocampus","stratified_Hippocampus"
1,1,0.003,0.079,NA,NA,NA,NA,NA,1000,0,"null","31","Olfactory","stratified_Olfactory"
1,1,0.004,0.068,NA,NA,NA,NA,NA,1000,0,"null","31","Striatum","stratified_Striatum"
NA,1,0,0.077,NA,NA,NA,NA,NA,1000,0,"null","32","Cerebellum","stratified_Cerebellum"
1,1,0.002,0.091,NA,NA,NA,NA,NA,1000,0,"null","32","Cortex","stratified_Cortex"
1,1,0.006,0.087,NA,NA,NA,NA,NA,1000,0,"null","32","Hippocampus","stratified_Hippocampus"
NA,1,0,0.076,NA,NA,NA,NA,NA,1000,0,"null","32","Olfactory","stratified_Olfactory"
1,1,0.003,0.079,NA,NA,NA,NA,NA,1000,0,"null","32","Striatum","stratified_Striatum"
1,1,0.002002002002002,0.0820820820820821,NA,NA,NA,NA,NA,999,0,"null","33","Cerebellum","stratified_Cerebellum"
1,1,0.004,0.087,NA,NA,NA,NA,NA,1000,0,"null","33","Cortex","stratified_Cortex"
1,1,0.001,0.083,NA,NA,NA,NA,NA,1000,0,"null","33","Hippocampus","stratified_Hippocampus"
1,1,0.001,0.078,NA,NA,NA,NA,NA,1000,0,"null","33","Olfactory","stratified_Olfactory"
NA,1,0,0.09,NA,NA,NA,NA,NA,1000,0,"null","33","Striatum","stratified_Striatum"
1,1,0.00800800800800801,0.0810810810810811,NA,NA,NA,NA,NA,999,0,"null","34","Cerebellum","stratified_Cerebellum"
1,1,0.00600600600600601,0.0850850850850851,NA,NA,NA,NA,NA,999,0,"null","34","Cortex","stratified_Cortex"
1,1,0.003003003003003,0.0780780780780781,NA,NA,NA,NA,NA,999,0,"null","34","Hippocampus","stratified_Hippocampus"
1,1,0.005005005005005,0.0670670670670671,NA,NA,NA,NA,NA,999,0,"null","34","Olfactory","stratified_Olfactory"
1,1,0.00600600600600601,0.0770770770770771,NA,NA,NA,NA,NA,999,0,"null","34","Striatum","stratified_Striatum"
1,1,0.005,0.091,NA,NA,NA,NA,NA,1000,0,"null","35","Cerebellum","stratified_Cerebellum"
1,1,0.003,0.073,NA,NA,NA,NA,NA,1000,0,"null","35","Cortex","stratified_Cortex"
NA,1,0,0.0820820820820821,NA,NA,NA,NA,NA,999,0,"null","35","Hippocampus","stratified_Hippocampus"
1,1,0.001,0.076,NA,NA,NA,NA,NA,1000,0,"null","35","Olfactory","stratified_Olfactory"
1,1,0.004004004004004,0.0780780780780781,NA,NA,NA,NA,NA,999,0,"null","35","Striatum","stratified_Striatum"
1,1,0.003003003003003,0.0680680680680681,NA,NA,NA,NA,NA,999,0,"null","36","Cerebellum","stratified_Cerebellum"
1,1,0.004004004004004,0.0760760760760761,NA,NA,NA,NA,NA,999,0,"null","36","Cortex","stratified_Cortex"
1,1,0.002002002002002,0.0660660660660661,NA,NA,NA,NA,NA,999,0,"null","36","Hippocampus","stratified_Hippocampus"
1,1,0.004004004004004,0.0610610610610611,NA,NA,NA,NA,NA,999,0,"null","36","Olfactory","stratified_Olfactory"
1,1,0.00400801603206413,0.0691382765531062,NA,NA,NA,NA,NA,998,0,"null","36","Striatum","stratified_Striatum"
NA,1,0,0.07,NA,NA,NA,NA,NA,1000,0,"null","37","Cerebellum","stratified_Cerebellum"
1,1,0.002,0.064,NA,NA,NA,NA,NA,1000,0,"null","37","Cortex","stratified_Cortex"
1,1,0.004,0.067,NA,NA,NA,NA,NA,1000,0,"null","37","Hippocampus","stratified_Hippocampus"
1,1,0.003,0.069,NA,NA,NA,NA,NA,1000,0,"null","37","Olfactory","stratified_Olfactory"
1,1,0.006,0.063,NA,NA,NA,NA,NA,1000,0,"null","37","Striatum","stratified_Striatum"
1,1,0.00501504513540622,0.0882647943831495,NA,NA,NA,NA,NA,997,0,"null","38","Cerebellum","stratified_Cerebellum"
1,1,0.00601202404809619,0.0711422845691383,NA,NA,NA,NA,NA,998,0,"null","38","Cortex","stratified_Cortex"
1,1,0.00401203610832497,0.0812437311935807,NA,NA,NA,NA,NA,997,0,"null","38","Hippocampus","stratified_Hippocampus"
1,1,0.00702106318956871,0.0752256770310933,NA,NA,NA,NA,NA,997,0,"null","38","Olfactory","stratified_Olfactory"
1,1,0.005005005005005,0.0790790790790791,NA,NA,NA,NA,NA,999,0,"null","38","Striatum","stratified_Striatum"
1,1,0.00100200400801603,0.0551102204408818,NA,NA,NA,NA,NA,998,0,"null","39","Cerebellum","stratified_Cerebellum"
1,1,0.001,0.055,NA,NA,NA,NA,NA,1000,0,"null","39","Cortex","stratified_Cortex"
1,1,0.00100200400801603,0.0480961923847695,NA,NA,NA,NA,NA,998,0,"null","39","Hippocampus","stratified_Hippocampus"
NA,1,0,0.0500500500500501,NA,NA,NA,NA,NA,999,0,"null","39","Olfactory","stratified_Olfactory"
1,1,0.001001001001001,0.0560560560560561,NA,NA,NA,NA,NA,999,0,"null","39","Striatum","stratified_Striatum"
1,1,0.001001001001001,0.0520520520520521,NA,NA,NA,NA,NA,999,0,"null","4","Cerebellum","stratified_Cerebellum"
1,1,0.001001001001001,0.0750750750750751,NA,NA,NA,NA,NA,999,0,"null","4","Cortex","stratified_Cortex"
1,1,0.002,0.058,NA,NA,NA,NA,NA,1000,0,"null","4","Hippocampus","stratified_Hippocampus"
1,1,0.002,0.052,NA,NA,NA,NA,NA,1000,0,"null","4","Olfactory","stratified_Olfactory"
1,1,0.001,0.057,NA,NA,NA,NA,NA,1000,0,"null","4","Striatum","stratified_Striatum"
1,1,0.00501002004008016,0.0761523046092184,NA,NA,NA,NA,NA,998,0,"null","40","Cerebellum","stratified_Cerebellum"
1,1,0.008,0.071,NA,NA,NA,NA,NA,1000,0,"null","40","Cortex","stratified_Cortex"
1,1,0.003003003003003,0.0630630630630631,NA,NA,NA,NA,NA,999,0,"null","40","Hippocampus","stratified_Hippocampus"
NA,1,0,0.0721442885771543,NA,NA,NA,NA,NA,998,0,"null","40","Olfactory","stratified_Olfactory"
1,1,0.00600600600600601,0.0710710710710711,NA,NA,NA,NA,NA,999,0,"null","40","Striatum","stratified_Striatum"
1,1,0.00200400801603206,0.0821643286573146,NA,NA,NA,NA,NA,998,0,"null","41","Cerebellum","stratified_Cerebellum"
1,1,0.003003003003003,0.0710710710710711,NA,NA,NA,NA,NA,999,0,"null","41","Cortex","stratified_Cortex"
NA,1,0,0.078,NA,NA,NA,NA,NA,1000,0,"null","41","Hippocampus","stratified_Hippocampus"
1,1,0.004,0.078,NA,NA,NA,NA,NA,1000,0,"null","41","Olfactory","stratified_Olfactory"
1,1,0.003003003003003,0.0730730730730731,NA,NA,NA,NA,NA,999,0,"null","41","Striatum","stratified_Striatum"
1,1,0.002,0.071,NA,NA,NA,NA,NA,1000,0,"null","42","Cerebellum","stratified_Cerebellum"
1,1,0.006,0.089,NA,NA,NA,NA,NA,1000,0,"null","42","Cortex","stratified_Cortex"
1,1,0.004,0.076,NA,NA,NA,NA,NA,1000,0,"null","42","Hippocampus","stratified_Hippocampus"
1,1,0.01,0.08,NA,NA,NA,NA,NA,1000,0,"null","42","Olfactory","stratified_Olfactory"
1,1,0.005005005005005,0.0690690690690691,NA,NA,NA,NA,NA,999,0,"null","42","Striatum","stratified_Striatum"
1,1,0.002,0.057,NA,NA,NA,NA,NA,1000,0,"null","43","Cerebellum","stratified_Cerebellum"
1,1,0.003,0.064,NA,NA,NA,NA,NA,1000,0,"null","43","Cortex","stratified_Cortex"
1,1,0.003003003003003,0.0580580580580581,NA,NA,NA,NA,NA,999,0,"null","43","Hippocampus","stratified_Hippocampus"
1,1,0.002,0.058,NA,NA,NA,NA,NA,1000,0,"null","43","Olfactory","stratified_Olfactory"
1,1,0.002,0.06,NA,NA,NA,NA,NA,1000,0,"null","43","Striatum","stratified_Striatum"
1,1,0.00200601805416249,0.0922768304914744,NA,NA,NA,NA,NA,997,0,"null","44","Cerebellum","stratified_Cerebellum"
1,1,0.00601202404809619,0.0771543086172345,NA,NA,NA,NA,NA,998,0,"null","44","Cortex","stratified_Cortex"
1,1,0.00802407221664995,0.078234704112337,NA,NA,NA,NA,NA,997,0,"null","44","Hippocampus","stratified_Hippocampus"
1,1,0.00301204819277108,0.0813253012048193,NA,NA,NA,NA,NA,996,0,"null","44","Olfactory","stratified_Olfactory"
1,1,0.00100300902708124,0.0812437311935807,NA,NA,NA,NA,NA,997,0,"null","44","Striatum","stratified_Striatum"
1,1,0.007,0.078,NA,NA,NA,NA,NA,1000,0,"null","45","Cerebellum","stratified_Cerebellum"
1,1,0.001001001001001,0.0760760760760761,NA,NA,NA,NA,NA,999,0,"null","45","Cortex","stratified_Cortex"
1,1,0.00700700700700701,0.0870870870870871,NA,NA,NA,NA,NA,999,0,"null","45","Hippocampus","stratified_Hippocampus"
1,1,0.001001001001001,0.0830830830830831,NA,NA,NA,NA,NA,999,0,"null","45","Olfactory","stratified_Olfactory"
1,1,0.003,0.073,NA,NA,NA,NA,NA,1000,0,"null","45","Striatum","stratified_Striatum"
1,1,0.006,0.096,NA,NA,NA,NA,NA,1000,0,"null","46","Cerebellum","stratified_Cerebellum"
1,1,0.003,0.086,NA,NA,NA,NA,NA,1000,0,"null","46","Cortex","stratified_Cortex"
1,1,0.005,0.075,NA,NA,NA,NA,NA,1000,0,"null","46","Hippocampus","stratified_Hippocampus"
1,1,0.001,0.074,NA,NA,NA,NA,NA,1000,0,"null","46","Olfactory","stratified_Olfactory"
1,1,0.002,0.083,NA,NA,NA,NA,NA,1000,0,"null","46","Striatum","stratified_Striatum"
1,1,0.002002002002002,0.0700700700700701,NA,NA,NA,NA,NA,999,0,"null","47","Cerebellum","stratified_Cerebellum"
1,1,0.00100200400801603,0.0661322645290581,NA,NA,NA,NA,NA,998,0,"null","47","Cortex","stratified_Cortex"
1,1,0.00400801603206413,0.0791583166332665,NA,NA,NA,NA,NA,998,0,"null","47","Hippocampus","stratified_Hippocampus"
1,1,0.00400801603206413,0.0661322645290581,NA,NA,NA,NA,NA,998,0,"null","47","Olfactory","stratified_Olfactory"
1,1,0.00100200400801603,0.0751503006012024,NA,NA,NA,NA,NA,998,0,"null","47","Striatum","stratified_Striatum"
1,1,0.004,0.073,NA,NA,NA,NA,NA,1000,0,"null","48","Cerebellum","stratified_Cerebellum"
1,1,0.002,0.087,NA,NA,NA,NA,NA,1000,0,"null","48","Cortex","stratified_Cortex"
NA,1,0,0.078,NA,NA,NA,NA,NA,1000,0,"null","48","Hippocampus","stratified_Hippocampus"
1,1,0.005,0.075,NA,NA,NA,NA,NA,1000,0,"null","48","Olfactory","stratified_Olfactory"
1,1,0.002,0.074,NA,NA,NA,NA,NA,1000,0,"null","48","Striatum","stratified_Striatum"
1,1,0.01,0.08,NA,NA,NA,NA,NA,1000,0,"null","49","Cerebellum","stratified_Cerebellum"
1,1,0.006,0.08,NA,NA,NA,NA,NA,1000,0,"null","49","Cortex","stratified_Cortex"
1,1,0.004004004004004,0.0870870870870871,NA,NA,NA,NA,NA,999,0,"null","49","Hippocampus","stratified_Hippocampus"
1,1,0.005005005005005,0.0830830830830831,NA,NA,NA,NA,NA,999,0,"null","49","Olfactory","stratified_Olfactory"
1,1,0.004004004004004,0.0830830830830831,NA,NA,NA,NA,NA,999,0,"null","49","Striatum","stratified_Striatum"
1,1,0.002002002002002,0.0700700700700701,NA,NA,NA,NA,NA,999,0,"null","5","Cerebellum","stratified_Cerebellum"
1,1,0.005,0.071,NA,NA,NA,NA,NA,1000,0,"null","5","Cortex","stratified_Cortex"
1,1,0.003,0.061,NA,NA,NA,NA,NA,1000,0,"null","5","Hippocampus","stratified_Hippocampus"
1,1,0.012,0.068,NA,NA,NA,NA,NA,1000,0,"null","5","Olfactory","stratified_Olfactory"
NA,1,0,0.064,NA,NA,NA,NA,NA,1000,0,"null","5","Striatum","stratified_Striatum"
1,1,0.00501002004008016,0.0801603206412826,NA,NA,NA,NA,NA,998,0,"null","50","Cerebellum","stratified_Cerebellum"
1,1,0.00100200400801603,0.0761523046092184,NA,NA,NA,NA,NA,998,0,"null","50","Cortex","stratified_Cortex"
1,1,0.00100300902708124,0.086258776328987,NA,NA,NA,NA,NA,997,0,"null","50","Hippocampus","stratified_Hippocampus"
1,1,0.00401203610832497,0.0882647943831495,NA,NA,NA,NA,NA,997,0,"null","50","Olfactory","stratified_Olfactory"
1,1,0.00501504513540622,0.0852557673019057,NA,NA,NA,NA,NA,997,0,"null","50","Striatum","stratified_Striatum"
1,1,0.00401203610832497,0.0752256770310933,NA,NA,NA,NA,NA,997,0,"null","6","Cerebellum","stratified_Cerebellum"
1,1,0.00600600600600601,0.0680680680680681,NA,NA,NA,NA,NA,999,0,"null","6","Cortex","stratified_Cortex"
NA,1,0,0.074222668004012,NA,NA,NA,NA,NA,997,0,"null","6","Hippocampus","stratified_Hippocampus"
1,1,0.00100300902708124,0.0792377131394183,NA,NA,NA,NA,NA,997,0,"null","6","Olfactory","stratified_Olfactory"
1,1,0.00300902708124373,0.0772316950852558,NA,NA,NA,NA,NA,997,0,"null","6","Striatum","stratified_Striatum"
1,1,0.003003003003003,0.0710710710710711,NA,NA,NA,NA,NA,999,0,"null","7","Cerebellum","stratified_Cerebellum"
NA,1,0,0.0580580580580581,NA,NA,NA,NA,NA,999,0,"null","7","Cortex","stratified_Cortex"
NA,1,0,0.064128256513026,NA,NA,NA,NA,NA,998,0,"null","7","Hippocampus","stratified_Hippocampus"
1,1,0.001001001001001,0.0720720720720721,NA,NA,NA,NA,NA,999,0,"null","7","Olfactory","stratified_Olfactory"
NA,1,0,0.0671342685370741,NA,NA,NA,NA,NA,998,0,"null","7","Striatum","stratified_Striatum"
NA,1,0,0.0690690690690691,NA,NA,NA,NA,NA,999,0,"null","8","Cerebellum","stratified_Cerebellum"
1,1,0.00400801603206413,0.0721442885771543,NA,NA,NA,NA,NA,998,0,"null","8","Cortex","stratified_Cortex"
1,1,0.00601202404809619,0.062124248496994,NA,NA,NA,NA,NA,998,0,"null","8","Hippocampus","stratified_Hippocampus"
NA,1,0,0.0551102204408818,NA,NA,NA,NA,NA,998,0,"null","8","Olfactory","stratified_Olfactory"
NA,1,0,0.0701402805611222,NA,NA,NA,NA,NA,998,0,"null","8","Striatum","stratified_Striatum"
1,1,0.003,0.078,NA,NA,NA,NA,NA,1000,0,"null","9","Cerebellum","stratified_Cerebellum"
1,1,0.002,0.071,NA,NA,NA,NA,NA,1000,0,"null","9","Cortex","stratified_Cortex"
1,1,0.002,0.087,NA,NA,NA,NA,NA,1000,0,"null","9","Hippocampus","stratified_Hippocampus"
1,1,0.004,0.065,NA,NA,NA,NA,NA,1000,0,"null","9","Olfactory","stratified_Olfactory"
1,1,0.001,0.074,NA,NA,NA,NA,NA,1000,0,"null","9","Striatum","stratified_Striatum"
0.263636363636364,0.497267759562842,0.0322222222222222,0.101111111111111,0.81,0.92,-0.206153635502722,0.443022689033058,0.56,1000,100,"shared","1","Cerebellum","stratified_Cerebellum"
0.325581395348837,0.505208333333333,0.0467185761957731,0.10789766407119,0.87,0.95,-0.128774329863029,0.38880143425298,0.59,999,100,"shared","1","Cortex","stratified_Cortex"
0.362204724409449,0.54228855721393,0.0511679644048943,0.121245828698554,0.81,0.92,-0.184626886909533,0.428586586070736,0.56,999,100,"shared","1","Hippocampus","stratified_Hippocampus"
0.330645161290323,0.548543689320388,0.0456062291434928,0.125695216907675,0.83,0.93,-0.151428784967748,0.38638401858904,0.61,999,100,"shared","1","Olfactory","stratified_Olfactory"
0.276190476190476,0.48314606741573,0.032258064516129,0.0956618464961068,0.76,0.92,-0.185852666979215,0.395906849527586,0.56,999,100,"shared","1","Striatum","stratified_Striatum"
0.207920792079208,0.475609756097561,0.0233592880978865,0.0867630700778643,0.8,0.86,-0.266176727564542,0.492372052535588,0.51,999,100,"shared","10","Cerebellum","stratified_Cerebellum"
0.209090909090909,0.473988439306358,0.0255839822024472,0.0912124582869855,0.87,0.91,-0.246118115582725,0.443674533001564,0.55,999,100,"shared","10","Cortex","stratified_Cortex"
0.19,0.479041916167665,0.0211345939933259,0.0889877641824249,0.81,0.87,-0.259935829526636,0.482238514443512,0.57,999,100,"shared","10","Hippocampus","stratified_Hippocampus"
0.216981132075472,0.551546391752577,0.0255839822024472,0.119021134593993,0.83,0.87,-0.227227734606757,0.467704914710797,0.56,999,100,"shared","10","Olfactory","stratified_Olfactory"
0.227722772277228,0.51685393258427,0.0255555555555556,0.102222222222222,0.78,0.86,-0.308625080433155,0.484323646338768,0.51,1000,100,"shared","10","Striatum","stratified_Striatum"
0.348484848484849,0.545023696682464,0.0511679644048943,0.127919911012236,0.86,0.96,-0.193968500452125,0.492658792360327,0.47,999,100,"shared","11","Cerebellum","stratified_Cerebellum"
0.254385964912281,0.531400966183575,0.032258064516129,0.122358175750834,0.85,0.97,-0.214356518819265,0.386087512414131,0.57,999,100,"shared","11","Cortex","stratified_Cortex"
0.185185185185185,0.5,0.022271714922049,0.108017817371938,0.88,0.97,-0.179025665298526,0.395882415336344,0.53,998,100,"shared","11","Hippocampus","stratified_Hippocampus"
0.305785123966942,0.515463917525773,0.0411568409343715,0.111234705228031,0.84,0.94,-0.202282112885254,0.430504006064619,0.53,999,100,"shared","11","Olfactory","stratified_Olfactory"
0.288135593220339,0.543269230769231,0.0378197997775306,0.125695216907675,0.84,0.95,-0.220930147392336,0.425957164046446,0.46,999,100,"shared","11","Striatum","stratified_Striatum"
0.422535211267606,0.588495575221239,0.0666666666666667,0.147777777777778,0.82,0.93,-0.18484210158123,0.464871217361625,0.55,1000,100,"shared","12","Cerebellum","stratified_Cerebellum"
0.401515151515151,0.6,0.0588888888888889,0.153333333333333,0.79,0.92,-0.224884656785533,0.427278019329205,0.49,1000,100,"shared","12","Cortex","stratified_Cortex"
0.348214285714286,0.587155963302752,0.0433333333333333,0.142222222222222,0.73,0.9,-0.304846878192474,0.501403433586433,0.51,1000,100,"shared","12","Hippocampus","stratified_Hippocampus"
0.378787878787879,0.579908675799087,0.0555555555555556,0.141111111111111,0.82,0.92,-0.23779614651063,0.452394035125244,0.52,1000,100,"shared","12","Olfactory","stratified_Olfactory"
0.390625,0.596412556053812,0.0555555555555556,0.147777777777778,0.78,0.9,-0.255304155756076,0.518816732816436,0.54,1000,100,"shared","12","Striatum","stratified_Striatum"
0.160919540229885,0.5,0.0155902004454343,0.102449888641425,0.73,0.92,-0.271103507472714,0.427398723588857,0.5,998,100,"shared","13","Cerebellum","stratified_Cerebellum"
0.19,0.512690355329949,0.0211345939933259,0.112347052280311,0.81,0.96,-0.226823049671766,0.446790122273205,0.51,999,100,"shared","13","Cortex","stratified_Cortex"
0.256637168141593,0.538095238095238,0.032293986636971,0.125835189309577,0.84,0.97,-0.183025234423089,0.370664186660386,0.56,998,100,"shared","13","Hippocampus","stratified_Hippocampus"
0.31858407079646,0.561320754716981,0.0400890868596882,0.132516703786192,0.77,0.93,-0.253367898030226,0.43339419491677,0.47,998,100,"shared","13","Olfactory","stratified_Olfactory"
0.256637168141593,0.525510204081633,0.032293986636971,0.114699331848552,0.84,0.93,-0.173656390198812,0.388785336858019,0.57,998,100,"shared","13","Striatum","stratified_Striatum"
0.306451612903226,0.545893719806763,0.0422222222222222,0.125555555555556,0.86,0.94,-0.210008481719873,0.377988909698163,0.58,1000,100,"shared","14","Cerebellum","stratified_Cerebellum"
0.354609929078014,0.568888888888889,0.0556173526140156,0.14238042269188,0.91,0.97,-0.191402469021863,0.369060095778989,0.55,999,100,"shared","14","Cortex","stratified_Cortex"
0.194444444444444,0.517948717948718,0.0233592880978865,0.112347052280311,0.87,0.94,-0.221344833391445,0.43497605574225,0.58,999,100,"shared","14","Hippocampus","stratified_Hippocampus"
0.223300970873786,0.534653465346535,0.0256124721603563,0.120267260579065,0.8,0.94,-0.215435737010859,0.451177171631693,0.52,998,100,"shared","14","Olfactory","stratified_Olfactory"
0.222222222222222,0.502645502645503,0.0267260579064588,0.105790645879733,0.84,0.94,-0.184151294784147,0.410976975598968,0.5,998,100,"shared","14","Striatum","stratified_Striatum"
0.146341463414634,0.497297297297297,0.0133333333333333,0.102222222222222,0.7,0.93,-0.27569639323614,0.456706251036564,0.53,1000,100,"shared","15","Cerebellum","stratified_Cerebellum"
0.144230769230769,0.417177914110429,0.0166666666666667,0.0755555555555556,0.89,0.95,-0.152681732112787,0.416887731131588,0.48,1000,100,"shared","15","Cortex","stratified_Cortex"
0.202020202020202,0.483333333333333,0.0222222222222222,0.0966666666666667,0.79,0.93,-0.203558402221711,0.469111674934791,0.48,1000,100,"shared","15","Hippocampus","stratified_Hippocampus"
0.161616161616162,0.473988439306358,0.0177777777777778,0.0911111111111111,0.83,0.91,-0.191693783097958,0.499987860300183,0.45,1000,100,"shared","15","Olfactory","stratified_Olfactory"
0.18,0.523076923076923,0.02,0.113333333333333,0.82,0.93,-0.297085705506411,0.502560886783415,0.42,1000,100,"shared","15","Striatum","stratified_Striatum"
0.271929824561404,0.559808612440191,0.0345596432552954,0.130434782608696,0.83,0.92,-0.219020446795732,0.413288539151766,0.54,997,100,"shared","16","Cerebellum","stratified_Cerebellum"
0.148936170212766,0.588744588744589,0.0155902004454343,0.151447661469933,0.8,0.95,-0.212100151478386,0.382841256406294,0.53,998,100,"shared","16","Cortex","stratified_Cortex"
0.242990654205607,0.563981042654028,0.0289532293986637,0.132516703786192,0.81,0.92,-0.233264626248101,0.40268143549759,0.54,998,100,"shared","16","Hippocampus","stratified_Hippocampus"
0.369565217391304,0.635294117647059,0.0568561872909699,0.180602006688963,0.87,0.93,-0.19643413106499,0.435092531912339,0.49,997,100,"shared","16","Olfactory","stratified_Olfactory"
0.321739130434783,0.620689655172414,0.0412026726057906,0.160356347438753,0.78,0.88,-0.212821586086251,0.452532934949634,0.49,998,100,"shared","16","Striatum","stratified_Striatum"
0.303030303030303,0.558823529411765,0.0333333333333333,0.126666666666667,0.69,0.9,-0.283099312944603,0.47817580920315,0.53,1000,100,"shared","17","Cerebellum","stratified_Cerebellum"
0.266666666666667,0.55440414507772,0.0311111111111111,0.118888888888889,0.77,0.86,-0.279630012921677,0.481184729516071,0.54,1000,100,"shared","17","Cortex","stratified_Cortex"
0.227272727272727,0.467065868263473,0.0222222222222222,0.0866666666666667,0.68,0.89,-0.250093133948482,0.44967545396419,0.5,1000,100,"shared","17","Hippocampus","stratified_Hippocampus"
0.28,0.537234042553192,0.0311111111111111,0.112222222222222,0.72,0.87,-0.251707556072604,0.471412342098584,0.48,1000,100,"shared","17","Olfactory","stratified_Olfactory"
0.285714285714286,0.526595744680851,0.0333333333333333,0.11,0.75,0.89,-0.200473170334614,0.451029440042142,0.59,1000,100,"shared","17","Striatum","stratified_Striatum"
0.427480916030534,0.626609442060086,0.0622222222222222,0.162222222222222,0.757575757575758,0.878787878787879,-0.230790346650142,0.488311740722348,0.505050505050505,999,99,"shared","18","Cerebellum","stratified_Cerebellum"
0.398601398601399,0.59915611814346,0.0634037819799778,0.157953281423804,0.86,0.95,-0.244123750125539,0.436816265200764,0.51,999,100,"shared","18","Cortex","stratified_Cortex"
0.300884955752212,0.587443946188341,0.0378197997775306,0.145717463848721,0.79,0.92,-0.297027127216162,0.522819256593595,0.47,999,100,"shared","18","Hippocampus","stratified_Hippocampus"
0.37007874015748,0.582159624413146,0.0522803114571746,0.137931034482759,0.808080808080808,0.898989898989899,-0.282785067107035,0.486775620418938,0.444444444444444,998,99,"shared","18","Olfactory","stratified_Olfactory"
0.368852459016393,0.604444444444444,0.050055617352614,0.151279199110122,0.77,0.89,-0.305487818604764,0.476008550202328,0.53,999,100,"shared","18","Striatum","stratified_Striatum"
0.186915887850467,0.5,0.022271714922049,0.10467706013363,0.87,0.94,-0.193734862696347,0.412914820821331,0.53,998,100,"shared","19","Cerebellum","stratified_Cerebellum"
0.180952380952381,0.512690355329949,0.0211581291759465,0.112472160356347,0.86,0.96,-0.186421801140238,0.408593610392379,0.5,998,100,"shared","19","Cortex","stratified_Cortex"
0.131313131313131,0.463276836158192,0.014460511679644,0.0912124582869855,0.86,0.95,-0.187413973670978,0.434658139290645,0.5,999,100,"shared","19","Hippocampus","stratified_Hippocampus"
0.189473684210526,0.523316062176166,0.0200222469410456,0.112347052280311,0.77,0.92,-0.227902760557655,0.437470203205111,0.54,999,100,"shared","19","Olfactory","stratified_Olfactory"
0.171717171717172,0.446428571428571,0.0189309576837416,0.0835189309576837,0.82,0.93,-0.252391961220784,0.429502843313269,0.5,998,100,"shared","19","Striatum","stratified_Striatum"
0.347107438016529,0.602620087336245,0.0466666666666667,0.153333333333333,0.79,0.91,-0.258734744451138,0.471702646011849,0.53,1000,100,"shared","2","Cerebellum","stratified_Cerebellum"
0.397163120567376,0.625984251968504,0.0622222222222222,0.176666666666667,0.85,0.95,-0.261373472499342,0.45746360512642,0.55,1000,100,"shared","2","Cortex","stratified_Cortex"
0.32,0.564220183486238,0.0444938820912125,0.136818687430478,0.85,0.95,-0.21411587401038,0.462189872130618,0.55,999,100,"shared","2","Hippocampus","stratified_Hippocampus"
0.37410071942446,0.619433198380567,0.0577777777777778,0.17,0.87,0.94,-0.209986631508806,0.481267176151434,0.57,1000,100,"shared","2","Olfactory","stratified_Olfactory"
0.32258064516129,0.585903083700441,0.0444938820912125,0.147942157953281,0.84,0.94,-0.198968502097189,0.505636316609722,0.52,999,100,"shared","2","Striatum","stratified_Striatum"
0.397058823529412,0.60352422907489,0.06,0.152222222222222,0.82,0.9,-0.3026476604822,0.454264012338357,0.51,1000,100,"shared","20","Cerebellum","stratified_Cerebellum"
0.258928571428571,0.574561403508772,0.0322222222222222,0.145555555555556,0.83,0.97,-0.155498325982334,0.401067958899305,0.6,1000,100,"shared","20","Cortex","stratified_Cortex"
0.3671875,0.602620087336245,0.0522222222222222,0.153333333333333,0.81,0.91,-0.281251657714848,0.481096788884723,0.49,1000,100,"shared","20","Hippocampus","stratified_Hippocampus"
0.34453781512605,0.560185185185185,0.0455555555555556,0.134444444444444,0.78,0.95,-0.202262443730685,0.463624261709422,0.52,1000,100,"shared","20","Olfactory","stratified_Olfactory"
0.290598290598291,0.564220183486238,0.0377777777777778,0.136666666666667,0.83,0.95,-0.194288494108111,0.434794738986953,0.61,1000,100,"shared","20","Striatum","stratified_Striatum"
0.260504201680672,0.553398058252427,0.0344444444444444,0.126666666666667,0.88,0.92,-0.195393709303542,0.398907457617987,0.58,1000,100,"shared","21","Cerebellum","stratified_Cerebellum"
0.335820895522388,0.569506726457399,0.05,0.141111111111111,0.89,0.96,-0.202256245460482,0.428974186064487,0.5,1000,100,"shared","21","Cortex","stratified_Cortex"
0.280701754385965,0.538071065989848,0.0355555555555556,0.117777777777778,0.82,0.91,-0.280923652112368,0.471984527947346,0.46,1000,100,"shared","21","Hippocampus","stratified_Hippocampus"
0.241379310344828,0.510416666666667,0.0311111111111111,0.108888888888889,0.88,0.94,-0.133077860787857,0.460874086399815,0.49,1000,100,"shared","21","Olfactory","stratified_Olfactory"
0.236363636363636,0.468571428571429,0.0288888888888889,0.0911111111111111,0.84,0.93,-0.195854457373359,0.464015245372573,0.47,1000,100,"shared","21","Striatum","stratified_Striatum"
0.333333333333333,0.557142857142857,0.0466666666666667,0.13,0.84,0.93,-0.201387547887696,0.403996718134279,0.6,1000,100,"shared","22","Cerebellum","stratified_Cerebellum"
0.288135593220339,0.53921568627451,0.0377777777777778,0.122222222222222,0.84,0.94,-0.212772887379224,0.386689997882577,0.62,1000,100,"shared","22","Cortex","stratified_Cortex"
0.247524752475248,0.510989010989011,0.0277777777777778,0.103333333333333,0.76,0.89,-0.247234548176474,0.427357394664384,0.58,1000,100,"shared","22","Hippocampus","stratified_Hippocampus"
0.327868852459016,0.544041450777202,0.0444444444444444,0.116666666666667,0.82,0.88,-0.220389351299631,0.463539644595426,0.62,1000,100,"shared","22","Olfactory","stratified_Olfactory"
0.213592233009709,0.557692307692308,0.0244444444444444,0.128888888888889,0.81,0.92,-0.209196125999031,0.390498041641595,0.64,1000,100,"shared","22","Striatum","stratified_Striatum"
0.245283018867925,0.528205128205128,0.0289210233592881,0.114571746384872,0.8,0.92,-0.242235384663342,0.403827763607308,0.53,999,100,"shared","23","Cerebellum","stratified_Cerebellum"
0.196428571428571,0.47027027027027,0.0244716351501669,0.0967741935483871,0.9,0.98,-0.167963011771984,0.345020240287526,0.56,999,100,"shared","23","Cortex","stratified_Cortex"
0.228070175438596,0.489010989010989,0.0289532293986637,0.099109131403118,0.88,0.93,-0.145595640942971,0.427281759453492,0.53,998,100,"shared","23","Hippocampus","stratified_Hippocampus"
0.168316831683168,0.481283422459893,0.0189309576837416,0.10022271714922,0.84,0.97,-0.207761568953214,0.370354230216011,0.58,998,100,"shared","23","Olfactory","stratified_Olfactory"
0.273504273504274,0.553921568627451,0.0356347438752784,0.125835189309577,0.85,0.91,-0.208361052888383,0.425805961139295,0.53,998,100,"shared","23","Striatum","stratified_Striatum"
0.247787610619469,0.523076923076923,0.0311111111111111,0.113333333333333,0.85,0.93,-0.2331022540583,0.422204604730261,0.54,1000,100,"shared","24","Cerebellum","stratified_Cerebellum"
0.235294117647059,0.484042553191489,0.0311457174638487,0.101223581757508,0.91,0.97,-0.247728596489876,0.419462018282451,0.49,999,100,"shared","24","Cortex","stratified_Cortex"
0.221153846153846,0.520618556701031,0.0256124721603563,0.112472160356347,0.81,0.93,-0.283647887643834,0.490824089804848,0.43,998,100,"shared","24","Hippocampus","stratified_Hippocampus"
0.263636363636364,0.524752475247525,0.0322222222222222,0.117777777777778,0.81,0.96,-0.242951093775149,0.44805420516516,0.48,1000,100,"shared","24","Olfactory","stratified_Olfactory"
0.279661016949153,0.557077625570776,0.0367074527252503,0.135706340378198,0.85,0.97,-0.22279187941341,0.430583701322779,0.54,999,100,"shared","24","Striatum","stratified_Striatum"
0.373134328358209,0.54228855721393,0.0555555555555556,0.121111111111111,0.84,0.92,-0.243651097093926,0.465315072684267,0.54,1000,100,"shared","25","Cerebellum","stratified_Cerebellum"
0.333333333333333,0.564814814814815,0.0488888888888889,0.135555555555556,0.88,0.94,-0.191164343439693,0.399678656487663,0.58,1000,100,"shared","25","Cortex","stratified_Cortex"
0.317829457364341,0.55188679245283,0.0456062291434928,0.130144605116796,0.88,0.95,-0.194239040056832,0.424186396766059,0.53,999,100,"shared","25","Hippocampus","stratified_Hippocampus"
0.327433628318584,0.566666666666667,0.0411111111111111,0.132222222222222,0.76,0.91,-0.26325783360136,0.491341853449684,0.41,1000,100,"shared","25","Olfactory","stratified_Olfactory"
0.349206349206349,0.590909090909091,0.0488888888888889,0.144444444444444,0.82,0.9,-0.244452998008424,0.469418718226618,0.44,1000,100,"shared","25","Striatum","stratified_Striatum"
0.388888888888889,0.579646017699115,0.0622222222222222,0.145555555555556,0.88,0.95,-0.204220540130176,0.405978178102442,0.5,1000,100,"shared","26","Cerebellum","stratified_Cerebellum"
0.398648648648649,0.575757575757576,0.0655555555555556,0.147777777777778,0.89,0.98,-0.221532051897984,0.346343727689092,0.52,1000,100,"shared","26","Cortex","stratified_Cortex"
0.335820895522388,0.563876651982379,0.05,0.142222222222222,0.89,0.99,-0.192746905938872,0.417281103564816,0.53,1000,100,"shared","26","Hippocampus","stratified_Hippocampus"
0.352,0.585903083700441,0.0488888888888889,0.147777777777778,0.81,0.94,-0.228967725646572,0.422588518940126,0.52,1000,100,"shared","26","Olfactory","stratified_Olfactory"
0.357664233576642,0.588744588744589,0.0544444444444444,0.151111111111111,0.88,0.95,-0.167330798158224,0.405314989497176,0.6,1000,100,"shared","26","Striatum","stratified_Striatum"
0.181818181818182,0.464705882352941,0.0200222469410456,0.0878754171301446,0.81,0.91,-0.245614931710939,0.472494852490651,0.54,999,100,"shared","27","Cerebellum","stratified_Cerebellum"
0.165137614678899,0.512690355329949,0.02,0.112222222222222,0.91,0.96,-0.171905929585868,0.373540662978951,0.54,1000,100,"shared","27","Cortex","stratified_Cortex"
0.265486725663717,0.549019607843137,0.0333333333333333,0.124444444444444,0.83,0.92,-0.196740128308476,0.407262267017775,0.61,1000,100,"shared","27","Hippocampus","stratified_Hippocampus"
0.263636363636364,0.550724637681159,0.0322222222222222,0.126666666666667,0.81,0.93,-0.253879181806511,0.434822052584072,0.55,1000,100,"shared","27","Olfactory","stratified_Olfactory"
0.203883495145631,0.502762430939227,0.0233592880978865,0.101223581757508,0.82,0.9,-0.206975052744049,0.496910796123024,0.52,999,100,"shared","27","Striatum","stratified_Striatum"
0.184466019417476,0.510869565217391,0.0211345939933259,0.104560622914349,0.84,0.9,-0.220444470117012,0.463162955801784,0.46,999,100,"shared","28","Cerebellum","stratified_Cerebellum"
0.285714285714286,0.533678756476684,0.0377777777777778,0.114444444444444,0.85,0.9,-0.223357938116752,0.435881947609729,0.44,1000,100,"shared","28","Cortex","stratified_Cortex"
0.28099173553719,0.533678756476684,0.0377777777777778,0.114444444444444,0.87,0.9,-0.251564485656893,0.43290954480079,0.47,1000,100,"shared","28","Hippocampus","stratified_Hippocampus"
0.173076923076923,0.415094339622642,0.02,0.0733333333333333,0.86,0.93,-0.187143733649062,0.492850260593879,0.44,1000,100,"shared","28","Olfactory","stratified_Olfactory"
0.224299065420561,0.520408163265306,0.0266666666666667,0.113333333333333,0.83,0.94,-0.23143990801689,0.452000215319316,0.42,1000,100,"shared","28","Striatum","stratified_Striatum"
0.412162162162162,0.600877192982456,0.0679287305122494,0.152561247216036,0.87,0.91,-0.120193294690908,0.472130268673127,0.57,998,100,"shared","29","Cerebellum","stratified_Cerebellum"
0.344,0.545454545454545,0.0478309232480534,0.126807563959956,0.82,0.95,-0.216032836084572,0.40208922812953,0.56,999,100,"shared","29","Cortex","stratified_Cortex"
0.361702127659574,0.563063063063063,0.0567296996662959,0.139043381535039,0.9,0.97,-0.225922869533414,0.401391393968261,0.56,999,100,"shared","29","Hippocampus","stratified_Hippocampus"
0.260504201680672,0.542452830188679,0.0345211581291759,0.128062360801782,0.88,0.97,-0.141214588479032,0.453329058432416,0.55,998,100,"shared","29","Olfactory","stratified_Olfactory"
0.407407407407407,0.587443946188341,0.0611790878754171,0.145717463848721,0.8,0.92,-0.237948386838123,0.437454683194987,0.52,999,100,"shared","29","Striatum","stratified_Striatum"
0.308943089430894,0.53921568627451,0.0422691879866518,0.122358175750834,0.85,0.94,-0.228145362983976,0.420390877607482,0.49,999,100,"shared","3","Cerebellum","stratified_Cerebellum"
0.385714285714286,0.571428571428571,0.06,0.142222222222222,0.86,0.96,-0.232582903912838,0.388965268314261,0.55,1000,100,"shared","3","Cortex","stratified_Cortex"
0.308943089430894,0.55609756097561,0.0422691879866518,0.126807563959956,0.85,0.91,-0.249815088943269,0.460857178871758,0.52,999,100,"shared","3","Hippocampus","stratified_Hippocampus"
0.220183486238532,0.474285714285714,0.0266666666666667,0.0922222222222222,0.85,0.92,-0.170439464011128,0.453292727088122,0.49,1000,100,"shared","3","Olfactory","stratified_Olfactory"
0.360902255639098,0.574660633484163,0.0533333333333333,0.141111111111111,0.85,0.94,-0.190850959450039,0.395051311447196,0.53,1000,100,"shared","3","Striatum","stratified_Striatum"
0.293577981651376,0.558252427184466,0.0356347438752784,0.128062360801782,0.77,0.91,-0.28619742142166,0.452227582087682,0.52,998,100,"shared","30","Cerebellum","stratified_Cerebellum"
0.305084745762712,0.527363184079602,0.04,0.117777777777778,0.82,0.95,-0.239166378650924,0.456584326908484,0.49,1000,100,"shared","30","Cortex","stratified_Cortex"
0.252173913043478,0.491978609625668,0.032293986636971,0.102449888641425,0.86,0.95,-0.19364115103582,0.474055214524252,0.49,998,100,"shared","30","Hippocampus","stratified_Hippocampus"
0.36697247706422,0.559405940594059,0.044543429844098,0.125835189309577,0.69,0.89,-0.294902511962949,0.502548018182589,0.4,998,100,"shared","30","Olfactory","stratified_Olfactory"
0.223300970873786,0.459770114942529,0.0256124721603563,0.089086859688196,0.8,0.94,-0.228550184421716,0.451264625773249,0.54,998,100,"shared","30","Striatum","stratified_Striatum"
0.3046875,0.524509803921569,0.0433333333333333,0.118888888888889,0.89,0.97,-0.174684214304229,0.440801089381225,0.5,1000,100,"shared","31","Cerebellum","stratified_Cerebellum"
0.21551724137931,0.533333333333333,0.0277777777777778,0.124444444444444,0.91,0.98,-0.218699221187229,0.415057801570506,0.47,1000,100,"shared","31","Cortex","stratified_Cortex"
0.193877551020408,0.5,0.0211111111111111,0.105555555555556,0.79,0.95,-0.25320991086823,0.4240271933018,0.46,1000,100,"shared","31","Hippocampus","stratified_Hippocampus"
0.267857142857143,0.527363184079602,0.0333333333333333,0.117777777777778,0.82,0.95,-0.221842354943627,0.45777811131533,0.49,1000,100,"shared","31","Olfactory","stratified_Olfactory"
0.295652173913043,0.523316062176166,0.0377777777777778,0.112222222222222,0.81,0.92,-0.264927652048149,0.46982941848943,0.49,1000,100,"shared","31","Striatum","stratified_Striatum"
0.347107438016529,0.570093457943925,0.0466666666666667,0.135555555555556,0.79,0.92,-0.202655225108,0.417523055856127,0.58,1000,100,"shared","32","Cerebellum","stratified_Cerebellum"
0.333333333333333,0.550724637681159,0.0455555555555556,0.126666666666667,0.82,0.93,-0.222263565790279,0.389469192902473,0.6,1000,100,"shared","32","Cortex","stratified_Cortex"
0.203883495145631,0.5,0.0233333333333333,0.105555555555556,0.82,0.95,-0.233766911759022,0.397488763083972,0.55,1000,100,"shared","32","Hippocampus","stratified_Hippocampus"
0.351145038167939,0.585585585585586,0.0511111111111111,0.144444444444444,0.85,0.92,-0.179956942953127,0.417976346490205,0.57,1000,100,"shared","32","Olfactory","stratified_Olfactory"
0.279661016949153,0.54066985645933,0.0366666666666667,0.125555555555556,0.85,0.96,-0.171134842114101,0.405773749130407,0.55,1000,100,"shared","32","Striatum","stratified_Striatum"
0.238938053097345,0.512820512820513,0.0300333704115684,0.111234705228031,0.86,0.95,-0.191562988959056,0.396503083496103,0.54,999,100,"shared","33","Cerebellum","stratified_Cerebellum"
0.181818181818182,0.483516483516484,0.02,0.0977777777777778,0.81,0.94,-0.215436172467157,0.40768215808265,0.54,1000,100,"shared","33","Cortex","stratified_Cortex"
0.207547169811321,0.5,0.0244444444444444,0.102222222222222,0.84,0.92,-0.246106992387807,0.428211579773149,0.47,1000,100,"shared","33","Hippocampus","stratified_Hippocampus"
0.169811320754717,0.486486486486487,0.02,0.1,0.88,0.95,-0.191902313716277,0.407561064508798,0.47,1000,100,"shared","33","Olfactory","stratified_Olfactory"
0.217821782178218,0.510752688172043,0.0244444444444444,0.105555555555556,0.79,0.91,-0.22775564514495,0.485589408650025,0.54,1000,100,"shared","33","Striatum","stratified_Striatum"
0.313559322033898,0.557603686635945,0.0411568409343715,0.134593993325918,0.81,0.96,-0.224432600852785,0.414258767639708,0.59,999,100,"shared","34","Cerebellum","stratified_Cerebellum"
0.245614035087719,0.549763033175355,0.0311457174638487,0.129032258064516,0.86,0.95,-0.212076291480585,0.400166506036628,0.53,999,100,"shared","34","Cortex","stratified_Cortex"
0.33587786259542,0.561643835616438,0.0489432703003337,0.136818687430478,0.87,0.96,-0.177788896050481,0.385222144983385,0.57,999,100,"shared","34","Hippocampus","stratified_Hippocampus"
0.297297297297297,0.559633027522936,0.0367074527252503,0.135706340378198,0.78,0.96,-0.210897987650003,0.524872119543153,0.53,999,100,"shared","34","Olfactory","stratified_Olfactory"
0.316666666666667,0.591304347826087,0.0422691879866518,0.151279199110122,0.82,0.94,-0.185797970966201,0.445474093471115,0.55,999,100,"shared","34","Striatum","stratified_Striatum"
0.348837209302326,0.582222222222222,0.05,0.145555555555556,0.84,0.94,-0.185187262588786,0.387246531447309,0.52,1000,100,"shared","35","Cerebellum","stratified_Cerebellum"
0.385185185185185,0.570796460176991,0.0577777777777778,0.143333333333333,0.83,0.97,-0.234531613824594,0.438350884474642,0.48,1000,100,"shared","35","Cortex","stratified_Cortex"
0.294642857142857,0.549019607843137,0.0367074527252503,0.124582869855395,0.79,0.92,-0.24539728579866,0.482661108599669,0.55,999,100,"shared","35","Hippocampus","stratified_Hippocampus"
0.370689655172414,0.570048309178744,0.0477777777777778,0.131111111111111,0.73,0.89,-0.228290884243625,0.473467287798534,0.52,1000,100,"shared","35","Olfactory","stratified_Olfactory"
0.385714285714286,0.6,0.0600667408231368,0.156840934371524,0.86,0.94,-0.11698547763758,0.408836369008002,0.53,999,100,"shared","35","Striatum","stratified_Striatum"
0.319672131147541,0.575471698113208,0.0433815350389321,0.135706340378198,0.83,0.9,-0.228147624952018,0.421534022013977,0.55,999,100,"shared","36","Cerebellum","stratified_Cerebellum"
0.32520325203252,0.59051724137931,0.0444938820912125,0.152391546162403,0.83,0.95,-0.232378763714235,0.450773437525549,0.51,999,100,"shared","36","Cortex","stratified_Cortex"
0.28448275862069,0.527363184079602,0.0367074527252503,0.117908787541713,0.83,0.95,-0.16734117207427,0.436075605726133,0.58,999,100,"shared","36","Hippocampus","stratified_Hippocampus"
0.344,0.553990610328638,0.0478309232480534,0.131256952169077,0.82,0.95,-0.203040238253926,0.445417292432324,0.5,999,100,"shared","36","Olfactory","stratified_Olfactory"
0.355932203389831,0.574162679425837,0.0467706013363029,0.133630289532294,0.76,0.89,-0.257432348423106,0.446663025625732,0.51,998,100,"shared","36","Striatum","stratified_Striatum"
0.323809523809524,0.523076923076923,0.0377777777777778,0.113333333333333,0.71,0.93,-0.251379560080264,0.435574541544396,0.51,1000,100,"shared","37","Cerebellum","stratified_Cerebellum"
0.278260869565217,0.535545023696682,0.0355555555555556,0.125555555555556,0.83,0.98,-0.174074574530624,0.390724297590416,0.54,1000,100,"shared","37","Cortex","stratified_Cortex"
0.375,0.54726368159204,0.0466666666666667,0.122222222222222,0.7,0.91,-0.307171415216126,0.497341395941422,0.5,1000,100,"shared","37","Hippocampus","stratified_Hippocampus"
0.326732673267327,0.582089552238806,0.0366666666666667,0.13,0.68,0.84,-0.306174013905004,0.510153635717382,0.48,1000,100,"shared","37","Olfactory","stratified_Olfactory"
0.373913043478261,0.532338308457711,0.0477777777777778,0.118888888888889,0.72,0.94,-0.252405382029495,0.458250037373114,0.49,1000,100,"shared","37","Striatum","stratified_Striatum"
0.420289855072464,0.615384615384615,0.0645879732739421,0.160356347438753,0.8,0.9,-0.228202194941369,0.486798782926887,0.5,998,100,"shared","38","Cerebellum","stratified_Cerebellum"
0.435897435897436,0.610878661087866,0.0756395995550612,0.162402669632925,0.88,0.93,-0.251322251842689,0.482244130590134,0.55,999,100,"shared","38","Cortex","stratified_Cortex"
0.336134453781513,0.597285067873303,0.044543429844098,0.146993318485523,0.797979797979798,0.898989898989899,-0.287734916927012,0.510451151958881,0.535353535353535,997,99,"shared","38","Hippocampus","stratified_Hippocampus"
0.410958904109589,0.604255319148936,0.066815144766147,0.158129175946548,0.868686868686869,0.939393939393939,-0.243479629414711,0.463084782148947,0.515151515151515,997,99,"shared","38","Olfactory","stratified_Olfactory"
0.402985074626866,0.612068965517241,0.0600667408231368,0.157953281423804,0.808080808080808,0.909090909090909,-0.250137334839352,0.45073026481094,0.575757575757576,998,99,"shared","38","Striatum","stratified_Striatum"
0.156862745098039,0.439759036144578,0.0178173719376392,0.0812917594654788,0.86,0.93,-0.185582325637956,0.431957449956554,0.52,998,100,"shared","39","Cerebellum","stratified_Cerebellum"
0.196261682242991,0.49746192893401,0.0233333333333333,0.108888888888889,0.86,0.99,-0.212445111755952,0.4232058371441,0.48,1000,100,"shared","39","Cortex","stratified_Cortex"
0.130434782608696,0.468208092485549,0.0133630289532294,0.0902004454342984,0.8,0.92,-0.286973053336132,0.443736744381312,0.55,998,100,"shared","39","Hippocampus","stratified_Hippocampus"
0.155555555555556,0.439024390243902,0.0155728587319244,0.0800889877641824,0.76,0.92,-0.245861408694075,0.487342631894673,0.53,999,100,"shared","39","Olfactory","stratified_Olfactory"
0.101123595505618,0.417177914110429,0.0100111234705228,0.0756395995550612,0.8,0.95,-0.193626385547899,0.479021301691292,0.51,999,100,"shared","39","Striatum","stratified_Striatum"
0.134831460674157,0.449704142011834,0.0133481646273637,0.0845383759733037,0.77,0.93,-0.216460589318391,0.443000162377262,0.55,999,100,"shared","4","Cerebellum","stratified_Cerebellum"
0.243478260869565,0.524509803921569,0.0311457174638487,0.119021134593993,0.87,0.97,-0.147105685844113,0.363657889489384,0.58,999,100,"shared","4","Cortex","stratified_Cortex"
0.141414141414141,0.483870967741935,0.0155555555555556,0.1,0.85,0.96,-0.194934151664113,0.400330875642202,0.6,1000,100,"shared","4","Hippocampus","stratified_Hippocampus"
0.122222222222222,0.442424242424242,0.0122222222222222,0.0811111111111111,0.79,0.92,-0.19909583707045,0.437276506119816,0.56,1000,100,"shared","4","Olfactory","stratified_Olfactory"
0.215686274509804,0.532663316582915,0.0244444444444444,0.117777777777778,0.8,0.93,-0.186823902572282,0.433550950051468,0.55,1000,100,"shared","4","Striatum","stratified_Striatum"
0.322314049586777,0.541463414634146,0.0434298440979955,0.123608017817372,0.82,0.94,-0.140348791578214,0.379218049641623,0.55,998,100,"shared","40","Cerebellum","stratified_Cerebellum"
0.295652173913043,0.55868544600939,0.0377777777777778,0.132222222222222,0.81,0.94,-0.158959647522679,0.378254747498326,0.58,1000,100,"shared","40","Cortex","stratified_Cortex"
0.256880733944954,0.527363184079602,0.0311457174638487,0.117908787541713,0.81,0.95,-0.195646767342961,0.400855141402339,0.54,999,100,"shared","40","Hippocampus","stratified_Hippocampus"
0.375,0.571428571428571,0.0567928730512249,0.138084632516704,0.85,0.93,-0.161346792169887,0.431449086130495,0.52,998,100,"shared","40","Olfactory","stratified_Olfactory"
0.281818181818182,0.547738693467337,0.0344827586206897,0.121245828698554,0.79,0.9,-0.166036637466146,0.436659275711361,0.53,999,100,"shared","40","Striatum","stratified_Striatum"
0.278846153846154,0.537234042553192,0.032293986636971,0.112472160356347,0.75,0.87,-0.320931428560368,0.500156274032874,0.5,998,100,"shared","41","Cerebellum","stratified_Cerebellum"
0.333333333333333,0.566037735849057,0.0489432703003337,0.133481646273637,0.88,0.92,-0.224023899648563,0.452052725763615,0.58,999,100,"shared","41","Cortex","stratified_Cortex"
0.257425742574257,0.521276595744681,0.0288888888888889,0.108888888888889,0.75,0.9,-0.239092737279307,0.451214532718089,0.61,1000,100,"shared","41","Hippocampus","stratified_Hippocampus"
0.319327731092437,0.575471698113208,0.0422222222222222,0.135555555555556,0.81,0.9,-0.230485474043879,0.452558724165631,0.56,1000,100,"shared","41","Olfactory","stratified_Olfactory"
0.222222222222222,0.510752688172043,0.0244716351501669,0.10567296996663,0.77,0.91,-0.264599455921002,0.460277308070095,0.49,999,100,"shared","41","Striatum","stratified_Striatum"
0.168421052631579,0.477272727272727,0.0177777777777778,0.0933333333333333,0.79,0.92,-0.240590989170948,0.460179500000696,0.51,1000,100,"shared","42","Cerebellum","stratified_Cerebellum"
0.212389380530973,0.472826086956522,0.0266666666666667,0.0966666666666667,0.89,0.97,-0.235332967093312,0.452983231605028,0.38,1000,100,"shared","42","Cortex","stratified_Cortex"
0.205882352941176,0.471264367816092,0.0233333333333333,0.0911111111111111,0.81,0.92,-0.292701180115712,0.511920666224937,0.44,1000,100,"shared","42","Hippocampus","stratified_Hippocampus"
0.186274509803922,0.5,0.0211111111111111,0.103333333333333,0.83,0.93,-0.260885504377558,0.477990617715823,0.4,1000,100,"shared","42","Olfactory","stratified_Olfactory"
0.186274509803922,0.485875706214689,0.0211345939933259,0.0956618464961068,0.83,0.91,-0.242268235888441,0.468621431556456,0.37,999,100,"shared","42","Striatum","stratified_Striatum"
0.252252252252252,0.477777777777778,0.0311111111111111,0.0955555555555556,0.83,0.94,-0.255438310756347,0.49147600538603,0.52,1000,100,"shared","43","Cerebellum","stratified_Cerebellum"
0.290322580645161,0.551401869158878,0.04,0.131111111111111,0.88,0.96,-0.248559808407772,0.401182579774736,0.49,1000,100,"shared","43","Cortex","stratified_Cortex"
0.211538461538462,0.473118279569892,0.0244716351501669,0.0978865406006674,0.82,0.98,-0.255520529508696,0.467408421045617,0.52,999,100,"shared","43","Hippocampus","stratified_Hippocampus"
0.274336283185841,0.532019704433498,0.0344444444444444,0.12,0.82,0.95,-0.149282730343532,0.431813561642192,0.56,1000,100,"shared","43","Olfactory","stratified_Olfactory"
0.224299065420561,0.517412935323383,0.0266666666666667,0.115555555555556,0.83,0.97,-0.205986767269976,0.47367086315867,0.5,1000,100,"shared","43","Striatum","stratified_Striatum"
0.36,0.565217391304348,0.0501113585746102,0.130289532293987,0.8,0.9,-0.261815169912577,0.404264347474134,0.5,998,100,"shared","44","Cerebellum","stratified_Cerebellum"
0.386363636363636,0.56221198156682,0.0567296996662959,0.135706340378198,0.81,0.95,-0.253568293418237,0.407962834033638,0.53,999,100,"shared","44","Cortex","stratified_Cortex"
0.284403669724771,0.513368983957219,0.0345211581291759,0.106904231625835,0.78,0.91,-0.242142507226332,0.515411802030034,0.48,998,100,"shared","44","Hippocampus","stratified_Hippocampus"
0.375,0.588785046728972,0.0501672240802676,0.140468227424749,0.75,0.88,-0.262110747200787,0.462614375337052,0.48,997,100,"shared","44","Olfactory","stratified_Olfactory"
0.26605504587156,0.537313432835821,0.032293986636971,0.120267260579065,0.8,0.93,-0.212509686918191,0.414450999846461,0.64,998,100,"shared","44","Striatum","stratified_Striatum"
0.360902255639098,0.601694915254237,0.0533333333333333,0.157777777777778,0.85,0.94,-0.174886174159254,0.46009718934878,0.53,1000,100,"shared","45","Cerebellum","stratified_Cerebellum"
0.343511450381679,0.620967741935484,0.050055617352614,0.171301446051168,0.86,0.94,-0.203084407884306,0.416335317586396,0.55,999,100,"shared","45","Cortex","stratified_Cortex"
0.388059701492537,0.637795275590551,0.0578420467185762,0.18020022246941,0.82,0.92,-0.192413579615082,0.409066028332618,0.57,999,100,"shared","45","Hippocampus","stratified_Hippocampus"
0.362962962962963,0.616,0.0545050055617353,0.171301446051168,0.86,0.96,-0.181606641614967,0.450272233290954,0.54,999,100,"shared","45","Olfactory","stratified_Olfactory"
0.427631578947368,0.616935483870968,0.0722222222222222,0.17,0.87,0.95,-0.214288781349779,0.423788093615308,0.52,1000,100,"shared","45","Striatum","stratified_Striatum"
0.394160583941606,0.584821428571429,0.06,0.145555555555556,0.83,0.93,-0.224186080485599,0.448010125180588,0.56,1000,100,"shared","46","Cerebellum","stratified_Cerebellum"
0.35036496350365,0.595744680851064,0.0533333333333333,0.155555555555556,0.89,0.95,-0.235264271537633,0.430814243264231,0.52,1000,100,"shared","46","Cortex","stratified_Cortex"
0.3203125,0.568181818181818,0.0455555555555556,0.138888888888889,0.87,0.95,-0.180642195927135,0.400228215942212,0.59,1000,100,"shared","46","Hippocampus","stratified_Hippocampus"
0.347107438016529,0.607758620689655,0.0466666666666667,0.156666666666667,0.79,0.91,-0.250453878089619,0.506152330168439,0.51,1000,100,"shared","46","Olfactory","stratified_Olfactory"
0.3125,0.595744680851064,0.0444444444444444,0.155555555555556,0.88,0.95,-0.1494102533431,0.442057230932284,0.55,1000,100,"shared","46","Striatum","stratified_Striatum"
0.173469387755102,0.5,0.0189098998887653,0.104560622914349,0.81,0.94,-0.284783673249275,0.46702866862759,0.47,999,100,"shared","47","Cerebellum","stratified_Cerebellum"
0.288,0.577092511013216,0.0400890868596882,0.145879732739421,0.89,0.96,-0.210057849202497,0.403173146775554,0.45,998,100,"shared","47","Cortex","stratified_Cortex"
0.2,0.515625,0.022271714922049,0.110244988864143,0.8,0.93,-0.248458646313271,0.480171258583773,0.4,998,100,"shared","47","Hippocampus","stratified_Hippocampus"
0.172043010752688,0.518324607329843,0.0178173719376392,0.110244988864143,0.77,0.92,-0.292497541060267,0.487632729873662,0.42,998,100,"shared","47","Olfactory","stratified_Olfactory"
0.247706422018349,0.520618556701031,0.0300668151447661,0.112472160356347,0.82,0.93,-0.2059197364653,0.420342348994926,0.46,998,100,"shared","47","Striatum","stratified_Striatum"
0.422535211267606,0.618473895582329,0.0666666666666667,0.171111111111111,0.82,0.95,-0.196369278330232,0.422004079707573,0.5,1000,100,"shared","48","Cerebellum","stratified_Cerebellum"
0.391891891891892,0.594936708860759,0.0644444444444444,0.156666666666667,0.9,0.96,-0.203389752358468,0.40670277912877,0.5,1000,100,"shared","48","Cortex","stratified_Cortex"
0.376811594202899,0.59656652360515,0.0577777777777778,0.154444444444444,0.86,0.94,-0.155654371707103,0.383722892190102,0.57,1000,100,"shared","48","Hippocampus","stratified_Hippocampus"
0.37037037037037,0.58008658008658,0.0555555555555556,0.148888888888889,0.85,0.97,-0.19879592501688,0.435176686834065,0.51,1000,100,"shared","48","Olfactory","stratified_Olfactory"
0.406896551724138,0.60082304526749,0.0655555555555556,0.162222222222222,0.86,0.97,-0.160650428543082,0.418026915293231,0.49,1000,100,"shared","48","Striatum","stratified_Striatum"
0.351145038167939,0.545023696682464,0.0511111111111111,0.127777777777778,0.85,0.96,-0.221854125437339,0.449779725497619,0.49,1000,100,"shared","49","Cerebellum","stratified_Cerebellum"
0.254385964912281,0.548543689320388,0.0322222222222222,0.125555555555556,0.85,0.93,-0.209262154479145,0.432655768265995,0.49,1000,100,"shared","49","Cortex","stratified_Cortex"
0.327731092436975,0.545454545454545,0.0433815350389321,0.126807563959956,0.8,0.95,-0.220255842414584,0.462949372313453,0.48,999,100,"shared","49","Hippocampus","stratified_Hippocampus"
0.212121212121212,0.491525423728814,0.0233592880978865,0.0967741935483871,0.78,0.9,-0.271160848031931,0.468071265751802,0.52,999,100,"shared","49","Olfactory","stratified_Olfactory"
0.178217821782178,0.432098765432099,0.0200222469410456,0.0778642936596218,0.83,0.92,-0.22713538748676,0.471215284636523,0.44,999,100,"shared","49","Striatum","stratified_Striatum"
0.281818181818182,0.545918367346939,0.0344827586206897,0.119021134593993,0.79,0.89,-0.263431807641453,0.437774802437592,0.53,999,100,"shared","5","Cerebellum","stratified_Cerebellum"
0.367647058823529,0.557142857142857,0.0555555555555556,0.13,0.86,0.93,-0.207556541718774,0.375417173371612,0.57,1000,100,"shared","5","Cortex","stratified_Cortex"
0.291338582677165,0.55188679245283,0.0411111111111111,0.13,0.9,0.95,-0.145367685754213,0.476015423561013,0.6,1000,100,"shared","5","Hippocampus","stratified_Hippocampus"
0.312,0.548543689320388,0.0433333333333333,0.125555555555556,0.86,0.93,-0.190168987877925,0.368996338839138,0.57,1000,100,"shared","5","Olfactory","stratified_Olfactory"
0.269565217391304,0.497297297297297,0.0344444444444444,0.102222222222222,0.84,0.93,-0.2367867276159,0.474788885294314,0.55,1000,100,"shared","5","Striatum","stratified_Striatum"
0.264957264957265,0.486772486772487,0.0344827586206897,0.102335928809789,0.86,0.97,-0.151296552604953,0.397889863067022,0.46,999,100,"shared","50","Cerebellum","stratified_Cerebellum"
0.37410071942446,0.574660633484163,0.0578420467185762,0.1412680756396,0.87,0.94,-0.219545725715644,0.415752471354654,0.46,999,100,"shared","50","Cortex","stratified_Cortex"
0.398601398601399,0.593073593073593,0.0634743875278396,0.152561247216036,0.86,0.94,-0.195540916950468,0.442474647937915,0.51,998,100,"shared","50","Hippocampus","stratified_Hippocampus"
0.349593495934959,0.542713567839196,0.0478841870824053,0.120267260579065,0.8,0.91,-0.248837556870342,0.461210680246421,0.46,998,100,"shared","50","Olfactory","stratified_Olfactory"
0.256410256410256,0.5,0.0334075723830735,0.10913140311804,0.87,0.98,-0.168242093336477,0.429547289182871,0.52,998,100,"shared","50","Striatum","stratified_Striatum"
0.363636363636364,0.592760180995475,0.0489977728285078,0.145879732739421,0.77,0.9,-0.260531206855806,0.428612853866978,0.56,998,100,"shared","6","Cerebellum","stratified_Cerebellum"
0.422360248447205,0.6,0.0755555555555556,0.163333333333333,0.93,0.98,-0.0780361946314676,0.364443198918895,0.63,1000,100,"shared","6","Cortex","stratified_Cortex"
0.356060606060606,0.55607476635514,0.0523385300668151,0.132516703786192,0.85,0.95,-0.219304712402917,0.414702025530278,0.58,998,100,"shared","6","Hippocampus","stratified_Hippocampus"
0.364341085271318,0.578723404255319,0.0523385300668151,0.151447661469933,0.82,0.99,-0.2015209302272,0.365081277115349,0.63,998,100,"shared","6","Olfactory","stratified_Olfactory"
0.330508474576271,0.556650246305419,0.0434298440979955,0.125835189309577,0.79,0.9,-0.23142011864687,0.463843882989209,0.57,998,100,"shared","6","Striatum","stratified_Striatum"
0.233644859813084,0.512820512820513,0.0278086763070078,0.111234705228031,0.82,0.95,-0.257951479689735,0.424247246885905,0.52,999,100,"shared","7","Cerebellum","stratified_Cerebellum"
0.245614035087719,0.541062801932367,0.0311457174638487,0.124582869855395,0.86,0.95,-0.208167638944986,0.428543359319126,0.57,999,100,"shared","7","Cortex","stratified_Cortex"
0.23,0.479768786127168,0.0256124721603563,0.0924276169265033,0.77,0.9,-0.260721954089502,0.449582390027462,0.51,998,100,"shared","7","Hippocampus","stratified_Hippocampus"
0.271929824561404,0.525510204081633,0.0344827586206897,0.114571746384872,0.83,0.93,-0.193041583053167,0.496346820133161,0.55,999,100,"shared","7","Olfactory","stratified_Olfactory"
0.1875,0.497206703910615,0.0200445434298441,0.099109131403118,0.78,0.9,-0.244324873349569,0.463849766489661,0.57,998,100,"shared","7","Striatum","stratified_Striatum"
0.341085271317829,0.569506726457399,0.0489432703003337,0.1412680756396,0.85,0.96,-0.211419839605368,0.451733975405436,0.57,999,100,"shared","8","Cerebellum","stratified_Cerebellum"
0.234782608695652,0.529411764705882,0.0300668151447661,0.120267260579065,0.88,0.96,-0.251997343053551,0.43173431935884,0.54,998,100,"shared","8","Cortex","stratified_Cortex"
0.289256198347107,0.56221198156682,0.0389755011135857,0.135857461024499,0.86,0.95,-0.209825433550477,0.449939118436733,0.56,998,100,"shared","8","Hippocampus","stratified_Hippocampus"
0.288135593220339,0.512690355329949,0.0378619153674833,0.112472160356347,0.84,0.96,-0.228263162593096,0.445189405766675,0.53,998,100,"shared","8","Olfactory","stratified_Olfactory"
0.360655737704918,0.563981042654028,0.0489977728285078,0.132516703786192,0.78,0.92,-0.274374086843899,0.453812495076467,0.54,998,100,"shared","8","Striatum","stratified_Striatum"
0.10989010989011,0.443786982248521,0.0111111111111111,0.0833333333333333,0.81,0.94,-0.238185377354288,0.444346749362878,0.51,1000,100,"shared","9","Cerebellum","stratified_Cerebellum"
0.223300970873786,0.510416666666667,0.0255555555555556,0.108888888888889,0.8,0.94,-0.198760636430781,0.426277842330237,0.5,1000,100,"shared","9","Cortex","stratified_Cortex"
0.150537634408602,0.462857142857143,0.0155555555555556,0.09,0.79,0.94,-0.222345080441729,0.463155375829016,0.53,1000,100,"shared","9","Hippocampus","stratified_Hippocampus"
0.127659574468085,0.461988304093567,0.0133333333333333,0.0877777777777778,0.82,0.92,-0.197005155493551,0.450127893338366,0.56,1000,100,"shared","9","Olfactory","stratified_Olfactory"
0.153061224489796,0.51063829787234,0.0166666666666667,0.106666666666667,0.83,0.92,-0.218255658224035,0.444365211797049,0.5,1000,100,"shared","9","Striatum","stratified_Striatum"
0.5,0.86,0.00111111111111111,0.0477777777777778,0.01,0.07,-1.47869726418558,1.48813680231624,0,1000,100,"region_specific","1","Cerebellum","stratified_Cerebellum"
0.396341463414634,0.578723404255319,0.0723025583982203,0.151279199110122,0.99,0.99,-0.225531005026539,0.418085476835102,0.64,999,100,"region_specific","1","Cortex","stratified_Cortex"
1,0.903225806451613,0.00444938820912125,0.0622914349276974,0,0.06,-1.47979208070341,1.48933298245739,0,999,100,"region_specific","1","Hippocampus","stratified_Hippocampus"
1,0.887096774193548,0.00444938820912125,0.0611790878754171,0,0.07,-1.46883899102784,1.47822132765965,0,999,100,"region_specific","1","Olfactory","stratified_Olfactory"
1,0.872727272727273,0.00444938820912125,0.053392658509455,0,0.07,-1.47634576043192,1.48552295066654,0,999,100,"region_specific","1","Striatum","stratified_Striatum"
1,0.925373134328358,0.00111234705228031,0.0689655172413793,0,0.05,-1.49695077660232,1.50339665145647,0,999,100,"region_specific","10","Cerebellum","stratified_Cerebellum"
0.260162601626016,0.520408163265306,0.03559510567297,0.113459399332592,0.91,0.94,-0.369516775099522,0.605448750650621,0.55,999,100,"region_specific","10","Cortex","stratified_Cortex"
1,0.951807228915663,0.00222469410456062,0.0878754171301446,0,0.04,-1.49066736544287,1.49756824519201,0,999,100,"region_specific","10","Hippocampus","stratified_Hippocampus"
1,0.948051948051948,0.00889877641824249,0.0812013348164627,0,0.04,-1.48908484235199,1.49578560340445,0,999,100,"region_specific","10","Olfactory","stratified_Olfactory"
1,0.922077922077922,0.00666666666666667,0.0788888888888889,0,0.06,-1.49157758197212,1.49810897252261,0,1000,100,"region_specific","10","Striatum","stratified_Striatum"
NA,0.9375,0,0.0667408231368187,0,0.0404040404040404,-1.50242278798106,1.51280596067014,0,998,99,"region_specific","11","Cerebellum","stratified_Cerebellum"
0.317241379310345,0.578059071729958,0.0511679644048943,0.152391546162403,0.99,1,-0.282864220842612,0.445025788217652,0.57,999,100,"region_specific","11","Cortex","stratified_Cortex"
NA,0.924528301886792,0,0.05456570155902,0,0.0404040404040404,-1.50295863069575,1.51250069591782,0,997,99,"region_specific","11","Hippocampus","stratified_Hippocampus"
1,0.941176470588235,0.00444938820912125,0.0711902113459399,0,0.0404040404040404,-1.5058514907254,1.51553336289758,0,998,99,"region_specific","11","Olfactory","stratified_Olfactory"
0,0.909090909090909,0,0.0556173526140156,0.0101010101010101,0.0505050505050505,-1.50369063910106,1.51332912260813,0,998,99,"region_specific","11","Striatum","stratified_Striatum"
NA,0.91025641025641,0,0.0788888888888889,0,0.07,-1.49360768675885,1.50322653440782,0,1000,100,"region_specific","12","Cerebellum","stratified_Cerebellum"
0.431952662721893,0.611764705882353,0.0811111111111111,0.173333333333333,0.96,0.99,-0.330914471400707,0.561939896555379,0.51,1000,100,"region_specific","12","Cortex","stratified_Cortex"
1,0.925,0.00333333333333333,0.0822222222222222,0,0.06,-1.50380926216699,1.51269796639718,0,1000,100,"region_specific","12","Hippocampus","stratified_Hippocampus"
0.5,0.879518072289157,0.00111111111111111,0.0811111111111111,0.01,0.1,-1.49494892017995,1.50395499124706,0,1000,100,"region_specific","12","Olfactory","stratified_Olfactory"
NA,0.855263157894737,0,0.0722222222222222,0,0.11,-1.50550539708407,1.51495198221751,0,1000,100,"region_specific","12","Striatum","stratified_Striatum"
1,0.898305084745763,0.0022271714922049,0.0590200445434298,0,0.06,-1.51645240322051,1.52570993537661,0,998,100,"region_specific","13","Cerebellum","stratified_Cerebellum"
0.302158273381295,0.590909090909091,0.0467185761957731,0.159065628476085,0.97,0.99,-0.304866317419581,0.492145488058282,0.51,999,100,"region_specific","13","Cortex","stratified_Cortex"
1,0.873015873015873,0.0066815144766147,0.0612472160356347,0,0.08,-1.50935829060273,1.51969146180876,0,998,100,"region_specific","13","Hippocampus","stratified_Hippocampus"
1,0.864197530864197,0.0066815144766147,0.0779510022271715,0,0.11,-1.51252051796931,1.52312003367584,0,998,100,"region_specific","13","Olfactory","stratified_Olfactory"
1,0.901234567901235,0.00556792873051225,0.0812917594654788,0,0.08,-1.50634381144575,1.51653755223618,0,998,100,"region_specific","13","Striatum","stratified_Striatum"
1,0.896103896103896,0.00555555555555556,0.0766666666666667,0,0.08,-1.4987364570941,1.5081670495948,0,1000,100,"region_specific","14","Cerebellum","stratified_Cerebellum"
0.350649350649351,0.583333333333333,0.0600667408231368,0.155728587319244,1,1,-0.258431079381459,0.443759760270303,0.58,999,100,"region_specific","14","Cortex","stratified_Cortex"
1,0.91358024691358,0.00111234705228031,0.082313681868743,0,0.07,-1.4912259009418,1.50009061788624,0,999,100,"region_specific","14","Hippocampus","stratified_Hippocampus"
1,0.92,0.00556792873051225,0.076837416481069,0,0.06,-1.49591658137884,1.50430832283242,0,998,100,"region_specific","14","Olfactory","stratified_Olfactory"
1,0.920454545454545,0.00556792873051225,0.0902004454342984,0,0.07,-1.5092656177798,1.51692576164311,0,998,100,"region_specific","14","Striatum","stratified_Striatum"
NA,0.864864864864865,0,0.0711111111111111,0,0.1,-1.47865870450853,1.48990542305985,0,1000,100,"region_specific","15","Cerebellum","stratified_Cerebellum"
0.23015873015873,0.529126213592233,0.0322222222222222,0.121111111111111,0.97,0.97,-0.308669933083485,0.518431689207633,0.49,1000,100,"region_specific","15","Cortex","stratified_Cortex"
1,0.876712328767123,0.00222222222222222,0.0711111111111111,0,0.09,-1.48613252364741,1.49723943400971,0,1000,100,"region_specific","15","Hippocampus","stratified_Hippocampus"
1,0.848101265822785,0.00222222222222222,0.0744444444444444,0,0.12,-1.49306611033077,1.50384019396623,0,1000,100,"region_specific","15","Olfactory","stratified_Olfactory"
1,0.855263157894737,0.00666666666666667,0.0722222222222222,0,0.11,-1.4796630975775,1.49011455298643,0,1000,100,"region_specific","15","Striatum","stratified_Striatum"
0.666666666666667,0.873239436619718,0.00222965440356745,0.0691192865105909,0.01,0.09,-1.48886407902601,1.49765557676483,0,997,100,"region_specific","16","Cerebellum","stratified_Cerebellum"
0.300699300699301,0.591836734693878,0.0478841870824053,0.161469933184855,1,1,-0.28029632445477,0.468274074259122,0.56,998,100,"region_specific","16","Cortex","stratified_Cortex"
0.75,0.932432432432432,0.00334075723830735,0.076837416481069,0.01,0.05,-1.4914130831615,1.49928506945721,0,998,100,"region_specific","16","Hippocampus","stratified_Hippocampus"
0.875,0.91358024691358,0.00780379041248606,0.0824972129319955,0.01,0.07,-1.49557853401627,1.50404555294956,0,997,100,"region_specific","16","Olfactory","stratified_Olfactory"
NA,0.873417721518987,0,0.076837416481069,0,0.1,-1.50012221487178,1.50880664381497,0,998,100,"region_specific","16","Striatum","stratified_Striatum"
0.875,0.945945945945946,0.00777777777777778,0.0777777777777778,0.01,0.04,-1.53089697067478,1.53901229585539,0,1000,100,"region_specific","17","Cerebellum","stratified_Cerebellum"
0.469613259668508,0.645756457564576,0.0944444444444444,0.194444444444444,0.96,0.96,-0.39119792274251,0.575557255300897,0.5,1000,100,"region_specific","17","Cortex","stratified_Cortex"
1,0.928571428571429,0.00111111111111111,0.0722222222222222,0,0.05,-1.51773241878398,1.52520097616227,0,1000,100,"region_specific","17","Hippocampus","stratified_Hippocampus"
1,0.956521739130435,0.00444444444444444,0.0733333333333333,0,0.03,-1.51174508400157,1.51931393242083,0,1000,100,"region_specific","17","Olfactory","stratified_Olfactory"
0.888888888888889,0.902777777777778,0.00888888888888889,0.0722222222222222,0.01,0.07,-1.52510768734358,1.53210199138684,0,1000,100,"region_specific","17","Striatum","stratified_Striatum"
0.666666666666667,0.953488372093023,0.00222222222222222,0.0911111111111111,0.0101010101010101,0.0404040404040404,-1.5123241841923,1.52348311900181,0,999,99,"region_specific","18","Cerebellum","stratified_Cerebellum"
0.346666666666667,0.575107296137339,0.0578420467185762,0.149054505005562,0.98,0.99,-0.334548166432153,0.543708540104737,0.47,999,100,"region_specific","18","Cortex","stratified_Cortex"
0.857142857142857,0.9125,0.00667408231368187,0.0812013348164627,0.0101010101010101,0.0707070707070707,-1.51767661554593,1.52724393627122,0,998,99,"region_specific","18","Hippocampus","stratified_Hippocampus"
1,0.919540229885057,0.00222469410456062,0.0889877641824249,0,0.07,-1.52467506855633,1.53435768591277,0,999,100,"region_specific","18","Olfactory","stratified_Olfactory"
1,0.948051948051948,0.00222469410456062,0.0812013348164627,0,0.04,-1.5278093544963,1.5374133266796,0,999,100,"region_specific","18","Striatum","stratified_Striatum"
0.8,0.833333333333333,0.0044543429844098,0.0723830734966592,0.01,0.13,-1.49797554759748,1.5076591001264,0,998,100,"region_specific","19","Cerebellum","stratified_Cerebellum"
0.204918032786885,0.533333333333333,0.0278396436525612,0.124721603563474,0.97,0.98,-0.29560576823927,0.497219613101523,0.52,998,100,"region_specific","19","Cortex","stratified_Cortex"
1,0.846153846153846,0.00222469410456062,0.0734149054505006,0,0.12,-1.4845703737774,1.49438674726002,0,999,100,"region_specific","19","Hippocampus","stratified_Hippocampus"
NA,0.897435897435897,0,0.0778642936596218,0,0.08,-1.48692183657102,1.4970248227382,0,999,100,"region_specific","19","Olfactory","stratified_Olfactory"
1,0.857142857142857,0.0022271714922049,0.0734966592427617,0,0.11,-1.49052596649972,1.50036671412015,0,998,100,"region_specific","19","Striatum","stratified_Striatum"
1,0.927083333333333,0.00555555555555556,0.0988888888888889,0,0.07,-1.48526312272786,1.49296120447989,0,1000,100,"region_specific","2","Cerebellum","stratified_Cerebellum"
0.473118279569892,0.65,0.0977777777777778,0.202222222222222,0.98,0.98,-0.353289175204743,0.572825626409787,0.6,1000,100,"region_specific","2","Cortex","stratified_Cortex"
1,0.939024390243902,0.00444938820912125,0.085650723025584,0,0.05,-1.48463204231696,1.49164992563345,0,999,100,"region_specific","2","Hippocampus","stratified_Hippocampus"
1,0.905172413793103,0.00444444444444444,0.116666666666667,0,0.11,-1.498771929826,1.50604914437571,0,1000,100,"region_specific","2","Olfactory","stratified_Olfactory"
0.5,0.897727272727273,0.00111234705228031,0.0878754171301446,0.01,0.09,-1.4692451357026,1.47649360250482,0,999,100,"region_specific","2","Striatum","stratified_Striatum"
0,0.840425531914894,0,0.0877777777777778,0.02,0.15,-1.49890299344394,1.51023545657815,0,1000,100,"region_specific","20","Cerebellum","stratified_Cerebellum"
0.404907975460123,0.614173228346457,0.0733333333333333,0.173333333333333,0.97,0.98,-0.301295232363765,0.501709463951635,0.58,1000,100,"region_specific","20","Cortex","stratified_Cortex"
0.833333333333333,0.906976744186046,0.00555555555555556,0.0866666666666667,0.01,0.08,-1.49228892434393,1.50296747157153,0,1000,100,"region_specific","20","Hippocampus","stratified_Hippocampus"
0.833333333333333,0.8875,0.00555555555555556,0.0788888888888889,0.01,0.09,-1.49879922745277,1.50975368127539,0,1000,100,"region_specific","20","Olfactory","stratified_Olfactory"
0.857142857142857,0.91304347826087,0.00666666666666667,0.0933333333333333,0.01,0.08,-1.49359613249143,1.50541960311158,0,1000,100,"region_specific","20","Striatum","stratified_Striatum"
NA,0.886075949367089,0,0.0777777777777778,0,0.09,-1.4945111030672,1.50555983017829,0,1000,100,"region_specific","21","Cerebellum","stratified_Cerebellum"
0.4,0.606425702811245,0.0711111111111111,0.167777777777778,0.96,0.98,-0.286921839304265,0.496709494421058,0.5,1000,100,"region_specific","21","Cortex","stratified_Cortex"
1,0.85,0.00555555555555556,0.0755555555555556,0,0.12,-1.49748483519097,1.50775606898534,0,1000,100,"region_specific","21","Hippocampus","stratified_Hippocampus"
1,0.869047619047619,0.00222222222222222,0.0811111111111111,0,0.11,-1.48800482688279,1.49879739398889,0,1000,100,"region_specific","21","Olfactory","stratified_Olfactory"
0.5,0.857142857142857,0.00111111111111111,0.0733333333333333,0.01,0.11,-1.48744428508997,1.49818667033308,0,1000,100,"region_specific","21","Striatum","stratified_Striatum"
1,0.9125,0.00111111111111111,0.0811111111111111,0,0.07,-1.51297112617961,1.5210511925156,0,1000,100,"region_specific","22","Cerebellum","stratified_Cerebellum"
0.381578947368421,0.589211618257261,0.0644444444444444,0.157777777777778,0.94,0.99,-0.294557526999036,0.494151079776226,0.59,1000,100,"region_specific","22","Cortex","stratified_Cortex"
NA,0.89873417721519,0,0.0788888888888889,0,0.08,-1.49731364361249,1.50538425730414,0,1000,100,"region_specific","22","Hippocampus","stratified_Hippocampus"
1,0.887323943661972,0.00111111111111111,0.07,0,0.08,-1.49848065364823,1.50725391998754,0,1000,100,"region_specific","22","Olfactory","stratified_Olfactory"
0,0.904109589041096,0,0.0733333333333333,0.01,0.07,-1.49806141618856,1.5060222688587,0,1000,100,"region_specific","22","Striatum","stratified_Striatum"
1,0.919354838709677,0.0100111234705228,0.0634037819799778,0,0.05,-1.48075541415653,1.48893896697849,0,999,100,"region_specific","23","Cerebellum","stratified_Cerebellum"
0.230769230769231,0.54954954954955,0.0333704115684093,0.135706340378198,1,1,-0.267218275169075,0.442720285304533,0.57,999,100,"region_specific","23","Cortex","stratified_Cortex"
1,0.867647058823529,0.00779510022271715,0.0657015590200445,0,0.09,-1.46562172433174,1.47449612873913,0,998,100,"region_specific","23","Hippocampus","stratified_Hippocampus"
1,0.905660377358491,0.0022271714922049,0.0534521158129176,0,0.05,-1.47785511635904,1.48693126116785,0,998,100,"region_specific","23","Olfactory","stratified_Olfactory"
1,0.933333333333333,0.00556792873051225,0.0779510022271715,0,0.05,-1.47388408177958,1.48135260149081,0,998,100,"region_specific","23","Striatum","stratified_Striatum"
1,0.927536231884058,0.00222222222222222,0.0711111111111111,0,0.05,-1.51316513166399,1.52359154665671,0,1000,100,"region_specific","24","Cerebellum","stratified_Cerebellum"
0.374193548387097,0.581196581196581,0.0645161290322581,0.151279199110122,0.97,0.98,-0.337789862850379,0.539902063912099,0.48,999,100,"region_specific","24","Cortex","stratified_Cortex"
1,0.89041095890411,0.00111358574610245,0.0723830734966592,0,0.08,-1.5066883025315,1.51660824098345,0,998,100,"region_specific","24","Hippocampus","stratified_Hippocampus"
1,0.939393939393939,0.00222222222222222,0.0688888888888889,0,0.04,-1.50507339771235,1.51488109971409,0,1000,100,"region_specific","24","Olfactory","stratified_Olfactory"
1,0.923076923076923,0.00333704115684093,0.0800889877641824,0,0.06,-1.50455589938344,1.51444564509407,0,999,100,"region_specific","24","Striatum","stratified_Striatum"
0.8,0.886075949367089,0.00444444444444444,0.0777777777777778,0.01,0.09,-1.50311705842907,1.5126758827549,0,1000,100,"region_specific","25","Cerebellum","stratified_Cerebellum"
0.326241134751773,0.583690987124464,0.0511111111111111,0.151111111111111,0.95,0.97,-0.298681160602827,0.491571678780747,0.54,1000,100,"region_specific","25","Cortex","stratified_Cortex"
0.5,0.876923076923077,0.00111234705228031,0.0634037819799778,0.01,0.08,-1.5041211324227,1.51449957370011,0,999,100,"region_specific","25","Hippocampus","stratified_Hippocampus"
1,0.923076923076923,0.00666666666666667,0.0666666666666667,0,0.05,-1.50887243701586,1.51835144574186,0,1000,100,"region_specific","25","Olfactory","stratified_Olfactory"
1,0.904761904761905,0.00111111111111111,0.0844444444444444,0,0.08,-1.50690795669997,1.51682718023575,0,1000,100,"region_specific","25","Striatum","stratified_Striatum"
1,0.901408450704225,0.00333333333333333,0.0711111111111111,0,0.07,-1.51844474957851,1.52755027646163,0,1000,100,"region_specific","26","Cerebellum","stratified_Cerebellum"
0.427745664739884,0.585774058577406,0.0822222222222222,0.155555555555556,0.99,0.99,-0.258907224193739,0.399362601306512,0.54,1000,100,"region_specific","26","Cortex","stratified_Cortex"
NA,0.902777777777778,0,0.0722222222222222,0,0.07,-1.51430443594515,1.52352583394009,0,1000,100,"region_specific","26","Hippocampus","stratified_Hippocampus"
1,0.927536231884058,0.00555555555555556,0.0711111111111111,0,0.05,-1.52996543562577,1.5394583963616,0,1000,100,"region_specific","26","Olfactory","stratified_Olfactory"
1,0.918918918918919,0.00222222222222222,0.0755555555555556,0,0.06,-1.53308366382385,1.54278770456071,0,1000,100,"region_specific","26","Striatum","stratified_Striatum"
1,0.901408450704225,0.00333704115684093,0.0711902113459399,0,0.07,-1.48962429436196,1.49935525365625,0,999,100,"region_specific","27","Cerebellum","stratified_Cerebellum"
0.425149700598802,0.62109375,0.0788888888888889,0.176666666666667,0.96,0.97,-0.317429929143321,0.522776629533883,0.49,1000,100,"region_specific","27","Cortex","stratified_Cortex"
1,0.830985915492958,0.00333333333333333,0.0655555555555556,0,0.12,-1.49431350132927,1.50437053273223,0,1000,100,"region_specific","27","Hippocampus","stratified_Hippocampus"
1,0.871794871794872,0.00333333333333333,0.0755555555555556,0,0.1,-1.48488421185205,1.49478908087907,0,1000,100,"region_specific","27","Olfactory","stratified_Olfactory"
NA,0.873239436619718,0,0.0689655172413793,0,0.09,-1.48491154991223,1.49589988902436,0,999,100,"region_specific","27","Striatum","stratified_Striatum"
0.636363636363636,0.858974358974359,0.00778642936596218,0.0745272525027809,0.04,0.11,-1.49585601893238,1.50410275820789,0,999,100,"region_specific","28","Cerebellum","stratified_Cerebellum"
0.366666666666667,0.59915611814346,0.0611111111111111,0.157777777777778,0.95,0.95,-0.330077970610862,0.536150441454122,0.45,1000,100,"region_specific","28","Cortex","stratified_Cortex"
0.875,0.878048780487805,0.00777777777777778,0.08,0.01,0.1,-1.48499791817119,1.49305003370168,0,1000,100,"region_specific","28","Hippocampus","stratified_Hippocampus"
1,0.848101265822785,0.00777777777777778,0.0744444444444444,0,0.12,-1.49042504762864,1.49882713461863,0,1000,100,"region_specific","28","Olfactory","stratified_Olfactory"
1,0.89041095890411,0.00666666666666667,0.0722222222222222,0,0.08,-1.50041159177228,1.50897386400256,0,1000,100,"region_specific","28","Striatum","stratified_Striatum"
0.833333333333333,0.882882882882883,0.00556792873051225,0.10913140311804,0.0101010101010101,0.131313131313131,-1.49334092709375,1.50479218028284,0,997,99,"region_specific","29","Cerebellum","stratified_Cerebellum"
0.407185628742515,0.607843137254902,0.0756395995550612,0.172413793103448,0.99,1,-0.277453881722933,0.486180592107291,0.59,999,100,"region_specific","29","Cortex","stratified_Cortex"
1,0.881720430107527,0.00111234705228031,0.0912124582869855,0,0.111111111111111,-1.48038560425405,1.49145090796798,0,998,99,"region_specific","29","Hippocampus","stratified_Hippocampus"
1,0.881720430107527,0.0022271714922049,0.0913140311804009,0,0.111111111111111,-1.47561704474883,1.48756733359127,0,997,99,"region_specific","29","Olfactory","stratified_Olfactory"
0.666666666666667,0.839506172839506,0.00222469410456062,0.0756395995550612,0.0101010101010101,0.131313131313131,-1.48446545284429,1.49628580755169,0,998,99,"region_specific","29","Striatum","stratified_Striatum"
1,0.866666666666667,0.00556173526140156,0.0723025583982203,0,0.1,-1.51011381220599,1.51905927013425,0,999,100,"region_specific","3","Cerebellum","stratified_Cerebellum"
0.4,0.604,0.0711111111111111,0.167777777777778,0.96,0.99,-0.297432127814171,0.470351938379762,0.56,1000,100,"region_specific","3","Cortex","stratified_Cortex"
0.75,0.890243902439024,0.00333704115684093,0.0812013348164627,0.01,0.09,-1.51393453071161,1.52358541999381,0,999,100,"region_specific","3","Hippocampus","stratified_Hippocampus"
0.888888888888889,0.902777777777778,0.00888888888888889,0.0722222222222222,0.01,0.07,-1.51863327898207,1.52752050738563,0,1000,100,"region_specific","3","Olfactory","stratified_Olfactory"
0.666666666666667,0.873417721518987,0.00444444444444444,0.0766666666666667,0.02,0.1,-1.51367327867245,1.52261356581648,0,1000,100,"region_specific","3","Striatum","stratified_Striatum"
1,0.878787878787879,0.0044543429844098,0.0645879732739421,0,0.08,-1.50702623882352,1.51507658415338,0,998,100,"region_specific","30","Cerebellum","stratified_Cerebellum"
0.3875,0.588235294117647,0.0688888888888889,0.155555555555556,0.98,0.98,-0.352093343188172,0.536773176521639,0.52,1000,100,"region_specific","30","Cortex","stratified_Cortex"
0.8,0.8875,0.0044543429844098,0.0790645879732739,0.01,0.09,-1.50969294832581,1.51794080779611,0,998,100,"region_specific","30","Hippocampus","stratified_Hippocampus"
1,0.91044776119403,0.00111358574610245,0.0679287305122494,0,0.06,-1.50224515083766,1.51016065734796,0,998,100,"region_specific","30","Olfactory","stratified_Olfactory"
0.5,0.918918918918919,0.0022271714922049,0.0757238307349666,0.02,0.06,-1.50801950770262,1.51611226506154,0,998,100,"region_specific","30","Striatum","stratified_Striatum"
0.666666666666667,0.838235294117647,0.00222222222222222,0.0633333333333333,0.01,0.11,-1.50052185079204,1.51102514405882,0,1000,100,"region_specific","31","Cerebellum","stratified_Cerebellum"
0.383647798742138,0.610236220472441,0.0677777777777778,0.172222222222222,0.98,0.99,-0.330929141788665,0.512513923540377,0.44,1000,100,"region_specific","31","Cortex","stratified_Cortex"
0.6,0.855421686746988,0.00333333333333333,0.0788888888888889,0.02,0.12,-1.51311091460942,1.52308398193356,0,1000,100,"region_specific","31","Hippocampus","stratified_Hippocampus"
1,0.822784810126582,0.00333333333333333,0.0722222222222222,0,0.14,-1.49782981707752,1.50812167109906,0,1000,100,"region_specific","31","Olfactory","stratified_Olfactory"
0.5,0.808823529411765,0.00222222222222222,0.0611111111111111,0.02,0.13,-1.50436991470661,1.51515081770077,0,1000,100,"region_specific","31","Striatum","stratified_Striatum"
NA,0.922077922077922,0,0.0788888888888889,0,0.06,-1.48510655188061,1.49302311681061,0,1000,100,"region_specific","32","Cerebellum","stratified_Cerebellum"
0.384615384615385,0.582978723404255,0.0666666666666667,0.152222222222222,0.96,0.98,-0.294494439548909,0.478393817966298,0.57,1000,100,"region_specific","32","Cortex","stratified_Cortex"
1,0.873563218390805,0.00666666666666667,0.0844444444444444,0,0.11,-1.48590804145748,1.49410085837972,0,1000,100,"region_specific","32","Hippocampus","stratified_Hippocampus"
NA,0.934210526315789,0,0.0788888888888889,0,0.05,-1.48092442240115,1.48862364317967,0,1000,100,"region_specific","32","Olfactory","stratified_Olfactory"
1,0.924050632911392,0.00333333333333333,0.0811111111111111,0,0.06,-1.48044100588479,1.48872833606544,0,1000,100,"region_specific","32","Striatum","stratified_Striatum"
1,0.914634146341463,0.00222469410456062,0.0834260289210234,0,0.07,-1.47079662413514,1.47855880016143,0,999,100,"region_specific","33","Cerebellum","stratified_Cerebellum"
0.311594202898551,0.55045871559633,0.0477777777777778,0.133333333333333,0.95,0.98,-0.310270475123291,0.514075716812435,0.54,1000,100,"region_specific","33","Cortex","stratified_Cortex"
1,0.879518072289157,0.00111111111111111,0.0811111111111111,0,0.1,-1.47493204347174,1.4828949080532,0,1000,100,"region_specific","33","Hippocampus","stratified_Hippocampus"
1,0.91025641025641,0.00111111111111111,0.0788888888888889,0,0.07,-1.47498169508646,1.48287443381362,0,1000,100,"region_specific","33","Olfactory","stratified_Olfactory"
NA,0.911111111111111,0,0.0911111111111111,0,0.08,-1.48688670150623,1.49457390891084,0,1000,100,"region_specific","33","Striatum","stratified_Striatum"
0.875,0.91358024691358,0.00778642936596218,0.082313681868743,0.01,0.07,-1.47152850528665,1.48188830482443,0,999,100,"region_specific","34","Cerebellum","stratified_Cerebellum"
0.382165605095541,0.594262295081967,0.0667408231368187,0.161290322580645,0.97,0.99,-0.288956018754594,0.476538338849094,0.53,999,100,"region_specific","34","Cortex","stratified_Cortex"
1,0.897435897435897,0.00333704115684093,0.0778642936596218,0,0.08,-1.48559836259336,1.49666540645277,0,999,100,"region_specific","34","Hippocampus","stratified_Hippocampus"
0.8,0.880597014925373,0.00444938820912125,0.0656284760845384,0.01,0.08,-1.48590071827119,1.49642166931986,0,999,100,"region_specific","34","Olfactory","stratified_Olfactory"
0.833333333333333,0.896103896103896,0.00556173526140156,0.0767519466073415,0.01,0.08,-1.47939191188968,1.48952041400291,0,999,100,"region_specific","34","Striatum","stratified_Striatum"
1,0.901098901098901,0.00555555555555556,0.0911111111111111,0,0.09,-1.51317298413509,1.52274984899132,0,1000,100,"region_specific","35","Cerebellum","stratified_Cerebellum"
0.377358490566038,0.576923076923077,0.0666666666666667,0.15,0.99,0.99,-0.260808861479502,0.444996739664956,0.57,1000,100,"region_specific","35","Cortex","stratified_Cortex"
NA,0.853658536585366,0,0.0778642936596218,0,0.12,-1.51882469337807,1.52837860200929,0,999,100,"region_specific","35","Hippocampus","stratified_Hippocampus"
1,0.868421052631579,0.00111111111111111,0.0733333333333333,0,0.1,-1.51079604884441,1.52100588581241,0,1000,100,"region_specific","35","Olfactory","stratified_Olfactory"
1,0.858974358974359,0.00444938820912125,0.0745272525027809,0,0.11,-1.50679572540329,1.51601567362889,0,999,100,"region_specific","35","Striatum","stratified_Striatum"
1,0.970588235294118,0.00333704115684093,0.0734149054505006,0,0.02,-1.49979817240821,1.50836507994576,0,999,100,"region_specific","36","Cerebellum","stratified_Cerebellum"
0.426900584795322,0.616279069767442,0.0812013348164627,0.17686318131257,0.98,0.99,-0.308666171018337,0.494700672439444,0.53,999,100,"region_specific","36","Cortex","stratified_Cortex"
1,0.909090909090909,0.00222469410456062,0.0667408231368187,0,0.06,-1.49457848223106,1.50358651424944,0,999,100,"region_specific","36","Hippocampus","stratified_Hippocampus"
0.5,0.901639344262295,0.00222469410456062,0.0611790878754171,0.02,0.06,-1.50367264186573,1.51265281441607,0,999,100,"region_specific","36","Olfactory","stratified_Olfactory"
1,0.91304347826087,0.0044543429844098,0.0701559020044543,0,0.06,-1.5058505360549,1.51516964060103,0,998,100,"region_specific","36","Striatum","stratified_Striatum"
NA,0.857142857142857,0,0.0666666666666667,0,0.1,-1.5144443551384,1.52397428869259,0,1000,100,"region_specific","37","Cerebellum","stratified_Cerebellum"
0.323943661971831,0.595918367346939,0.0511111111111111,0.162222222222222,0.96,0.99,-0.32585651436716,0.514542594710432,0.53,1000,100,"region_specific","37","Cortex","stratified_Cortex"
0.75,0.850746268656716,0.00333333333333333,0.0633333333333333,0.01,0.1,-1.51671135390102,1.5267073741237,0,1000,100,"region_specific","37","Hippocampus","stratified_Hippocampus"
1,0.855072463768116,0.00333333333333333,0.0655555555555556,0,0.1,-1.51431777934795,1.52392618008064,0,1000,100,"region_specific","37","Olfactory","stratified_Olfactory"
1,0.873015873015873,0.00666666666666667,0.0611111111111111,0,0.08,-1.52305493065668,1.53306850169345,0,1000,100,"region_specific","37","Striatum","stratified_Striatum"
1,0.931818181818182,0.00556792873051225,0.0913140311804009,0,0.0606060606060606,-1.50082198528174,1.5102932884605,0,997,99,"region_specific","38","Cerebellum","stratified_Cerebellum"
0.428571428571429,0.631578947368421,0.0800889877641824,0.186874304783092,0.96,0.98,-0.354880648269706,0.580470970753014,0.54,999,100,"region_specific","38","Cortex","stratified_Cortex"
1,0.901234567901235,0.0044543429844098,0.0812917594654788,0,0.0808080808080808,-1.4947264155203,1.50467205413899,0,997,99,"region_specific","38","Hippocampus","stratified_Hippocampus"
1,0.92,0.00779510022271715,0.076837416481069,0,0.0606060606060606,-1.4905298359792,1.50051787561889,0,997,99,"region_specific","38","Olfactory","stratified_Olfactory"
1,0.911392405063291,0.00556173526140156,0.0800889877641824,0,0.07,-1.47141862484051,1.48102332538252,0,999,100,"region_specific","38","Striatum","stratified_Striatum"
1,0.963636363636364,0.00111358574610245,0.0590200445434298,0,0.02,-1.504178681761,1.50975450715723,0,998,100,"region_specific","39","Cerebellum","stratified_Cerebellum"
0.310344827586207,0.54337899543379,0.05,0.132222222222222,1,1,-0.315078645329355,0.487985973062568,0.56,1000,100,"region_specific","39","Cortex","stratified_Cortex"
1,0.958333333333333,0.00111358574610245,0.0512249443207127,0,0.02,-1.49693652197516,1.50288776605183,0,998,100,"region_specific","39","Hippocampus","stratified_Hippocampus"
NA,0.96,0,0.053392658509455,0,0.02,-1.4984222118103,1.50349489406626,0,999,100,"region_specific","39","Olfactory","stratified_Olfactory"
1,0.964285714285714,0.00111234705228031,0.0600667408231368,0,0.02,-1.490042177548,1.49555476906296,0,999,100,"region_specific","39","Striatum","stratified_Striatum"
1,0.865384615384615,0.00111234705228031,0.050055617352614,0,0.07,-1.48141913037438,1.49020638104503,0,999,100,"region_specific","4","Cerebellum","stratified_Cerebellum"
0.27536231884058,0.54337899543379,0.0422691879866518,0.132369299221357,1,1,-0.251487139231914,0.423092086496816,0.61,999,100,"region_specific","4","Cortex","stratified_Cortex"
1,0.844827586206897,0.00222222222222222,0.0544444444444444,0,0.09,-1.49163973519744,1.49973568376404,0,1000,100,"region_specific","4","Hippocampus","stratified_Hippocampus"
1,0.865384615384615,0.00222222222222222,0.05,0,0.07,-1.4851325608092,1.49358956490106,0,1000,100,"region_specific","4","Olfactory","stratified_Olfactory"
1,0.824561403508772,0.00111111111111111,0.0522222222222222,0,0.1,-1.47726128906081,1.48662964728276,0,1000,100,"region_specific","4","Striatum","stratified_Striatum"
0.8,0.881578947368421,0.0044543429844098,0.0746102449888641,0.01,0.09,-1.47973185261097,1.48889903661965,0,998,100,"region_specific","40","Cerebellum","stratified_Cerebellum"
0.430232558139535,0.641025641025641,0.0822222222222222,0.194444444444444,0.98,0.98,-0.241736831161211,0.423714628987642,0.57,1000,100,"region_specific","40","Cortex","stratified_Cortex"
0.333333333333333,0.888888888888889,0.00111234705228031,0.0622914349276974,0.02,0.07,-1.48931472182901,1.49888381793234,0,999,100,"region_specific","40","Hippocampus","stratified_Hippocampus"
NA,0.875,0,0.0701559020044543,0,0.09,-1.49023297130326,1.50046193211873,0,998,100,"region_specific","40","Olfactory","stratified_Olfactory"
0.833333333333333,0.873239436619718,0.00556173526140156,0.0689655172413793,0.01,0.09,-1.47708054049352,1.48761144528724,0,999,100,"region_specific","40","Striatum","stratified_Striatum"
1,0.865853658536585,0.0022271714922049,0.0790645879732739,0,0.11,-1.51550650313454,1.52423256251208,0,998,100,"region_specific","41","Cerebellum","stratified_Cerebellum"
0.4,0.623015873015873,0.0689655172413793,0.174638487208009,0.93,0.95,-0.359804091561111,0.584847744266302,0.47,999,100,"region_specific","41","Cortex","stratified_Cortex"
NA,0.858974358974359,0,0.0744444444444444,0,0.11,-1.5094671591697,1.51893537636108,0,1000,100,"region_specific","41","Hippocampus","stratified_Hippocampus"
1,0.846153846153846,0.00444444444444444,0.0733333333333333,0,0.12,-1.51287222572809,1.52239917527887,0,1000,100,"region_specific","41","Olfactory","stratified_Olfactory"
0.666666666666667,0.876712328767123,0.00222469410456062,0.0711902113459399,0.01,0.09,-1.51914747580792,1.52904867408086,0,999,100,"region_specific","41","Striatum","stratified_Striatum"
1,0.845070422535211,0.00222222222222222,0.0666666666666667,0,0.11,-1.49849998683295,1.50735569130179,0,1000,100,"region_specific","42","Cerebellum","stratified_Cerebellum"
0.274074074074074,0.598360655737705,0.0411111111111111,0.162222222222222,0.98,0.98,-0.375695584323982,0.592006484514046,0.43,1000,100,"region_specific","42","Cortex","stratified_Cortex"
0.75,0.842105263157895,0.00333333333333333,0.0711111111111111,0.01,0.12,-1.50390053030075,1.51299044267343,0,1000,100,"region_specific","42","Hippocampus","stratified_Hippocampus"
0.9,0.8375,0.01,0.0744444444444444,0.01,0.13,-1.4775058436,1.48652411149132,0,1000,100,"region_specific","42","Olfactory","stratified_Olfactory"
0.8,0.840579710144927,0.00444938820912125,0.0645161290322581,0.01,0.11,-1.49227682118663,1.50070403153235,0,999,100,"region_specific","42","Striatum","stratified_Striatum"
1,0.824561403508772,0.00222222222222222,0.0522222222222222,0,0.1,-1.48983623808676,1.49928431026966,0,1000,100,"region_specific","43","Cerebellum","stratified_Cerebellum"
0.201612903225806,0.50251256281407,0.0277777777777778,0.111111111111111,0.99,0.99,-0.291008660126442,0.483312136028493,0.5,1000,100,"region_specific","43","Cortex","stratified_Cortex"
0.666666666666667,0.879310344827586,0.00222469410456062,0.0567296996662959,0.01,0.07,-1.50372458974401,1.51345807613923,0,999,100,"region_specific","43","Hippocampus","stratified_Hippocampus"
0.5,0.879310344827586,0.00111111111111111,0.0566666666666667,0.01,0.07,-1.49670251915786,1.50657765830737,0,1000,100,"region_specific","43","Olfactory","stratified_Olfactory"
1,0.866666666666667,0.00222222222222222,0.0577777777777778,0,0.08,-1.49321300093128,1.50299075454594,0,1000,100,"region_specific","43","Striatum","stratified_Striatum"
1,0.934782608695652,0.0022271714922049,0.0957683741648107,0,0.0606060606060606,-1.53394657445234,1.54207526614364,0,997,99,"region_specific","44","Cerebellum","stratified_Cerebellum"
0.388535031847134,0.624521072796935,0.067853170189099,0.181312569521691,0.96,0.98,-0.344950695056293,0.506488014960745,0.54,999,100,"region_specific","44","Cortex","stratified_Cortex"
1,0.935897435897436,0.0089086859688196,0.0812917594654788,0,0.0505050505050505,-1.5349367023919,1.54324333919398,0,997,99,"region_specific","44","Hippocampus","stratified_Hippocampus"
1,0.91358024691358,0.00334448160535117,0.0824972129319955,0,0.0707070707070707,-1.53343157304246,1.54087980868431,0,996,99,"region_specific","44","Olfactory","stratified_Olfactory"
1,0.950617283950617,0.00111358574610245,0.0857461024498886,0,0.0404040404040404,-1.5331198839885,1.54124065447476,0,997,99,"region_specific","44","Striatum","stratified_Striatum"
1,0.871794871794872,0.00777777777777778,0.0755555555555556,0,0.1,-1.48773471213014,1.49769742744116,0,1000,100,"region_specific","45","Cerebellum","stratified_Cerebellum"
0.472826086956522,0.666666666666667,0.0967741935483871,0.218020022246941,0.97,0.98,-0.275736509072241,0.478250786144266,0.52,999,100,"region_specific","45","Cortex","stratified_Cortex"
0.857142857142857,0.908045977011494,0.00667408231368187,0.0878754171301446,0.01,0.08,-1.50547008407434,1.51555231938869,0,999,100,"region_specific","45","Hippocampus","stratified_Hippocampus"
1,0.91566265060241,0.00111234705228031,0.0845383759733037,0,0.07,-1.51004412942066,1.51941809614757,0,999,100,"region_specific","45","Olfactory","stratified_Olfactory"
0.666666666666667,0.89041095890411,0.00222222222222222,0.0722222222222222,0.01,0.08,-1.49765039708232,1.50649993979226,0,1000,100,"region_specific","45","Striatum","stratified_Striatum"
1,0.927083333333333,0.00666666666666667,0.0988888888888889,0,0.07,-1.48309091926632,1.48953121455863,0,1000,100,"region_specific","46","Cerebellum","stratified_Cerebellum"
0.337837837837838,0.586497890295359,0.0555555555555556,0.154444444444444,0.98,0.98,-0.276287420993739,0.501499870093478,0.58,1000,100,"region_specific","46","Cortex","stratified_Cortex"
1,0.92,0.00555555555555556,0.0766666666666667,0,0.06,-1.49109701946545,1.49782136241541,0,1000,100,"region_specific","46","Hippocampus","stratified_Hippocampus"
1,0.945945945945946,0.00111111111111111,0.0777777777777778,0,0.04,-1.4892134140882,1.49561511352476,0,1000,100,"region_specific","46","Olfactory","stratified_Olfactory"
1,0.927710843373494,0.00222222222222222,0.0855555555555556,0,0.06,-1.4956115937927,1.50224695873997,0,1000,100,"region_specific","46","Striatum","stratified_Striatum"
0.5,0.842857142857143,0.00111234705228031,0.0656284760845384,0.01,0.11,-1.52153193858636,1.52924455690366,0,999,100,"region_specific","47","Cerebellum","stratified_Cerebellum"
0.279411764705882,0.608695652173913,0.0423162583518931,0.171492204899777,0.98,0.99,-0.330814685267559,0.506318346782159,0.45,998,100,"region_specific","47","Cortex","stratified_Cortex"
0.5,0.886075949367089,0.0022271714922049,0.0779510022271715,0.02,0.09,-1.51430304809366,1.52306556918326,0,998,100,"region_specific","47","Hippocampus","stratified_Hippocampus"
0.5,0.878787878787879,0.0022271714922049,0.0645879732739421,0.02,0.08,-1.51590155956589,1.52460843633302,0,998,100,"region_specific","47","Olfactory","stratified_Olfactory"
1,0.893333333333333,0.00111358574610245,0.0746102449888641,0,0.08,-1.51763914026995,1.52513308419645,0,998,100,"region_specific","47","Striatum","stratified_Striatum"
1,0.904109589041096,0.00444444444444444,0.0733333333333333,0,0.07,-1.50162700752853,1.5118631264522,0,1000,100,"region_specific","48","Cerebellum","stratified_Cerebellum"
0.509803921568627,0.662162162162162,0.115555555555556,0.217777777777778,1,1,-0.267818297332788,0.41440417733096,0.49,1000,100,"region_specific","48","Cortex","stratified_Cortex"
NA,0.884615384615385,0,0.0766666666666667,0,0.09,-1.50635884876237,1.51721234250185,0,1000,100,"region_specific","48","Hippocampus","stratified_Hippocampus"
1,0.893333333333333,0.00555555555555556,0.0744444444444444,0,0.08,-1.50221120071065,1.51250936415862,0,1000,100,"region_specific","48","Olfactory","stratified_Olfactory"
0.5,0.918918918918919,0.00111111111111111,0.0755555555555556,0.01,0.06,-1.50202246597944,1.51269236907065,0,1000,100,"region_specific","48","Striatum","stratified_Striatum"
0.9,0.8875,0.01,0.0788888888888889,0.01,0.09,-1.48988796626305,1.50089834659928,0,1000,100,"region_specific","49","Cerebellum","stratified_Cerebellum"
0.397515527950311,0.576923076923077,0.0711111111111111,0.15,0.97,0.99,-0.312576468486202,0.543340318827371,0.51,1000,100,"region_specific","49","Cortex","stratified_Cortex"
0.75,0.839080459770115,0.00333704115684093,0.0812013348164627,0.01,0.14,-1.48719900847822,1.49858880099621,0,999,100,"region_specific","49","Hippocampus","stratified_Hippocampus"
0.8,0.855421686746988,0.00444938820912125,0.0789766407119021,0.01,0.12,-1.48830773632175,1.49916595146421,0,999,100,"region_specific","49","Olfactory","stratified_Olfactory"
0.75,0.867469879518072,0.00333704115684093,0.0800889877641824,0.01,0.11,-1.49259763339522,1.50288436876877,0,999,100,"region_specific","49","Striatum","stratified_Striatum"
1,0.871428571428571,0.00222469410456062,0.067853170189099,0,0.09,-1.50758956117309,1.5152414576998,0,999,100,"region_specific","5","Cerebellum","stratified_Cerebellum"
0.389937106918239,0.605577689243028,0.0688888888888889,0.168888888888889,0.97,0.99,-0.291449363909545,0.465518345321745,0.51,1000,100,"region_specific","5","Cortex","stratified_Cortex"
1,0.901639344262295,0.00333333333333333,0.0611111111111111,0,0.06,-1.50575073652475,1.51404699688662,0,1000,100,"region_specific","5","Hippocampus","stratified_Hippocampus"
0.916666666666667,0.852941176470588,0.0122222222222222,0.0644444444444444,0.01,0.1,-1.50345007699227,1.51161099783127,0,1000,100,"region_specific","5","Olfactory","stratified_Olfactory"
NA,0.875,0,0.0622222222222222,0,0.08,-1.50358748818061,1.51184808131844,0,1000,100,"region_specific","5","Striatum","stratified_Striatum"
1,0.85,0.00556173526140156,0.0756395995550612,0,0.121212121212121,-1.48498618555807,1.49567079456096,0,998,99,"region_specific","50","Cerebellum","stratified_Cerebellum"
0.348993288590604,0.575107296137339,0.0578420467185762,0.149054505005562,0.97,0.99,-0.272586184074889,0.494125772161721,0.54,999,100,"region_specific","50","Cortex","stratified_Cortex"
1,0.872093023255814,0.00111358574610245,0.0835189309576837,0,0.111111111111111,-1.50200625240665,1.51321153412015,0,997,99,"region_specific","50","Hippocampus","stratified_Hippocampus"
1,0.863636363636364,0.0044543429844098,0.0846325167037862,0,0.121212121212121,-1.48546102442573,1.49727638820664,0,997,99,"region_specific","50","Olfactory","stratified_Olfactory"
0.6,0.870588235294118,0.00334075723830735,0.0824053452115813,0.0202020202020202,0.111111111111111,-1.48928701533073,1.50056552304812,0,997,99,"region_specific","50","Striatum","stratified_Striatum"
1,0.933333333333333,0.0044543429844098,0.0779510022271715,0,0.0505050505050505,-1.49637562103632,1.50656784227832,0,997,99,"region_specific","6","Cerebellum","stratified_Cerebellum"
0.47027027027027,0.652777777777778,0.0966666666666667,0.208888888888889,0.98,1,-0.256763414193306,0.450784265406201,0.64,1000,100,"region_specific","6","Cortex","stratified_Cortex"
NA,0.918918918918919,0,0.0757238307349666,0,0.0606060606060606,-1.48683297252016,1.4979407724131,0,997,99,"region_specific","6","Hippocampus","stratified_Hippocampus"
1,0.924050632911392,0.00111358574610245,0.0812917594654788,0,0.0606060606060606,-1.490213602006,1.50046019122404,0,997,99,"region_specific","6","Olfactory","stratified_Olfactory"
1,0.948051948051948,0.00334075723830735,0.0812917594654788,0,0.0404040404040404,-1.49282433613447,1.50319436702425,0,997,99,"region_specific","6","Striatum","stratified_Striatum"
1,0.957746478873239,0.00333704115684093,0.0756395995550612,0,0.03,-1.50175974079047,1.50824302343194,0,999,100,"region_specific","7","Cerebellum","stratified_Cerebellum"
0.179487179487179,0.533653846153846,0.0233592880978865,0.123470522803115,0.96,0.97,-0.297389124569651,0.496646905564351,0.53,999,100,"region_specific","7","Cortex","stratified_Cortex"
NA,0.90625,0,0.0645879732739421,0,0.06,-1.50702039974298,1.51388399588089,0,998,100,"region_specific","7","Hippocampus","stratified_Hippocampus"
1,0.972222222222222,0.00111234705228031,0.0778642936596218,0,0.02,-1.49703128634406,1.50509272527321,0,999,100,"region_specific","7","Olfactory","stratified_Olfactory"
NA,0.91044776119403,0,0.0679287305122494,0,0.06,-1.50556822963748,1.51274415032291,0,998,100,"region_specific","7","Striatum","stratified_Striatum"
NA,0.942028985507246,0,0.0723025583982203,0,0.04,-1.51357152226476,1.5208126892504,0,999,100,"region_specific","8","Cerebellum","stratified_Cerebellum"
0.307142857142857,0.601626016260163,0.0478841870824053,0.164810690423163,0.97,0.98,-0.322697505700718,0.519184428205962,0.53,998,100,"region_specific","8","Cortex","stratified_Cortex"
1,0.919354838709677,0.0066815144766147,0.0634743875278396,0,0.05,-1.51018984666649,1.51738508863778,0,998,100,"region_specific","8","Hippocampus","stratified_Hippocampus"
NA,0.945454545454545,0,0.0579064587973274,0,0.03,-1.51443692446097,1.52122755969243,0,998,100,"region_specific","8","Olfactory","stratified_Olfactory"
NA,0.942857142857143,0,0.0734966592427617,0,0.04,-1.51505141876624,1.52252044125271,0,998,100,"region_specific","8","Striatum","stratified_Striatum"
1,0.833333333333333,0.00333333333333333,0.0722222222222222,0,0.13,-1.51525571883447,1.52626763534445,0,1000,100,"region_specific","9","Cerebellum","stratified_Cerebellum"
0.25,0.542056074766355,0.0355555555555556,0.128888888888889,0.96,0.98,-0.308225588290597,0.516246100924556,0.51,1000,100,"region_specific","9","Cortex","stratified_Cortex"
1,0.850574712643678,0.00222222222222222,0.0822222222222222,0,0.13,-1.49812196550103,1.5085753609533,0,1000,100,"region_specific","9","Hippocampus","stratified_Hippocampus"
1,0.846153846153846,0.00444444444444444,0.0611111111111111,0,0.1,-1.50362116979265,1.5140270752893,0,1000,100,"region_specific","9","Olfactory","stratified_Olfactory"
0,0.824324324324324,0,0.0677777777777778,0.01,0.13,-1.49759390201568,1.50869429027261,0,1000,100,"region_specific","9","Striatum","stratified_Striatum"
0.5,0.86,0.00111111111111111,0.0477777777777778,0.01,0.07,-1.47869726420518,1.48813680233317,0,1000,100,"interaction","1","Cerebellum","stratified_Cerebellum"
0.365384615384615,0.563318777292576,0.0634037819799778,0.14349276974416,0.99,1,-0.219813504963221,0.416599186337932,0.63,999,100,"interaction","1","Cortex","stratified_Cortex"
0.184873949579832,0.492307692307692,0.0244716351501669,0.10678531701891,0.97,0.99,-2.69175853860056,2.72135975499582,0,999,100,"interaction","1","Hippocampus","stratified_Hippocampus"
1,0.887096774193548,0.00444938820912125,0.0611790878754171,0,0.07,-1.46883899104011,1.47822132767192,0,999,100,"interaction","1","Olfactory","stratified_Olfactory"
1,0.872727272727273,0.00444938820912125,0.053392658509455,0,0.07,-1.47634576044881,1.48552295068175,0,999,100,"interaction","1","Striatum","stratified_Striatum"
1,0.925373134328358,0.00111234705228031,0.0689655172413793,0,0.05,-1.49695077660037,1.50339665145708,0,999,100,"interaction","10","Cerebellum","stratified_Cerebellum"
0.297709923664122,0.548076923076923,0.0433815350389321,0.126807563959956,0.92,0.94,-0.373172819115031,0.605979357208412,0.52,999,100,"interaction","10","Cortex","stratified_Cortex"
0.218181818181818,0.512820512820513,0.0266963292547275,0.111234705228031,0.86,0.95,-2.5796218771581,2.63260012481773,0,999,100,"interaction","10","Hippocampus","stratified_Hippocampus"
1,0.948051948051948,0.00889877641824249,0.0812013348164627,0,0.04,-1.48908484231578,1.495785603369,0,999,100,"interaction","10","Olfactory","stratified_Olfactory"
1,0.922077922077922,0.00666666666666667,0.0788888888888889,0,0.06,-1.49157758196173,1.49810897251225,0,1000,100,"interaction","10","Striatum","stratified_Striatum"
NA,0.9375,0,0.0667408231368187,0,0.0404040404040404,-1.50242278799711,1.51280596068211,0,998,99,"interaction","11","Cerebellum","stratified_Cerebellum"
0.392638036809816,0.596774193548387,0.0711902113459399,0.164627363737486,0.99,1,-0.294772578493576,0.453862473078793,0.55,999,100,"interaction","11","Cortex","stratified_Cortex"
0.173913043478261,0.470588235294118,0.022271714922049,0.0979955456570156,0.95,0.99,-2.71937300374075,2.75548389671304,0,998,100,"interaction","11","Hippocampus","stratified_Hippocampus"
1,0.941176470588235,0.00444938820912125,0.0711902113459399,0,0.0404040404040404,-1.50585149073003,1.51553336290412,0,998,99,"interaction","11","Olfactory","stratified_Olfactory"
0,0.909090909090909,0,0.0556173526140156,0.0101010101010101,0.0505050505050505,-1.5036906391226,1.51332912262765,0,998,99,"interaction","11","Striatum","stratified_Striatum"
NA,0.91025641025641,0,0.0788888888888889,0,0.07,-1.49360768672634,1.50322653437877,0,1000,100,"interaction","12","Cerebellum","stratified_Cerebellum"
0.52,0.642335766423358,0.115555555555556,0.195555555555556,0.96,0.98,-0.353459459422101,0.574779495074038,0.52,1000,100,"interaction","12","Cortex","stratified_Cortex"
0.172727272727273,0.54066985645933,0.0211111111111111,0.125555555555556,0.91,0.96,-2.68804356731694,2.73270012600234,0,1000,100,"interaction","12","Hippocampus","stratified_Hippocampus"
0.5,0.879518072289157,0.00111111111111111,0.0811111111111111,0.01,0.1,-1.4949489201606,1.50395499122678,0,1000,100,"interaction","12","Olfactory","stratified_Olfactory"
NA,0.855263157894737,0,0.0722222222222222,0,0.11,-1.50550539703594,1.5149519821734,0,1000,100,"interaction","12","Striatum","stratified_Striatum"
1,0.898305084745763,0.0022271714922049,0.0590200445434298,0,0.06,-1.51645240321367,1.52570993537308,0,998,100,"interaction","13","Cerebellum","stratified_Cerebellum"
0.46448087431694,0.644927536231884,0.0945494994438265,0.197997775305895,0.98,0.98,-0.334685616580949,0.507128228416568,0.5,999,100,"interaction","13","Cortex","stratified_Cortex"
0.191666666666667,0.473684210526316,0.0256124721603563,0.10022271714922,0.97,1,-2.68732713758052,2.72704489159016,0,998,100,"interaction","13","Hippocampus","stratified_Hippocampus"
1,0.864197530864197,0.0066815144766147,0.0779510022271715,0,0.11,-1.51252051796087,1.5231200336686,0,998,100,"interaction","13","Olfactory","stratified_Olfactory"
1,0.901234567901235,0.00556792873051225,0.0812917594654788,0,0.08,-1.50634381144077,1.51653755223259,0,998,100,"interaction","13","Striatum","stratified_Striatum"
1,0.896103896103896,0.00555555555555556,0.0766666666666667,0,0.08,-1.49873645713164,1.50816704963262,0,1000,100,"interaction","14","Cerebellum","stratified_Cerebellum"
0.335570469798658,0.568965517241379,0.0556173526140156,0.146829810901001,0.99,1,-0.247742240205781,0.437736135757276,0.54,999,100,"interaction","14","Cortex","stratified_Cortex"
0.264705882352941,0.537037037037037,0.0400444938820912,0.129032258064516,1,1,-2.70544072376514,2.73977086049042,0,999,100,"interaction","14","Hippocampus","stratified_Hippocampus"
1,0.92,0.00556792873051225,0.076837416481069,0,0.06,-1.49591658139391,1.50430832284952,0,998,100,"interaction","14","Olfactory","stratified_Olfactory"
1,0.920454545454545,0.00556792873051225,0.0902004454342984,0,0.07,-1.50926561781082,1.51692576167493,0,998,100,"interaction","14","Striatum","stratified_Striatum"
NA,0.864864864864865,0,0.0711111111111111,0,0.1,-1.47865870448275,1.48990542303676,0,1000,100,"interaction","15","Cerebellum","stratified_Cerebellum"
0.204918032786885,0.512562814070352,0.0277777777777778,0.113333333333333,0.97,0.97,-0.303946982996109,0.517912383712502,0.5,1000,100,"interaction","15","Cortex","stratified_Cortex"
0.21875,0.489795918367347,0.0311111111111111,0.106666666666667,1,1,-2.61674696962747,2.66033146719631,0,1000,100,"interaction","15","Hippocampus","stratified_Hippocampus"
1,0.848101265822785,0.00222222222222222,0.0744444444444444,0,0.12,-1.49306611036218,1.50384019399733,0,1000,100,"interaction","15","Olfactory","stratified_Olfactory"
1,0.855263157894737,0.00666666666666667,0.0722222222222222,0,0.11,-1.47966309760168,1.49011455300834,0,1000,100,"interaction","15","Striatum","stratified_Striatum"
0.666666666666667,0.873239436619718,0.00222965440356745,0.0691192865105909,0.01,0.09,-1.48886407901761,1.49765557675761,0,997,100,"interaction","16","Cerebellum","stratified_Cerebellum"
0.337837837837838,0.606299212598425,0.0556792873051225,0.171492204899777,0.98,1,-0.283376241080151,0.472908089939964,0.54,998,100,"interaction","16","Cortex","stratified_Cortex"
0.248062015503876,0.50251256281407,0.0356347438752784,0.111358574610245,0.97,0.99,-2.71506677217442,2.74879499426235,0,998,100,"interaction","16","Hippocampus","stratified_Hippocampus"
0.875,0.91358024691358,0.00780379041248606,0.0824972129319955,0.01,0.07,-1.49557853401281,1.5040455529414,0,997,100,"interaction","16","Olfactory","stratified_Olfactory"
NA,0.873417721518987,0,0.076837416481069,0,0.1,-1.50012221488383,1.50880664382881,0,998,100,"interaction","16","Striatum","stratified_Striatum"
0.875,0.945945945945946,0.00777777777777778,0.0777777777777778,0.01,0.04,-1.53089697067947,1.53901229585991,0,1000,100,"interaction","17","Cerebellum","stratified_Cerebellum"
0.437125748502994,0.601659751037344,0.0811111111111111,0.161111111111111,0.94,0.96,-0.368186943572101,0.559448321310393,0.54,1000,100,"interaction","17","Cortex","stratified_Cortex"
0.239669421487603,0.545893719806763,0.0322222222222222,0.125555555555556,0.92,0.94,-2.67193330683337,2.71959058250444,0,1000,100,"interaction","17","Hippocampus","stratified_Hippocampus"
1,0.956521739130435,0.00444444444444444,0.0733333333333333,0,0.03,-1.51174508403532,1.51931393245445,0,1000,100,"interaction","17","Olfactory","stratified_Olfactory"
0.888888888888889,0.902777777777778,0.00888888888888889,0.0722222222222222,0.01,0.07,-1.52510768734026,1.53210199138567,0,1000,100,"interaction","17","Striatum","stratified_Striatum"
0.666666666666667,0.953488372093023,0.00222222222222222,0.0911111111111111,0.0101010101010101,0.0404040404040404,-1.51232418415958,1.52348311896637,0,999,99,"interaction","18","Cerebellum","stratified_Cerebellum"
0.463687150837989,0.625954198473282,0.0923248053392658,0.182424916573971,0.96,0.98,-0.362856770444783,0.560880314778855,0.45,999,100,"interaction","18","Cortex","stratified_Cortex"
0.238095238095238,0.521739130434783,0.0333704115684093,0.120133481646274,0.96,0.99,-2.69412035670514,2.74000804512223,0,999,100,"interaction","18","Hippocampus","stratified_Hippocampus"
1,0.919540229885057,0.00222469410456062,0.0889877641824249,0,0.07,-1.52467506857832,1.53435768593482,0,999,100,"interaction","18","Olfactory","stratified_Olfactory"
1,0.948051948051948,0.00222469410456062,0.0812013348164627,0,0.04,-1.52780935449857,1.53741332667845,0,999,100,"interaction","18","Striatum","stratified_Striatum"
0.8,0.833333333333333,0.0044543429844098,0.0723830734966592,0.01,0.13,-1.49797554757165,1.50765910010451,0,998,100,"interaction","19","Cerebellum","stratified_Cerebellum"
0.217741935483871,0.55045871559633,0.0300668151447661,0.133630289532294,0.97,0.98,-0.30068814432698,0.498518387297659,0.52,998,100,"interaction","19","Cortex","stratified_Cortex"
0.238095238095238,0.484210526315789,0.0333704115684093,0.102335928809789,0.96,0.98,-2.64417849960262,2.6897381358903,0,999,100,"interaction","19","Hippocampus","stratified_Hippocampus"
NA,0.897435897435897,0,0.0778642936596218,0,0.08,-1.4869218365383,1.4970248227049,0,999,100,"interaction","19","Olfactory","stratified_Olfactory"
1,0.857142857142857,0.0022271714922049,0.0734966592427617,0,0.11,-1.49052596649746,1.50036671411728,0,998,100,"interaction","19","Striatum","stratified_Striatum"
1,0.927083333333333,0.00555555555555556,0.0988888888888889,0,0.07,-1.48526312272673,1.49296120447956,0,1000,100,"interaction","2","Cerebellum","stratified_Cerebellum"
0.484210526315789,0.651408450704225,0.102222222222222,0.205555555555556,0.98,0.99,-0.355181560842737,0.57543436066157,0.6,1000,100,"interaction","2","Cortex","stratified_Cortex"
0.3,0.5662100456621,0.0433815350389321,0.137931034482759,0.91,0.95,-2.60937079145622,2.65665364365074,0,999,100,"interaction","2","Hippocampus","stratified_Hippocampus"
1,0.905172413793103,0.00444444444444444,0.116666666666667,0,0.11,-1.49877192985612,1.50604914440419,0,1000,100,"interaction","2","Olfactory","stratified_Olfactory"
0.5,0.897727272727273,0.00111234705228031,0.0878754171301446,0.01,0.09,-1.46924513568908,1.47649360249616,0,999,100,"interaction","2","Striatum","stratified_Striatum"
0,0.840425531914894,0,0.0877777777777778,0.02,0.15,-1.49890299342477,1.51023545656024,0,1000,100,"interaction","20","Cerebellum","stratified_Cerebellum"
0.431952662721893,0.626923076923077,0.0811111111111111,0.181111111111111,0.96,0.97,-0.306613473541006,0.506774267676133,0.59,1000,100,"interaction","20","Cortex","stratified_Cortex"
0.269230769230769,0.543778801843318,0.0388888888888889,0.131111111111111,0.95,0.99,-2.69061675503045,2.72952779561142,0,1000,100,"interaction","20","Hippocampus","stratified_Hippocampus"
0.833333333333333,0.8875,0.00555555555555556,0.0788888888888889,0.01,0.09,-1.49879922744151,1.5097536812619,0,1000,100,"interaction","20","Olfactory","stratified_Olfactory"
0.857142857142857,0.91304347826087,0.00666666666666667,0.0933333333333333,0.01,0.08,-1.49359613249224,1.50541960311155,0,1000,100,"interaction","20","Striatum","stratified_Striatum"
NA,0.886075949367089,0,0.0777777777777778,0,0.09,-1.49451110266896,1.50555982978076,0,1000,100,"interaction","21","Cerebellum","stratified_Cerebellum"
0.367741935483871,0.586497890295359,0.0633333333333333,0.154444444444444,0.98,0.98,-0.283868809987928,0.494321737727498,0.5,1000,100,"interaction","21","Cortex","stratified_Cortex"
0.224806201550388,0.516908212560386,0.0322222222222222,0.118888888888889,1,1,-2.6867125087716,2.72017524224135,0,1000,100,"interaction","21","Hippocampus","stratified_Hippocampus"
1,0.869047619047619,0.00222222222222222,0.0811111111111111,0,0.11,-1.48800482689412,1.49879739399703,0,1000,100,"interaction","21","Olfactory","stratified_Olfactory"
0.5,0.857142857142857,0.00111111111111111,0.0733333333333333,0.01,0.11,-1.48744428512639,1.4981866703779,0,1000,100,"interaction","21","Striatum","stratified_Striatum"
1,0.9125,0.00111111111111111,0.0811111111111111,0,0.07,-1.5129711261999,1.52105119253122,0,1000,100,"interaction","22","Cerebellum","stratified_Cerebellum"
0.383116883116883,0.59504132231405,0.0655555555555556,0.16,0.95,0.98,-0.29550538930371,0.490522161470209,0.59,1000,100,"interaction","22","Cortex","stratified_Cortex"
0.176470588235294,0.49748743718593,0.0233333333333333,0.11,0.98,1,-2.71399345793562,2.75225719643372,0,1000,100,"interaction","22","Hippocampus","stratified_Hippocampus"
1,0.887323943661972,0.00111111111111111,0.07,0,0.08,-1.49848065366167,1.50725391999727,0,1000,100,"interaction","22","Olfactory","stratified_Olfactory"
0,0.904109589041096,0,0.0733333333333333,0.01,0.07,-1.4980614162102,1.50602226888047,0,1000,100,"interaction","22","Striatum","stratified_Striatum"
1,0.919354838709677,0.0100111234705228,0.0634037819799778,0,0.05,-1.48075541413362,1.48893896695654,0,999,100,"interaction","23","Cerebellum","stratified_Cerebellum"
0.220472440944882,0.54337899543379,0.0311457174638487,0.132369299221357,0.99,1,-0.270288535856073,0.45044504418996,0.57,999,100,"interaction","23","Cortex","stratified_Cortex"
0.261538461538462,0.5,0.0378619153674833,0.111358574610245,0.96,1,-2.65697162413063,2.69568344445905,0,998,100,"interaction","23","Hippocampus","stratified_Hippocampus"
1,0.905660377358491,0.0022271714922049,0.0534521158129176,0,0.05,-1.47785511652794,1.48693126133239,0,998,100,"interaction","23","Olfactory","stratified_Olfactory"
1,0.933333333333333,0.00556792873051225,0.0779510022271715,0,0.05,-1.47388408179184,1.48135260150585,0,998,100,"interaction","23","Striatum","stratified_Striatum"
1,0.927536231884058,0.00222222222222222,0.0711111111111111,0,0.05,-1.51316513164972,1.52359154664127,0,1000,100,"interaction","24","Cerebellum","stratified_Cerebellum"
0.316901408450704,0.545871559633027,0.050055617352614,0.132369299221357,0.97,0.99,-0.329240121614066,0.531322727577099,0.48,999,100,"interaction","24","Cortex","stratified_Cortex"
0.205128205128205,0.528571428571429,0.0267260579064588,0.123608017817372,0.93,0.99,-2.65542888484781,2.70333536410609,0,998,100,"interaction","24","Hippocampus","stratified_Hippocampus"
1,0.939393939393939,0.00222222222222222,0.0688888888888889,0,0.04,-1.50507339773269,1.51488109973437,0,1000,100,"interaction","24","Olfactory","stratified_Olfactory"
1,0.923076923076923,0.00333704115684093,0.0800889877641824,0,0.06,-1.50455589939878,1.51444564510683,0,999,100,"interaction","24","Striatum","stratified_Striatum"
0.8,0.886075949367089,0.00444444444444444,0.0777777777777778,0.01,0.09,-1.50311705845654,1.51267588277863,0,1000,100,"interaction","25","Cerebellum","stratified_Cerebellum"
0.370860927152318,0.583690987124464,0.0622222222222222,0.151111111111111,0.95,0.97,-0.30625440426752,0.500493003212566,0.55,1000,100,"interaction","25","Cortex","stratified_Cortex"
0.204918032786885,0.481865284974093,0.0278086763070078,0.103448275862069,0.97,1,-2.72724041653439,2.76124006111791,0,999,100,"interaction","25","Hippocampus","stratified_Hippocampus"
1,0.923076923076923,0.00666666666666667,0.0666666666666667,0,0.05,-1.50887243696929,1.51835144569179,0,1000,100,"interaction","25","Olfactory","stratified_Olfactory"
1,0.904761904761905,0.00111111111111111,0.0844444444444444,0,0.08,-1.50690795669241,1.5168271802296,0,1000,100,"interaction","25","Striatum","stratified_Striatum"
1,0.901408450704225,0.00333333333333333,0.0711111111111111,0,0.07,-1.51844474958351,1.52755027646901,0,1000,100,"interaction","26","Cerebellum","stratified_Cerebellum"
0.484375,0.612403100775194,0.103333333333333,0.175555555555556,0.99,1,-0.279568653322233,0.414406242393721,0.53,1000,100,"interaction","26","Cortex","stratified_Cortex"
0.163793103448276,0.51219512195122,0.0211111111111111,0.116666666666667,0.97,1,-2.78164255911349,2.80557120812304,0,1000,100,"interaction","26","Hippocampus","stratified_Hippocampus"
1,0.927536231884058,0.00555555555555556,0.0711111111111111,0,0.05,-1.52996543559747,1.53945839633536,0,1000,100,"interaction","26","Olfactory","stratified_Olfactory"
1,0.918918918918919,0.00222222222222222,0.0755555555555556,0,0.06,-1.53308366382065,1.54278770455834,0,1000,100,"interaction","26","Striatum","stratified_Striatum"
1,0.901408450704225,0.00333704115684093,0.0711902113459399,0,0.07,-1.48962429436368,1.4993552536587,0,999,100,"interaction","27","Cerebellum","stratified_Cerebellum"
0.391304347826087,0.615686274509804,0.07,0.174444444444444,0.98,0.98,-0.309035931288302,0.5173598750404,0.51,1000,100,"interaction","27","Cortex","stratified_Cortex"
0.19327731092437,0.486910994764398,0.0255555555555556,0.103333333333333,0.96,0.98,-2.66945778242988,2.70951456148817,0,1000,100,"interaction","27","Hippocampus","stratified_Hippocampus"
1,0.871794871794872,0.00333333333333333,0.0755555555555556,0,0.1,-1.48488421182175,1.49478908084312,0,1000,100,"interaction","27","Olfactory","stratified_Olfactory"
NA,0.873239436619718,0,0.0689655172413793,0,0.09,-1.48491154989881,1.49589988900641,0,999,100,"interaction","27","Striatum","stratified_Striatum"
0.636363636363636,0.858974358974359,0.00778642936596218,0.0745272525027809,0.04,0.11,-1.49585601895824,1.50410275824044,0,999,100,"interaction","28","Cerebellum","stratified_Cerebellum"
0.344827586206897,0.577777777777778,0.0555555555555556,0.144444444444444,0.95,0.95,-0.321529955350048,0.529571449342893,0.46,1000,100,"interaction","28","Cortex","stratified_Cortex"
0.272727272727273,0.559633027522936,0.04,0.135555555555556,0.96,0.96,-2.62644953424354,2.66777740554424,0,1000,100,"interaction","28","Hippocampus","stratified_Hippocampus"
1,0.848101265822785,0.00777777777777778,0.0744444444444444,0,0.12,-1.4904250476396,1.49882713463068,0,1000,100,"interaction","28","Olfactory","stratified_Olfactory"
1,0.89041095890411,0.00666666666666667,0.0722222222222222,0,0.08,-1.50041159173113,1.50897386395981,0,1000,100,"interaction","28","Striatum","stratified_Striatum"
0.833333333333333,0.882882882882883,0.00556792873051225,0.10913140311804,0.0101010101010101,0.131313131313131,-1.49334092707057,1.50479218026541,0,997,99,"interaction","29","Cerebellum","stratified_Cerebellum"
0.403614457831325,0.601593625498008,0.0745272525027809,0.167964404894327,0.99,1,-0.273587341481116,0.484919892428156,0.59,999,100,"interaction","29","Cortex","stratified_Cortex"
0.274074074074074,0.53953488372093,0.0411568409343715,0.129032258064516,0.98,0.99,-2.71172557895092,2.75096211327181,0,999,100,"interaction","29","Hippocampus","stratified_Hippocampus"
1,0.881720430107527,0.0022271714922049,0.0913140311804009,0,0.111111111111111,-1.47561704473053,1.48756733357192,0,997,99,"interaction","29","Olfactory","stratified_Olfactory"
0.666666666666667,0.839506172839506,0.00222469410456062,0.0756395995550612,0.0101010101010101,0.131313131313131,-1.48446545287226,1.49628580757985,0,998,99,"interaction","29","Striatum","stratified_Striatum"
1,0.866666666666667,0.00556173526140156,0.0723025583982203,0,0.1,-1.51011381225999,1.51905927019034,0,999,100,"interaction","3","Cerebellum","stratified_Cerebellum"
0.443820224719101,0.637362637362637,0.0877777777777778,0.193333333333333,0.99,0.99,-0.312514221048716,0.477575942041258,0.52,1000,100,"interaction","3","Cortex","stratified_Cortex"
0.292857142857143,0.516908212560386,0.0456062291434928,0.119021134593993,0.99,1,-2.75417020944929,2.79015266656517,0,999,100,"interaction","3","Hippocampus","stratified_Hippocampus"
0.888888888888889,0.902777777777778,0.00888888888888889,0.0722222222222222,0.01,0.07,-1.51863327898273,1.52752050738425,0,1000,100,"interaction","3","Olfactory","stratified_Olfactory"
0.666666666666667,0.873417721518987,0.00444444444444444,0.0766666666666667,0.02,0.1,-1.51367327867894,1.52261356582227,0,1000,100,"interaction","3","Striatum","stratified_Striatum"
1,0.878787878787879,0.0044543429844098,0.0645879732739421,0,0.08,-1.50702623879747,1.51507658412834,0,998,100,"interaction","30","Cerebellum","stratified_Cerebellum"
0.397515527950311,0.582978723404255,0.0711111111111111,0.152222222222222,0.97,0.98,-0.349782991355152,0.53664569990149,0.53,1000,100,"interaction","30","Cortex","stratified_Cortex"
0.305555555555556,0.530516431924883,0.0489977728285078,0.125835189309577,1,1,-2.66159831081333,2.70758760733857,0,998,100,"interaction","30","Hippocampus","stratified_Hippocampus"
1,0.91044776119403,0.00111358574610245,0.0679287305122494,0,0.06,-1.50224515073469,1.5101606572482,0,998,100,"interaction","30","Olfactory","stratified_Olfactory"
0.5,0.918918918918919,0.0022271714922049,0.0757238307349666,0.02,0.06,-1.50801950771024,1.51611226506975,0,998,100,"interaction","30","Striatum","stratified_Striatum"
0.666666666666667,0.838235294117647,0.00222222222222222,0.0633333333333333,0.01,0.11,-1.50052185081412,1.51102514408209,0,1000,100,"interaction","31","Cerebellum","stratified_Cerebellum"
0.19672131147541,0.481675392670157,0.0266666666666667,0.102222222222222,0.98,0.99,-0.28512134899488,0.485965234045844,0.51,1000,100,"interaction","31","Cortex","stratified_Cortex"
0.25,0.481865284974093,0.0344444444444444,0.103333333333333,0.93,1,-2.68698573975702,2.72676853498725,0,1000,100,"interaction","31","Hippocampus","stratified_Hippocampus"
1,0.822784810126582,0.00333333333333333,0.0722222222222222,0,0.14,-1.49782981709029,1.50812167111217,0,1000,100,"interaction","31","Olfactory","stratified_Olfactory"
0.5,0.808823529411765,0.00222222222222222,0.0611111111111111,0.02,0.13,-1.50436991468507,1.51515081767927,0,1000,100,"interaction","31","Striatum","stratified_Striatum"
NA,0.922077922077922,0,0.0788888888888889,0,0.06,-1.48510655172222,1.4930231166618,0,1000,100,"interaction","32","Cerebellum","stratified_Cerebellum"
0.39622641509434,0.6,0.07,0.163333333333333,0.96,0.98,-0.295169770797409,0.476607075681747,0.6,1000,100,"interaction","32","Cortex","stratified_Cortex"
0.25,0.58008658008658,0.0355555555555556,0.148888888888889,0.96,0.97,-2.69952596889017,2.73686479020098,0,1000,100,"interaction","32","Hippocampus","stratified_Hippocampus"
NA,0.934210526315789,0,0.0788888888888889,0,0.05,-1.48092442241364,1.48862364319557,0,1000,100,"interaction","32","Olfactory","stratified_Olfactory"
1,0.924050632911392,0.00333333333333333,0.0811111111111111,0,0.06,-1.48044100588798,1.48872833606971,0,1000,100,"interaction","32","Striatum","stratified_Striatum"
1,0.914634146341463,0.00222469410456062,0.0834260289210234,0,0.07,-1.47079662415178,1.47855880017536,0,999,100,"interaction","33","Cerebellum","stratified_Cerebellum"
0.25,0.524038461538462,0.0355555555555556,0.121111111111111,0.96,0.99,-0.301296389570666,0.512018523519068,0.54,1000,100,"interaction","33","Cortex","stratified_Cortex"
0.248062015503876,0.494897959183673,0.0355555555555556,0.107777777777778,0.97,0.99,-2.66543414148568,2.7054427617919,0,1000,100,"interaction","33","Hippocampus","stratified_Hippocampus"
1,0.91025641025641,0.00111111111111111,0.0788888888888889,0,0.07,-1.47498169506993,1.48287443379384,0,1000,100,"interaction","33","Olfactory","stratified_Olfactory"
NA,0.911111111111111,0,0.0911111111111111,0,0.08,-1.48688670151773,1.49457390892168,0,1000,100,"interaction","33","Striatum","stratified_Striatum"
0.875,0.91358024691358,0.00778642936596218,0.082313681868743,0.01,0.07,-1.47152850529802,1.48188830483678,0,999,100,"interaction","34","Cerebellum","stratified_Cerebellum"
0.386075949367089,0.608695652173913,0.067853170189099,0.171301446051168,0.97,0.99,-0.293148879802888,0.480569365529041,0.54,999,100,"interaction","34","Cortex","stratified_Cortex"
0.221311475409836,0.519230769230769,0.0300333704115684,0.120133481646274,0.95,1,-2.70093370258263,2.73620211849376,0,999,100,"interaction","34","Hippocampus","stratified_Hippocampus"
0.8,0.880597014925373,0.00444938820912125,0.0656284760845384,0.01,0.08,-1.48590071826674,1.49642166931459,0,999,100,"interaction","34","Olfactory","stratified_Olfactory"
0.833333333333333,0.896103896103896,0.00556173526140156,0.0767519466073415,0.01,0.08,-1.47939191183323,1.48952041394471,0,999,100,"interaction","34","Striatum","stratified_Striatum"
1,0.901098901098901,0.00555555555555556,0.0911111111111111,0,0.09,-1.51317298408187,1.52274984894571,0,1000,100,"interaction","35","Cerebellum","stratified_Cerebellum"
0.440677966101695,0.613899613899614,0.0866666666666667,0.176666666666667,0.99,1,-0.281779597473718,0.457435418061738,0.52,1000,100,"interaction","35","Cortex","stratified_Cortex"
0.244094488188976,0.595833333333333,0.0344827586206897,0.159065628476085,0.96,0.97,-2.74919198372385,2.78002599060663,0,999,100,"interaction","35","Hippocampus","stratified_Hippocampus"
1,0.868421052631579,0.00111111111111111,0.0733333333333333,0,0.1,-1.51079604887069,1.52100588584089,0,1000,100,"interaction","35","Olfactory","stratified_Olfactory"
1,0.858974358974359,0.00444938820912125,0.0745272525027809,0,0.11,-1.50679572535526,1.51601567357763,0,999,100,"interaction","35","Striatum","stratified_Striatum"
1,0.970588235294118,0.00333704115684093,0.0734149054505006,0,0.02,-1.49979817240547,1.50836507994722,0,999,100,"interaction","36","Cerebellum","stratified_Cerebellum"
0.461538461538462,0.637362637362637,0.0934371523915462,0.193548387096774,0.98,0.99,-0.320890412168849,0.504916684773209,0.52,999,100,"interaction","36","Cortex","stratified_Cortex"
0.203252032520325,0.5,0.0278086763070078,0.109010011123471,0.98,0.98,-2.69971186648397,2.74125274947702,0,999,100,"interaction","36","Hippocampus","stratified_Hippocampus"
0.5,0.901639344262295,0.00222469410456062,0.0611790878754171,0.02,0.06,-1.50367264188565,1.5126528144371,0,999,100,"interaction","36","Olfactory","stratified_Olfactory"
1,0.91304347826087,0.0044543429844098,0.0701559020044543,0,0.06,-1.50585053604169,1.51516964059164,0,998,100,"interaction","36","Striatum","stratified_Striatum"
NA,0.857142857142857,0,0.0666666666666667,0,0.1,-1.51444435517616,1.52397428872847,0,1000,100,"interaction","37","Cerebellum","stratified_Cerebellum"
0.300699300699301,0.559471365638767,0.0477777777777778,0.141111111111111,1,1,-0.316253993049695,0.506372185991321,0.53,1000,100,"interaction","37","Cortex","stratified_Cortex"
0.211864406779661,0.505102040816326,0.0277777777777778,0.11,0.93,0.97,-2.71971183693842,2.75899632279201,0,1000,100,"interaction","37","Hippocampus","stratified_Hippocampus"
1,0.855072463768116,0.00333333333333333,0.0655555555555556,0,0.1,-1.51431777937115,1.52392618010798,0,1000,100,"interaction","37","Olfactory","stratified_Olfactory"
1,0.873015873015873,0.00666666666666667,0.0611111111111111,0,0.08,-1.5230549306599,1.53306850169679,0,1000,100,"interaction","37","Striatum","stratified_Striatum"
1,0.931818181818182,0.00556792873051225,0.0913140311804009,0,0.0606060606060606,-1.50082198530902,1.51029328848862,0,997,99,"interaction","38","Cerebellum","stratified_Cerebellum"
0.478260869565217,0.65017667844523,0.0978865406006674,0.204671857619577,0.96,0.99,-0.367978686469583,0.590617081263954,0.5,999,100,"interaction","38","Cortex","stratified_Cortex"
0.264705882352941,0.502487562189055,0.0400890868596882,0.112472160356347,1,1,-2.63483576331203,2.68525722303479,0,998,100,"interaction","38","Hippocampus","stratified_Hippocampus"
1,0.92,0.00779510022271715,0.076837416481069,0,0.0606060606060606,-1.49052983599712,1.50051787563967,0,997,99,"interaction","38","Olfactory","stratified_Olfactory"
1,0.911392405063291,0.00556173526140156,0.0800889877641824,0,0.07,-1.47141862488271,1.4810233254263,0,999,100,"interaction","38","Striatum","stratified_Striatum"
1,0.963636363636364,0.00111358574610245,0.0590200445434298,0,0.02,-1.50417868183832,1.50975450723002,0,998,100,"interaction","39","Cerebellum","stratified_Cerebellum"
0.333333333333333,0.584033613445378,0.0544444444444444,0.154444444444444,0.98,0.99,-0.334081717936661,0.502769675777506,0.49,1000,100,"interaction","39","Cortex","stratified_Cortex"
0.149122807017544,0.418604651162791,0.0189309576837416,0.0801781737193764,0.97,1,-2.6581791929958,2.69733891237443,0,998,100,"interaction","39","Hippocampus","stratified_Hippocampus"
NA,0.96,0,0.053392658509455,0,0.02,-1.49842221178223,1.50349489403857,0,999,100,"interaction","39","Olfactory","stratified_Olfactory"
1,0.964285714285714,0.00111234705228031,0.0600667408231368,0,0.02,-1.49004217754094,1.49555476905337,0,999,100,"interaction","39","Striatum","stratified_Striatum"
1,0.865384615384615,0.00111234705228031,0.050055617352614,0,0.07,-1.48141913034973,1.490206381026,0,999,100,"interaction","4","Cerebellum","stratified_Cerebellum"
0.34,0.572649572649573,0.0567296996662959,0.149054505005562,0.99,1,-0.259092990158967,0.426595303923225,0.59,999,100,"interaction","4","Cortex","stratified_Cortex"
0.21259842519685,0.494949494949495,0.03,0.108888888888889,1,1,-2.70122440868691,2.73334961868244,0,1000,100,"interaction","4","Hippocampus","stratified_Hippocampus"
1,0.865384615384615,0.00222222222222222,0.05,0,0.07,-1.4851325608102,1.49358956489995,0,1000,100,"interaction","4","Olfactory","stratified_Olfactory"
1,0.824561403508772,0.00111111111111111,0.0522222222222222,0,0.1,-1.47726128908122,1.48662964729936,0,1000,100,"interaction","4","Striatum","stratified_Striatum"
0.8,0.881578947368421,0.0044543429844098,0.0746102449888641,0.01,0.09,-1.47973185260367,1.48889903661603,0,998,100,"interaction","40","Cerebellum","stratified_Cerebellum"
0.359477124183007,0.604838709677419,0.0611111111111111,0.166666666666667,0.98,0.98,-0.22359507461334,0.412726148009466,0.58,1000,100,"interaction","40","Cortex","stratified_Cortex"
0.232558139534884,0.479166666666667,0.0333704115684093,0.102335928809789,0.99,1,-2.71380193233046,2.74438791266412,0,999,100,"interaction","40","Hippocampus","stratified_Hippocampus"
NA,0.875,0,0.0701559020044543,0,0.09,-1.4902329713046,1.50046193211492,0,998,100,"interaction","40","Olfactory","stratified_Olfactory"
0.833333333333333,0.873239436619718,0.00556173526140156,0.0689655172413793,0.01,0.09,-1.4770805404775,1.48761144526952,0,999,100,"interaction","40","Striatum","stratified_Striatum"
1,0.865853658536585,0.0022271714922049,0.0790645879732739,0,0.11,-1.51550650313172,1.52423256250818,0,998,100,"interaction","41","Cerebellum","stratified_Cerebellum"
0.351724137931034,0.595744680851064,0.0567296996662959,0.155728587319244,0.94,0.95,-0.348567611620611,0.571615380070323,0.5,999,100,"interaction","41","Cortex","stratified_Cortex"
0.176991150442478,0.489690721649485,0.0222222222222222,0.105555555555556,0.93,0.99,-2.63301210693124,2.67987608610654,0,1000,100,"interaction","41","Hippocampus","stratified_Hippocampus"
1,0.846153846153846,0.00444444444444444,0.0733333333333333,0,0.12,-1.51287222572519,1.52239917527598,0,1000,100,"interaction","41","Olfactory","stratified_Olfactory"
0.666666666666667,0.876712328767123,0.00222469410456062,0.0711902113459399,0.01,0.09,-1.51914747580558,1.5290486740777,0,999,100,"interaction","41","Striatum","stratified_Striatum"
1,0.845070422535211,0.00222222222222222,0.0666666666666667,0,0.11,-1.49849998684671,1.50735569131541,0,1000,100,"interaction","42","Cerebellum","stratified_Cerebellum"
0.288888888888889,0.599173553719008,0.0433333333333333,0.161111111111111,0.96,0.97,-0.381039498513789,0.591089941025908,0.44,1000,100,"interaction","42","Cortex","stratified_Cortex"
0.234782608695652,0.526570048309179,0.03,0.121111111111111,0.88,0.98,-2.56565353091231,2.62211915597096,0,1000,100,"interaction","42","Hippocampus","stratified_Hippocampus"
0.9,0.8375,0.01,0.0744444444444444,0.01,0.13,-1.47750584361053,1.4865241115019,0,1000,100,"interaction","42","Olfactory","stratified_Olfactory"
0.8,0.840579710144927,0.00444938820912125,0.0645161290322581,0.01,0.11,-1.4922768211886,1.50070403153642,0,999,100,"interaction","42","Striatum","stratified_Striatum"
1,0.824561403508772,0.00222222222222222,0.0522222222222222,0,0.1,-1.48983623810238,1.49928431028573,0,1000,100,"interaction","43","Cerebellum","stratified_Cerebellum"
0.222222222222222,0.552036199095023,0.0311111111111111,0.135555555555556,0.98,0.99,-0.294864597934756,0.487463282690444,0.49,1000,100,"interaction","43","Cortex","stratified_Cortex"
0.176470588235294,0.473684210526316,0.0233592880978865,0.100111234705228,0.98,1,-2.68968407255717,2.72827522902139,0,999,100,"interaction","43","Hippocampus","stratified_Hippocampus"
0.5,0.879310344827586,0.00111111111111111,0.0566666666666667,0.01,0.07,-1.49670251912177,1.50657765826087,0,1000,100,"interaction","43","Olfactory","stratified_Olfactory"
1,0.866666666666667,0.00222222222222222,0.0577777777777778,0,0.08,-1.49321300094569,1.50299075456414,0,1000,100,"interaction","43","Striatum","stratified_Striatum"
1,0.934782608695652,0.0022271714922049,0.0957683741648107,0,0.0606060606060606,-1.53394657448218,1.54207526617219,0,997,99,"interaction","44","Cerebellum","stratified_Cerebellum"
0.4,0.627376425855513,0.0689655172413793,0.183537263626251,0.93,0.98,-0.353474423356909,0.511047603422067,0.52,999,100,"interaction","44","Cortex","stratified_Cortex"
0.270676691729323,0.54337899543379,0.0400890868596882,0.132516703786192,0.97,1,-2.70559522358497,2.74786713913295,0,998,100,"interaction","44","Hippocampus","stratified_Hippocampus"
1,0.91358024691358,0.00334448160535117,0.0824972129319955,0,0.0707070707070707,-1.53343157305263,1.54087980869675,0,996,99,"interaction","44","Olfactory","stratified_Olfactory"
1,0.950617283950617,0.00111358574610245,0.0857461024498886,0,0.0404040404040404,-1.53311988398801,1.54124065446931,0,997,99,"interaction","44","Striatum","stratified_Striatum"
1,0.871794871794872,0.00777777777777778,0.0755555555555556,0,0.1,-1.48773471212206,1.4976974274299,0,1000,100,"interaction","45","Cerebellum","stratified_Cerebellum"
0.366013071895425,0.630188679245283,0.0622914349276974,0.185761957730812,0.97,0.98,-0.250407249190495,0.465108421421299,0.57,999,100,"interaction","45","Cortex","stratified_Cortex"
0.265625,0.58008658008658,0.0378197997775306,0.149054505005562,0.94,0.97,-2.70905545415556,2.74365600455366,0,999,100,"interaction","45","Hippocampus","stratified_Hippocampus"
1,0.91566265060241,0.00111234705228031,0.0845383759733037,0,0.07,-1.51004412941706,1.51941809614487,0,999,100,"interaction","45","Olfactory","stratified_Olfactory"
0.666666666666667,0.89041095890411,0.00222222222222222,0.0722222222222222,0.01,0.08,-1.49765039706597,1.50649993977632,0,1000,100,"interaction","45","Striatum","stratified_Striatum"
1,0.927083333333333,0.00666666666666667,0.0988888888888889,0,0.07,-1.48309091965958,1.48953121496448,0,1000,100,"interaction","46","Cerebellum","stratified_Cerebellum"
0.458563535911602,0.630597014925373,0.0922222222222222,0.187777777777778,0.98,0.99,-0.30747728265797,0.524615582178362,0.54,1000,100,"interaction","46","Cortex","stratified_Cortex"
0.213114754098361,0.479166666666667,0.0288888888888889,0.102222222222222,0.96,1,-2.67759528351145,2.71673354781442,0,1000,100,"interaction","46","Hippocampus","stratified_Hippocampus"
1,0.945945945945946,0.00111111111111111,0.0777777777777778,0,0.04,-1.48921341408195,1.4956151135184,0,1000,100,"interaction","46","Olfactory","stratified_Olfactory"
1,0.927710843373494,0.00222222222222222,0.0855555555555556,0,0.06,-1.49561159381628,1.50224695876398,0,1000,100,"interaction","46","Striatum","stratified_Striatum"
0.5,0.842857142857143,0.00111234705228031,0.0656284760845384,0.01,0.11,-1.52153193861638,1.52924455693601,0,999,100,"interaction","47","Cerebellum","stratified_Cerebellum"
0.232558139534884,0.563876651982379,0.0334075723830735,0.142538975501114,0.99,0.99,-0.310805103945945,0.489908532075612,0.47,998,100,"interaction","47","Cortex","stratified_Cortex"
0.259541984732824,0.494949494949495,0.0378619153674833,0.10913140311804,0.97,1,-2.67145300488584,2.712975972007,0,998,100,"interaction","47","Hippocampus","stratified_Hippocampus"
0.5,0.878787878787879,0.0022271714922049,0.0645879732739421,0.02,0.08,-1.51590155953763,1.52460843630758,0,998,100,"interaction","47","Olfactory","stratified_Olfactory"
1,0.893333333333333,0.00111358574610245,0.0746102449888641,0,0.08,-1.51763914027927,1.52513308420825,0,998,100,"interaction","47","Striatum","stratified_Striatum"
1,0.904109589041096,0.00444444444444444,0.0733333333333333,0,0.07,-1.50162700752135,1.51186312644666,0,1000,100,"interaction","48","Cerebellum","stratified_Cerebellum"
0.473684210526316,0.645390070921986,0.1,0.202222222222222,1,1,-0.254679794019311,0.409562710042593,0.52,1000,100,"interaction","48","Cortex","stratified_Cortex"
0.259541984732824,0.533018867924528,0.0377777777777778,0.125555555555556,0.97,0.99,-2.80017982307321,2.82343306798651,0,1000,100,"interaction","48","Hippocampus","stratified_Hippocampus"
1,0.893333333333333,0.00555555555555556,0.0744444444444444,0,0.08,-1.50221120069881,1.51250936414493,0,1000,100,"interaction","48","Olfactory","stratified_Olfactory"
0.5,0.918918918918919,0.00111111111111111,0.0755555555555556,0.01,0.06,-1.50202246599842,1.51269236908942,0,1000,100,"interaction","48","Striatum","stratified_Striatum"
0.9,0.8875,0.01,0.0788888888888889,0.01,0.09,-1.4898879662949,1.50089834662708,0,1000,100,"interaction","49","Cerebellum","stratified_Cerebellum"
0.412121212121212,0.585774058577406,0.0755555555555556,0.155555555555556,0.97,0.99,-0.320883011317067,0.547978224381704,0.51,1000,100,"interaction","49","Cortex","stratified_Cortex"
0.216666666666667,0.502564102564103,0.0289210233592881,0.109010011123471,0.94949494949495,0.97979797979798,-2.64441136710498,2.68602602482106,0,998,99,"interaction","49","Hippocampus","stratified_Hippocampus"
0.8,0.855421686746988,0.00444938820912125,0.0789766407119021,0.01,0.12,-1.48830773633476,1.49916595147758,0,999,100,"interaction","49","Olfactory","stratified_Olfactory"
0.75,0.867469879518072,0.00333704115684093,0.0800889877641824,0.01,0.11,-1.49259763338266,1.50288436875448,0,999,100,"interaction","49","Striatum","stratified_Striatum"
1,0.871428571428571,0.00222469410456062,0.067853170189099,0,0.09,-1.50758956122412,1.5152414577521,0,999,100,"interaction","5","Cerebellum","stratified_Cerebellum"
0.428571428571429,0.624521072796935,0.08,0.181111111111111,0.96,0.98,-0.300086000152429,0.472158618131226,0.5,1000,100,"interaction","5","Cortex","stratified_Cortex"
0.177966101694915,0.489795918367347,0.0233333333333333,0.106666666666667,0.97,1,-2.68846086542377,2.72670542380467,0,1000,100,"interaction","5","Hippocampus","stratified_Hippocampus"
0.916666666666667,0.852941176470588,0.0122222222222222,0.0644444444444444,0.01,0.1,-1.50345007711071,1.51161099793934,0,1000,100,"interaction","5","Olfactory","stratified_Olfactory"
NA,0.875,0,0.0622222222222222,0,0.08,-1.5035874881475,1.51184808128675,0,1000,100,"interaction","5","Striatum","stratified_Striatum"
1,0.85,0.00556173526140156,0.0756395995550612,0,0.121212121212121,-1.48498618557738,1.49567079458146,0,998,99,"interaction","50","Cerebellum","stratified_Cerebellum"
0.382165605095541,0.584033613445378,0.0667408231368187,0.154616240266963,0.97,0.99,-0.274906547505923,0.491300161904007,0.54,999,100,"interaction","50","Cortex","stratified_Cortex"
0.225806451612903,0.512315270935961,0.0311804008908686,0.115812917594655,0.96,0.99,-2.67362246285144,2.71056689547879,0,998,100,"interaction","50","Hippocampus","stratified_Hippocampus"
1,0.863636363636364,0.0044543429844098,0.0846325167037862,0,0.121212121212121,-1.4854610244628,1.49727638824897,0,997,99,"interaction","50","Olfactory","stratified_Olfactory"
0.6,0.870588235294118,0.00334075723830735,0.0824053452115813,0.0202020202020202,0.111111111111111,-1.48928701531817,1.500565523037,0,997,99,"interaction","50","Striatum","stratified_Striatum"
1,0.933333333333333,0.0044543429844098,0.0779510022271715,0,0.0505050505050505,-1.49637562102649,1.5065678422738,0,997,99,"interaction","6","Cerebellum","stratified_Cerebellum"
0.478723404255319,0.657439446366782,0.1,0.211111111111111,0.98,0.99,-0.258592949437748,0.452780775835334,0.61,1000,100,"interaction","6","Cortex","stratified_Cortex"
0.309352517985612,0.576419213973799,0.0478841870824053,0.146993318485523,0.96,0.97,-2.70396022431031,2.73685196790373,0,998,100,"interaction","6","Hippocampus","stratified_Hippocampus"
1,0.924050632911392,0.00111358574610245,0.0812917594654788,0,0.0606060606060606,-1.49021360203088,1.50046019124865,0,997,99,"interaction","6","Olfactory","stratified_Olfactory"
1,0.948051948051948,0.00334075723830735,0.0812917594654788,0,0.0404040404040404,-1.49282433612568,1.50319436701098,0,997,99,"interaction","6","Striatum","stratified_Striatum"
1,0.957746478873239,0.00333704115684093,0.0756395995550612,0,0.03,-1.50175974080972,1.50824302345158,0,999,100,"interaction","7","Cerebellum","stratified_Cerebellum"
0.25,0.572052401746725,0.03559510567297,0.145717463848721,0.96,0.98,-0.319152466203027,0.505425488386209,0.49,999,100,"interaction","7","Cortex","stratified_Cortex"
0.176470588235294,0.462365591397849,0.0233853006681514,0.0957683741648107,0.98,1,-2.69346148655762,2.73383693502751,0,998,100,"interaction","7","Hippocampus","stratified_Hippocampus"
1,0.972222222222222,0.00111234705228031,0.0778642936596218,0,0.02,-1.49703128631826,1.50509272524453,0,999,100,"interaction","7","Olfactory","stratified_Olfactory"
NA,0.91044776119403,0,0.0679287305122494,0,0.06,-1.50556822963597,1.5127441503213,0,998,100,"interaction","7","Striatum","stratified_Striatum"
NA,0.942028985507246,0,0.0723025583982203,0,0.04,-1.51357152227245,1.52081268925859,0,999,100,"interaction","8","Cerebellum","stratified_Cerebellum"
0.353333333333333,0.6171875,0.0590200445434298,0.175946547884187,0.97,0.98,-0.333728549660975,0.527751640605362,0.54,998,100,"interaction","8","Cortex","stratified_Cortex"
0.248,0.5,0.0345211581291759,0.110244988864143,0.94,0.99,-2.70642052828727,2.74816296645188,0,998,100,"interaction","8","Hippocampus","stratified_Hippocampus"
NA,0.945454545454545,0,0.0579064587973274,0,0.03,-1.51443692450616,1.52122755973878,0,998,100,"interaction","8","Olfactory","stratified_Olfactory"
NA,0.942857142857143,0,0.0734966592427617,0,0.04,-1.51505141876482,1.52252044125294,0,998,100,"interaction","8","Striatum","stratified_Striatum"
1,0.833333333333333,0.00333333333333333,0.0722222222222222,0,0.13,-1.51525571882222,1.52626763533055,0,1000,100,"interaction","9","Cerebellum","stratified_Cerebellum"
0.198347107438017,0.521739130434783,0.0266666666666667,0.12,0.97,0.99,-0.29365950780684,0.505669824367162,0.52,1000,100,"interaction","9","Cortex","stratified_Cortex"
0.229508196721311,0.502564102564103,0.0311111111111111,0.108888888888889,0.94,0.97,-2.67568978096908,2.71677220649928,0,1000,100,"interaction","9","Hippocampus","stratified_Hippocampus"
1,0.846153846153846,0.00444444444444444,0.0611111111111111,0,0.1,-1.50362116980832,1.51402707530912,0,1000,100,"interaction","9","Olfactory","stratified_Olfactory"
0,0.824324324324324,0,0.0677777777777778,0.01,0.13,-1.49759390205538,1.50869429031495,0,1000,100,"interaction","9","Striatum","stratified_Striatum"
