"fdr_adj","fdr_raw","fpr_adj","fpr_raw","power_adj","power_raw","bias","rmse","ci_coverage","n_genes_scored","n_true_de","scenario","seed","region","model"
1,1,0.001,0.066,NA,NA,NA,NA,NA,1000,0,"null","1","Cortex","stratified_Cortex"
1,1,0.007,0.061,NA,NA,NA,NA,NA,1000,0,"null","1","Olfactory","stratified_Olfactory"
1,1,0.003,0.063,NA,NA,NA,NA,NA,1000,0,"null","1","Striatum","stratified_Striatum"
1,1,0.004,0.072,NA,NA,NA,NA,NA,1000,0,"null","10","Cerebellum","stratified_Cerebellum"
1,1,0.002,0.085,NA,NA,NA,NA,NA,1000,0,"null","10","Cortex","stratified_Cortex"
1,1,0.004,0.075,NA,NA,NA,NA,NA,1000,0,"null","10","Hippocampus","stratified_Hippocampus"
1,1,0.006,0.075,NA,NA,NA,NA,NA,1000,0,"null","10","Olfactory","stratified_Olfactory"
1,1,0.007,0.084,NA,NA,NA,NA,NA,1000,0,"null","10","Striatum","stratified_Striatum"
1,1,0.00801603206412826,0.0601202404809619,NA,NA,NA,NA,NA,998,0,"null","11","Cerebellum","stratified_Cerebellum"
NA,1,0,0.058,NA,NA,NA,NA,NA,1000,0,"null","11","Cortex","stratified_Cortex"
1,1,0.00200601805416249,0.0682046138415246,NA,NA,NA,NA,NA,997,0,"null","11","Hippocampus","stratified_Hippocampus"
NA,1,0,0.064128256513026,NA,NA,NA,NA,NA,998,0,"null","11","Olfactory","stratified_Olfactory"
1,1,0.00200400801603206,0.0581162324649299,NA,NA,NA,NA,NA,998,0,"null","11","Striatum","stratified_Striatum"
1,1,0.003,0.08,NA,NA,NA,NA,NA,1000,0,"null","12","Cortex","stratified_Cortex"
1,1,0.005,0.081,NA,NA,NA,NA,NA,1000,0,"null","12","Hippocampus","stratified_Hippocampus"
1,1,0.003,0.079,NA,NA,NA,NA,NA,1000,0,"null","12","Olfactory","stratified_Olfactory"
NA,1,0,0.074,NA,NA,NA,NA,NA,1000,0,"null","12","Striatum","stratified_Striatum"
1,1,0.00200601805416249,0.0581745235707121,NA,NA,NA,NA,NA,997,0,"null","13","Cerebellum","stratified_Cerebellum"
1,1,0.002002002002002,0.0720720720720721,NA,NA,NA,NA,NA,999,0,"null","13","Cortex","stratified_Cortex"
1,1,0.00501504513540622,0.0641925777331996,NA,NA,NA,NA,NA,997,0,"null","13","Hippocampus","stratified_Hippocampus"
1,1,0.00501504513540622,0.078234704112337,NA,NA,NA,NA,NA,997,0,"null","13","Olfactory","stratified_Olfactory"
1,1,0.009,0.085,NA,NA,NA,NA,NA,1000,0,"null","14","Cerebellum","stratified_Cerebellum"
1,1,0.001001001001001,0.0860860860860861,NA,NA,NA,NA,NA,999,0,"null","14","Cortex","stratified_Cortex"
1,1,0.001001001001001,0.0750750750750751,NA,NA,NA,NA,NA,999,0,"null","14","Hippocampus","stratified_Hippocampus"
1,1,0.00200400801603206,0.0811623246492986,NA,NA,NA,NA,NA,998,0,"null","14","Olfactory","stratified_Olfactory"
1,1,0.00200400801603206,0.094188376753507,NA,NA,NA,NA,NA,998,0,"null","14","Striatum","stratified_Striatum"
1,1,0.003,0.069,NA,NA,NA,NA,NA,1000,0,"null","15","Cerebellum","stratified_Cerebellum"
NA,1,0,0.064,NA,NA,NA,NA,NA,1000,0,"null","15","Cortex","stratified_Cortex"
1,1,0.001,0.073,NA,NA,NA,NA,NA,1000,0,"null","15","Hippocampus","stratified_Hippocampus"
1,1,0.002,0.072,NA,NA,NA,NA,NA,1000,0,"null","15","Olfactory","stratified_Olfactory"
1,1,0.001,0.074,NA,NA,NA,NA,NA,1000,0,"null","15","Striatum","stratified_Striatum"
1,1,0.00100200400801603,0.0771543086172345,NA,NA,NA,NA,NA,998,0,"null","16","Cerebellum","stratified_Cerebellum"
1,1,0.005,0.074,NA,NA,NA,NA,NA,1000,0,"null","16","Cortex","stratified_Cortex"
1,1,0.00200400801603206,0.0841683366733467,NA,NA,NA,NA,NA,998,0,"null","16","Hippocampus","stratified_Hippocampus"
NA,1,0,0.0751503006012024,NA,NA,NA,NA,NA,998,0,"null","16","Olfactory","stratified_Olfactory"
1,1,0.002002002002002,0.0860860860860861,NA,NA,NA,NA,NA,999,0,"null","16","Striatum","stratified_Striatum"
NA,1,0,0.071,NA,NA,NA,NA,NA,1000,0,"null","17","Cortex","stratified_Cortex"
1,1,0.001,0.069,NA,NA,NA,NA,NA,1000,0,"null","17","Hippocampus","stratified_Hippocampus"
1,1,0.003,0.072,NA,NA,NA,NA,NA,1000,0,"null","17","Olfactory","stratified_Olfactory"
1,1,0.005,0.069,NA,NA,NA,NA,NA,1000,0,"null","17","Striatum","stratified_Striatum"
1,1,0.00200400801603206,0.0791583166332665,NA,NA,NA,NA,NA,998,0,"null","18","Cerebellum","stratified_Cerebellum"
1,1,0.00400801603206413,0.094188376753507,NA,NA,NA,NA,NA,998,0,"null","18","Cortex","stratified_Cortex"
1,1,0.00501504513540622,0.0882647943831495,NA,NA,NA,NA,NA,997,0,"null","18","Hippocampus","stratified_Hippocampus"
1,1,0.0030060120240481,0.0771543086172345,NA,NA,NA,NA,NA,998,0,"null","18","Olfactory","stratified_Olfactory"
NA,1,0,0.0841683366733467,NA,NA,NA,NA,NA,998,0,"null","18","Striatum","stratified_Striatum"
1,1,0.00501002004008016,0.0801603206412826,NA,NA,NA,NA,NA,998,0,"null","19","Cerebellum","stratified_Cerebellum"
NA,1,0,0.077,NA,NA,NA,NA,NA,1000,0,"null","19","Cortex","stratified_Cortex"
1,1,0.002002002002002,0.0740740740740741,NA,NA,NA,NA,NA,999,0,"null","19","Hippocampus","stratified_Hippocampus"
1,1,0.004004004004004,0.0750750750750751,NA,NA,NA,NA,NA,999,0,"null","19","Olfactory","stratified_Olfactory"
1,1,0.004004004004004,0.0670670670670671,NA,NA,NA,NA,NA,999,0,"null","19","Striatum","stratified_Striatum"
1,1,0.002,0.091,NA,NA,NA,NA,NA,1000,0,"null","2","Cerebellum","stratified_Cerebellum"
1,1,0.002,0.089,NA,NA,NA,NA,NA,1000,0,"null","2","Cortex","stratified_Cortex"
1,1,0.004,0.083,NA,NA,NA,NA,NA,1000,0,"null","2","Hippocampus","stratified_Hippocampus"
1,1,0.001,0.095,NA,NA,NA,NA,NA,1000,0,"null","2","Olfactory","stratified_Olfactory"
1,1,0.003003003003003,0.0990990990990991,NA,NA,NA,NA,NA,999,0,"null","2","Striatum","stratified_Striatum"
1,1,0.001,0.086,NA,NA,NA,NA,NA,1000,0,"null","20","Cerebellum","stratified_Cerebellum"
1,1,0.008,0.082,NA,NA,NA,NA,NA,1000,0,"null","20","Cortex","stratified_Cortex"
1,1,0.002,0.077,NA,NA,NA,NA,NA,1000,0,"null","20","Hippocampus","stratified_Hippocampus"
1,1,0.008,0.086,NA,NA,NA,NA,NA,1000,0,"null","20","Olfactory","stratified_Olfactory"
1,1,0.002,0.084,NA,NA,NA,NA,NA,1000,0,"null","20","Striatum","stratified_Striatum"
NA,1,0,0.076,NA,NA,NA,NA,NA,1000,0,"null","21","Cerebellum","stratified_Cerebellum"
1,1,0.017,0.092,NA,NA,NA,NA,NA,1000,0,"null","21","Cortex","stratified_Cortex"
1,1,0.002,0.08,NA,NA,NA,NA,NA,1000,0,"null","21","Hippocampus","stratified_Hippocampus"
NA,1,0,0.083,NA,NA,NA,NA,NA,1000,0,"null","21","Olfactory","stratified_Olfactory"
1,1,0.004,0.084,NA,NA,NA,NA,NA,1000,0,"null","21","Striatum","stratified_Striatum"
1,1,0.002,0.072,NA,NA,NA,NA,NA,1000,0,"null","22","Cerebellum","stratified_Cerebellum"
1,1,0.001,0.074,NA,NA,NA,NA,NA,1000,0,"null","22","Cortex","stratified_Cortex"
1,1,0.001,0.082,NA,NA,NA,NA,NA,1000,0,"null","22","Hippocampus","stratified_Hippocampus"
1,1,0.001,0.073,NA,NA,NA,NA,NA,1000,0,"null","22","Olfactory","stratified_Olfactory"
1,1,0.002,0.07,NA,NA,NA,NA,NA,1000,0,"null","22","Striatum","stratified_Striatum"
1,1,0.00800800800800801,0.0690690690690691,NA,NA,NA,NA,NA,999,0,"null","23","Cerebellum","stratified_Cerebellum"
1,1,0.003,0.067,NA,NA,NA,NA,NA,1000,0,"null","23","Cortex","stratified_Cortex"
1,1,0.00701402805611222,0.0711422845691383,NA,NA,NA,NA,NA,998,0,"null","23","Hippocampus","stratified_Hippocampus"
1,1,0.0030060120240481,0.06312625250501,NA,NA,NA,NA,NA,998,0,"null","23","Olfactory","stratified_Olfactory"
1,1,0.00601202404809619,0.0771543086172345,NA,NA,NA,NA,NA,998,0,"null","23","Striatum","stratified_Striatum"
1,1,0.001,0.073,NA,NA,NA,NA,NA,1000,0,"null","24","Cerebellum","stratified_Cerebellum"
1,1,0.00100200400801603,0.06312625250501,NA,NA,NA,NA,NA,998,0,"null","24","Cortex","stratified_Cortex"
NA,1,0,0.0630630630630631,NA,NA,NA,NA,NA,999,0,"null","24","Hippocampus","stratified_Hippocampus"
1,1,0.002,0.064,NA,NA,NA,NA,NA,1000,0,"null","24","Olfactory","stratified_Olfactory"
1,1,0.003003003003003,0.0720720720720721,NA,NA,NA,NA,NA,999,0,"null","24","Striatum","stratified_Striatum"
1,1,0.005,0.069,NA,NA,NA,NA,NA,1000,0,"null","25","Cerebellum","stratified_Cerebellum"
1,1,0.005,0.078,NA,NA,NA,NA,NA,1000,0,"null","25","Cortex","stratified_Cortex"
NA,1,0,0.0720720720720721,NA,NA,NA,NA,NA,999,0,"null","25","Hippocampus","stratified_Hippocampus"
1,1,0.002,0.064,NA,NA,NA,NA,NA,1000,0,"null","25","Olfactory","stratified_Olfactory"
NA,1,0,0.075,NA,NA,NA,NA,NA,1000,0,"null","25","Striatum","stratified_Striatum"
1,1,0.002,0.065,NA,NA,NA,NA,NA,1000,0,"null","26","Cerebellum","stratified_Cerebellum"
1,1,0.001,0.075,NA,NA,NA,NA,NA,1000,0,"null","26","Cortex","stratified_Cortex"
1,1,0.001,0.073,NA,NA,NA,NA,NA,1000,0,"null","26","Hippocampus","stratified_Hippocampus"
1,1,0.007,0.071,NA,NA,NA,NA,NA,1000,0,"null","26","Olfactory","stratified_Olfactory"
1,1,0.003,0.062,NA,NA,NA,NA,NA,1000,0,"null","26","Striatum","stratified_Striatum"
1,1,0.005005005005005,0.0760760760760761,NA,NA,NA,NA,NA,999,0,"null","27","Cerebellum","stratified_Cerebellum"
1,1,0.001001001001001,0.0850850850850851,NA,NA,NA,NA,NA,999,0,"null","27","Cortex","stratified_Cortex"
1,1,0.002002002002002,0.0730730730730731,NA,NA,NA,NA,NA,999,0,"null","27","Hippocampus","stratified_Hippocampus"
1,1,0.002,0.066,NA,NA,NA,NA,NA,1000,0,"null","27","Olfactory","stratified_Olfactory"
1,1,0.00501002004008016,0.0751503006012024,NA,NA,NA,NA,NA,998,0,"null","27","Striatum","stratified_Striatum"
1,1,0.011,0.079,NA,NA,NA,NA,NA,1000,0,"null","28","Cerebellum","stratified_Cerebellum"
1,1,0.011,0.092,NA,NA,NA,NA,NA,1000,0,"null","28","Cortex","stratified_Cortex"
1,1,0.009,0.082,NA,NA,NA,NA,NA,1000,0,"null","28","Hippocampus","stratified_Hippocampus"
1,1,0.004,0.077,NA,NA,NA,NA,NA,1000,0,"null","28","Olfactory","stratified_Olfactory"
1,1,0.01,0.076,NA,NA,NA,NA,NA,1000,0,"null","28","Striatum","stratified_Striatum"
1,1,0.00601805416248746,0.103309929789368,NA,NA,NA,NA,NA,997,0,"null","29","Cerebellum","stratified_Cerebellum"
1,1,0.002002002002002,0.0840840840840841,NA,NA,NA,NA,NA,999,0,"null","29","Cortex","stratified_Cortex"
1,1,0.00100200400801603,0.0991983967935872,NA,NA,NA,NA,NA,998,0,"null","29","Hippocampus","stratified_Hippocampus"
1,1,0.00100300902708124,0.0912738214643932,NA,NA,NA,NA,NA,997,0,"null","29","Olfactory","stratified_Olfactory"
NA,1,0,0.086258776328987,NA,NA,NA,NA,NA,997,0,"null","29","Striatum","stratified_Striatum"
1,1,0.00900900900900901,0.0700700700700701,NA,NA,NA,NA,NA,999,0,"null","3","Cerebellum","stratified_Cerebellum"
1,1,0.014,0.074,NA,NA,NA,NA,NA,1000,0,"null","3","Cortex","stratified_Cortex"
1,1,0.015015015015015,0.0850850850850851,NA,NA,NA,NA,NA,999,0,"null","3","Hippocampus","stratified_Hippocampus"
1,1,0.006,0.076,NA,NA,NA,NA,NA,1000,0,"null","3","Olfactory","stratified_Olfactory"
1,1,0.01,0.091,NA,NA,NA,NA,NA,1000,0,"null","3","Striatum","stratified_Striatum"
1,1,0.002002002002002,0.0780780780780781,NA,NA,NA,NA,NA,999,0,"null","30","Cerebellum","stratified_Cerebellum"
1,1,0.004,0.069,NA,NA,NA,NA,NA,1000,0,"null","30","Cortex","stratified_Cortex"
1,1,0.00901803607214429,0.0821643286573146,NA,NA,NA,NA,NA,998,0,"null","30","Hippocampus","stratified_Hippocampus"
1,1,0.001001001001001,0.0740740740740741,NA,NA,NA,NA,NA,999,0,"null","30","Olfactory","stratified_Olfactory"
1,1,0.00601202404809619,0.0731462925851703,NA,NA,NA,NA,NA,998,0,"null","30","Striatum","stratified_Striatum"
1,1,0.003,0.07,NA,NA,NA,NA,NA,1000,0,"null","31","Cerebellum","stratified_Cerebellum"
1,1,0.001,0.078,NA,NA,NA,NA,NA,1000,0,"null","31","Cortex","stratified_Cortex"
1,1,0.004,0.082,NA,NA,NA,NA,NA,1000,0,"null","31","Hippocampus","stratified_Hippocampus"
1,1,0.003,0.082,NA,NA,NA,NA,NA,1000,0,"null","31","Olfactory","stratified_Olfactory"
1,1,0.003,0.068,NA,NA,NA,NA,NA,1000,0,"null","31","Striatum","stratified_Striatum"
1,1,0.005,0.078,NA,NA,NA,NA,NA,1000,0,"null","32","Cerebellum","stratified_Cerebellum"
1,1,0.002,0.078,NA,NA,NA,NA,NA,1000,0,"null","32","Cortex","stratified_Cortex"
1,1,0.007,0.079,NA,NA,NA,NA,NA,1000,0,"null","32","Hippocampus","stratified_Hippocampus"
NA,1,0,0.074,NA,NA,NA,NA,NA,1000,0,"null","32","Olfactory","stratified_Olfactory"
1,1,0.003,0.08,NA,NA,NA,NA,NA,1000,0,"null","32","Striatum","stratified_Striatum"
1,1,0.003003003003003,0.0850850850850851,NA,NA,NA,NA,NA,999,0,"null","33","Cerebellum","stratified_Cerebellum"
1,1,0.002,0.09,NA,NA,NA,NA,NA,1000,0,"null","33","Cortex","stratified_Cortex"
1,1,0.002,0.087,NA,NA,NA,NA,NA,1000,0,"null","33","Hippocampus","stratified_Hippocampus"
1,1,0.001,0.073,NA,NA,NA,NA,NA,1000,0,"null","33","Olfactory","stratified_Olfactory"
1,1,0.003,0.087,NA,NA,NA,NA,NA,1000,0,"null","33","Striatum","stratified_Striatum"
1,1,0.00900900900900901,0.0720720720720721,NA,NA,NA,NA,NA,999,0,"null","34","Cerebellum","stratified_Cerebellum"
1,1,0.005005005005005,0.0850850850850851,NA,NA,NA,NA,NA,999,0,"null","34","Cortex","stratified_Cortex"
1,1,0.001001001001001,0.0870870870870871,NA,NA,NA,NA,NA,999,0,"null","34","Hippocampus","stratified_Hippocampus"
1,1,0.002002002002002,0.0750750750750751,NA,NA,NA,NA,NA,999,0,"null","34","Olfactory","stratified_Olfactory"
1,1,0.004004004004004,0.0770770770770771,NA,NA,NA,NA,NA,999,0,"null","34","Striatum","stratified_Striatum"
1,1,0.001,0.074,NA,NA,NA,NA,NA,1000,0,"null","35","Cortex","stratified_Cortex"
1,1,0.001001001001001,0.0820820820820821,NA,NA,NA,NA,NA,999,0,"null","35","Hippocampus","stratified_Hippocampus"
NA,1,0,0.079,NA,NA,NA,NA,NA,1000,0,"null","35","Olfactory","stratified_Olfactory"
NA,1,0,0.0790790790790791,NA,NA,NA,NA,NA,999,0,"null","35","Striatum","stratified_Striatum"
1,1,0.00600600600600601,0.0650650650650651,NA,NA,NA,NA,NA,999,0,"null","36","Cortex","stratified_Cortex"
1,1,0.003003003003003,0.0650650650650651,NA,NA,NA,NA,NA,999,0,"null","36","Hippocampus","stratified_Hippocampus"
1,1,0.004004004004004,0.0670670670670671,NA,NA,NA,NA,NA,999,0,"null","36","Olfactory","stratified_Olfactory"
1,1,0.00400801603206413,0.0671342685370741,NA,NA,NA,NA,NA,998,0,"null","36","Striatum","stratified_Striatum"
1,1,0.001,0.07,NA,NA,NA,NA,NA,1000,0,"null","37","Cerebellum","stratified_Cerebellum"
1,1,0.006,0.076,NA,NA,NA,NA,NA,1000,0,"null","37","Cortex","stratified_Cortex"
NA,1,0,0.073,NA,NA,NA,NA,NA,1000,0,"null","37","Hippocampus","stratified_Hippocampus"
1,1,0.004,0.072,NA,NA,NA,NA,NA,1000,0,"null","37","Olfactory","stratified_Olfactory"
1,1,0.007,0.074,NA,NA,NA,NA,NA,1000,0,"null","37","Striatum","stratified_Striatum"
1,1,0.00803212851405622,0.0833333333333333,NA,NA,NA,NA,NA,996,0,"null","38","Cerebellum","stratified_Cerebellum"
1,1,0.00501504513540622,0.0762286860581745,NA,NA,NA,NA,NA,997,0,"null","38","Cortex","stratified_Cortex"
1,1,0.00200803212851406,0.0933734939759036,NA,NA,NA,NA,NA,996,0,"null","38","Hippocampus","stratified_Hippocampus"
1,1,0.0070281124497992,0.0873493975903614,NA,NA,NA,NA,NA,996,0,"null","38","Olfactory","stratified_Olfactory"
1,1,0.00501002004008016,0.0871743486973948,NA,NA,NA,NA,NA,998,0,"null","38","Striatum","stratified_Striatum"
1,1,0.001001001001001,0.0580580580580581,NA,NA,NA,NA,NA,999,0,"null","39","Cerebellum","stratified_Cerebellum"
NA,1,0,0.052,NA,NA,NA,NA,NA,1000,0,"null","39","Cortex","stratified_Cortex"
NA,1,0,0.046046046046046,NA,NA,NA,NA,NA,999,0,"null","39","Hippocampus","stratified_Hippocampus"
NA,1,0,0.0500500500500501,NA,NA,NA,NA,NA,999,0,"null","39","Olfactory","stratified_Olfactory"
1,1,0.001001001001001,0.0510510510510511,NA,NA,NA,NA,NA,999,0,"null","39","Striatum","stratified_Striatum"
1,1,0.001001001001001,0.045045045045045,NA,NA,NA,NA,NA,999,0,"null","4","Cerebellum","stratified_Cerebellum"
NA,1,0,0.062,NA,NA,NA,NA,NA,1000,0,"null","4","Cortex","stratified_Cortex"
1,1,0.006,0.054,NA,NA,NA,NA,NA,1000,0,"null","4","Hippocampus","stratified_Hippocampus"
1,1,0.003,0.05,NA,NA,NA,NA,NA,1000,0,"null","4","Olfactory","stratified_Olfactory"
1,1,0.002,0.06,NA,NA,NA,NA,NA,1000,0,"null","4","Striatum","stratified_Striatum"
1,1,0.00200400801603206,0.0741482965931864,NA,NA,NA,NA,NA,998,0,"null","40","Cerebellum","stratified_Cerebellum"
1,1,0.004,0.068,NA,NA,NA,NA,NA,1000,0,"null","40","Cortex","stratified_Cortex"
1,1,0.004004004004004,0.0670670670670671,NA,NA,NA,NA,NA,999,0,"null","40","Hippocampus","stratified_Hippocampus"
1,1,0.00100200400801603,0.0671342685370741,NA,NA,NA,NA,NA,998,0,"null","40","Olfactory","stratified_Olfactory"
1,1,0.00800800800800801,0.0770770770770771,NA,NA,NA,NA,NA,999,0,"null","40","Striatum","stratified_Striatum"
1,1,0.00200400801603206,0.0721442885771543,NA,NA,NA,NA,NA,998,0,"null","41","Cerebellum","stratified_Cerebellum"
1,1,0.004,0.078,NA,NA,NA,NA,NA,1000,0,"null","41","Cortex","stratified_Cortex"
NA,1,0,0.073,NA,NA,NA,NA,NA,1000,0,"null","41","Hippocampus","stratified_Hippocampus"
1,1,0.008,0.075,NA,NA,NA,NA,NA,1000,0,"null","41","Olfactory","stratified_Olfactory"
NA,1,0,0.0680680680680681,NA,NA,NA,NA,NA,999,0,"null","41","Striatum","stratified_Striatum"
1,1,0.003,0.069,NA,NA,NA,NA,NA,1000,0,"null","42","Cerebellum","stratified_Cerebellum"
1,1,0.003,0.1,NA,NA,NA,NA,NA,1000,0,"null","42","Cortex","stratified_Cortex"
1,1,0.002,0.08,NA,NA,NA,NA,NA,1000,0,"null","42","Hippocampus","stratified_Hippocampus"
1,1,0.005,0.075,NA,NA,NA,NA,NA,1000,0,"null","42","Olfactory","stratified_Olfactory"
1,1,0.003,0.073,NA,NA,NA,NA,NA,1000,0,"null","42","Striatum","stratified_Striatum"
NA,1,0,0.049,NA,NA,NA,NA,NA,1000,0,"null","43","Cerebellum","stratified_Cerebellum"
1,1,0.005,0.056,NA,NA,NA,NA,NA,1000,0,"null","43","Cortex","stratified_Cortex"
1,1,0.002002002002002,0.0670670670670671,NA,NA,NA,NA,NA,999,0,"null","43","Hippocampus","stratified_Hippocampus"
1,1,0.006,0.064,NA,NA,NA,NA,NA,1000,0,"null","43","Olfactory","stratified_Olfactory"
1,1,0.002,0.06,NA,NA,NA,NA,NA,1000,0,"null","43","Striatum","stratified_Striatum"
1,1,0.0030060120240481,0.0851703406813627,NA,NA,NA,NA,NA,998,0,"null","44","Cerebellum","stratified_Cerebellum"
1,1,0.00501504513540622,0.0792377131394183,NA,NA,NA,NA,NA,997,0,"null","44","Cortex","stratified_Cortex"
1,1,0.00401203610832497,0.0812437311935807,NA,NA,NA,NA,NA,997,0,"null","44","Hippocampus","stratified_Hippocampus"
1,1,0.00100300902708124,0.0732196589769308,NA,NA,NA,NA,NA,997,0,"null","44","Olfactory","stratified_Olfactory"
1,1,0.00100300902708124,0.086258776328987,NA,NA,NA,NA,NA,997,0,"null","44","Striatum","stratified_Striatum"
1,1,0.005,0.084,NA,NA,NA,NA,NA,1000,0,"null","45","Cerebellum","stratified_Cerebellum"
1,1,0.004,0.081,NA,NA,NA,NA,NA,1000,0,"null","45","Cortex","stratified_Cortex"
1,1,0.00700700700700701,0.0870870870870871,NA,NA,NA,NA,NA,999,0,"null","45","Hippocampus","stratified_Hippocampus"
1,1,0.003003003003003,0.0780780780780781,NA,NA,NA,NA,NA,999,0,"null","45","Olfactory","stratified_Olfactory"
1,1,0.004,0.073,NA,NA,NA,NA,NA,1000,0,"null","45","Striatum","stratified_Striatum"
1,1,0.004,0.095,NA,NA,NA,NA,NA,1000,0,"null","46","Cerebellum","stratified_Cerebellum"
1,1,0.004,0.077,NA,NA,NA,NA,NA,1000,0,"null","46","Cortex","stratified_Cortex"
1,1,0.005,0.073,NA,NA,NA,NA,NA,1000,0,"null","46","Hippocampus","stratified_Hippocampus"
1,1,0.003,0.068,NA,NA,NA,NA,NA,1000,0,"null","46","Olfactory","stratified_Olfactory"
NA,1,0,0.074,NA,NA,NA,NA,NA,1000,0,"null","46","Striatum","stratified_Striatum"
1,1,0.003003003003003,0.0630630630630631,NA,NA,NA,NA,NA,999,0,"null","47","Cerebellum","stratified_Cerebellum"
1,1,0.005005005005005,0.0760760760760761,NA,NA,NA,NA,NA,999,0,"null","47","Cortex","stratified_Cortex"
1,1,0.00400801603206413,0.0781563126252505,NA,NA,NA,NA,NA,998,0,"null","47","Hippocampus","stratified_Hippocampus"
1,1,0.00801603206412826,0.0671342685370741,NA,NA,NA,NA,NA,998,0,"null","47","Olfactory","stratified_Olfactory"
1,1,0.00501002004008016,0.0741482965931864,NA,NA,NA,NA,NA,998,0,"null","47","Striatum","stratified_Striatum"
1,1,0.005,0.073,NA,NA,NA,NA,NA,1000,0,"null","48","Cerebellum","stratified_Cerebellum"
NA,1,0,0.08,NA,NA,NA,NA,NA,1000,0,"null","48","Cortex","stratified_Cortex"
1,1,0.001,0.081,NA,NA,NA,NA,NA,1000,0,"null","48","Hippocampus","stratified_Hippocampus"
1,1,0.005,0.08,NA,NA,NA,NA,NA,1000,0,"null","48","Olfactory","stratified_Olfactory"
1,1,0.002,0.078,NA,NA,NA,NA,NA,1000,0,"null","48","Striatum","stratified_Striatum"
1,1,0.006,0.084,NA,NA,NA,NA,NA,1000,0,"null","49","Cerebellum","stratified_Cerebellum"
1,1,0.002002002002002,0.0850850850850851,NA,NA,NA,NA,NA,999,0,"null","49","Cortex","stratified_Cortex"
1,1,0.002002002002002,0.0830830830830831,NA,NA,NA,NA,NA,999,0,"null","49","Hippocampus","stratified_Hippocampus"
1,1,0.002002002002002,0.0820820820820821,NA,NA,NA,NA,NA,999,0,"null","49","Olfactory","stratified_Olfactory"
1,1,0.003003003003003,0.0850850850850851,NA,NA,NA,NA,NA,999,0,"null","49","Striatum","stratified_Striatum"
1,1,0.001,0.059,NA,NA,NA,NA,NA,1000,0,"null","5","Hippocampus","stratified_Hippocampus"
1,1,0.006,0.059,NA,NA,NA,NA,NA,1000,0,"null","5","Olfactory","stratified_Olfactory"
NA,1,0,0.064,NA,NA,NA,NA,NA,1000,0,"null","5","Striatum","stratified_Striatum"
1,1,0.00400801603206413,0.0831663326653307,NA,NA,NA,NA,NA,998,0,"null","50","Cerebellum","stratified_Cerebellum"
1,1,0.00200400801603206,0.0761523046092184,NA,NA,NA,NA,NA,998,0,"null","50","Cortex","stratified_Cortex"
1,1,0.00401203610832497,0.0752256770310933,NA,NA,NA,NA,NA,997,0,"null","50","Hippocampus","stratified_Hippocampus"
1,1,0.00200601805416249,0.0922768304914744,NA,NA,NA,NA,NA,997,0,"null","50","Olfactory","stratified_Olfactory"
1,1,0.00300902708124373,0.0852557673019057,NA,NA,NA,NA,NA,997,0,"null","50","Striatum","stratified_Striatum"
1,1,0.001,0.08,NA,NA,NA,NA,NA,1000,0,"null","6","Cortex","stratified_Cortex"
1,1,0.00400801603206413,0.0731462925851703,NA,NA,NA,NA,NA,998,0,"null","6","Hippocampus","stratified_Hippocampus"
1,1,0.00400801603206413,0.0831663326653307,NA,NA,NA,NA,NA,998,0,"null","6","Olfactory","stratified_Olfactory"
1,1,0.0030060120240481,0.0791583166332665,NA,NA,NA,NA,NA,998,0,"null","6","Striatum","stratified_Striatum"
1,1,0.002002002002002,0.0700700700700701,NA,NA,NA,NA,NA,999,0,"null","7","Cerebellum","stratified_Cerebellum"
1,1,0.00200400801603206,0.0671342685370741,NA,NA,NA,NA,NA,998,0,"null","7","Cortex","stratified_Cortex"
NA,1,0,0.0681362725450902,NA,NA,NA,NA,NA,998,0,"null","7","Hippocampus","stratified_Hippocampus"
NA,1,0,0.0580580580580581,NA,NA,NA,NA,NA,999,0,"null","7","Olfactory","stratified_Olfactory"
1,1,0.00400801603206413,0.0711422845691383,NA,NA,NA,NA,NA,998,0,"null","7","Striatum","stratified_Striatum"
1,1,0.001001001001001,0.0710710710710711,NA,NA,NA,NA,NA,999,0,"null","8","Cerebellum","stratified_Cerebellum"
NA,1,0,0.064128256513026,NA,NA,NA,NA,NA,998,0,"null","8","Cortex","stratified_Cortex"
1,1,0.00100200400801603,0.06312625250501,NA,NA,NA,NA,NA,998,0,"null","8","Hippocampus","stratified_Hippocampus"
NA,1,0,0.0620620620620621,NA,NA,NA,NA,NA,999,0,"null","8","Olfactory","stratified_Olfactory"
NA,1,0,0.0711422845691383,NA,NA,NA,NA,NA,998,0,"null","8","Striatum","stratified_Striatum"
1,1,0.001,0.075,NA,NA,NA,NA,NA,1000,0,"null","9","Cerebellum","stratified_Cerebellum"
1,1,0.001,0.079,NA,NA,NA,NA,NA,1000,0,"null","9","Cortex","stratified_Cortex"
1,1,0.002,0.081,NA,NA,NA,NA,NA,1000,0,"null","9","Hippocampus","stratified_Hippocampus"
1,1,0.005,0.069,NA,NA,NA,NA,NA,1000,0,"null","9","Olfactory","stratified_Olfactory"
1,1,0.006,0.061,NA,NA,NA,NA,NA,1000,0,"null","9","Striatum","stratified_Striatum"
0.252252252252252,0.510416666666667,0.0311111111111111,0.108888888888889,0.83,0.94,-0.221213434978244,0.426197254903202,0.56,1000,100,"shared","1","Cerebellum","stratified_Cerebellum"
0.333333333333333,0.55868544600939,0.0477777777777778,0.132222222222222,0.86,0.94,-0.20083725293636,0.385072210832547,0.57,1000,100,"shared","1","Cortex","stratified_Cortex"
0.156862745098039,0.486187845303867,0.0177777777777778,0.0977777777777778,0.86,0.93,-0.140926838430366,0.459706214388392,0.59,1000,100,"shared","1","Hippocampus","stratified_Hippocampus"
0.254385964912281,0.523316062176166,0.0322222222222222,0.112222222222222,0.85,0.92,-0.197370677205037,0.417569076451774,0.54,1000,100,"shared","1","Olfactory","stratified_Olfactory"
0.186915887850467,0.5,0.0222222222222222,0.102222222222222,0.87,0.92,-0.242712328076579,0.453134303611521,0.57,1000,100,"shared","1","Striatum","stratified_Striatum"
0.231481481481481,0.461988304093567,0.0277777777777778,0.0877777777777778,0.83,0.92,-0.196850585475006,0.421126039008689,0.52,1000,100,"shared","10","Cerebellum","stratified_Cerebellum"
0.19811320754717,0.472222222222222,0.0233333333333333,0.0944444444444444,0.85,0.95,-0.193216292692871,0.410575889124401,0.48,1000,100,"shared","10","Cortex","stratified_Cortex"
0.194444444444444,0.483870967741935,0.0233333333333333,0.1,0.87,0.96,-0.127630561767789,0.406664261994347,0.53,1000,100,"shared","10","Hippocampus","stratified_Hippocampus"
0.269565217391304,0.53921568627451,0.0344444444444444,0.122222222222222,0.84,0.94,-0.14327300799641,0.413756836450057,0.52,1000,100,"shared","10","Olfactory","stratified_Olfactory"
0.233009708737864,0.49438202247191,0.0266666666666667,0.0977777777777778,0.79,0.9,-0.255396293690654,0.462244706030086,0.5,1000,100,"shared","10","Striatum","stratified_Striatum"
0.28448275862069,0.523316062176166,0.0367483296213808,0.112472160356347,0.83,0.92,-0.208645453781593,0.417448030453053,0.51,998,100,"shared","11","Cerebellum","stratified_Cerebellum"
0.306451612903226,0.536945812807882,0.0422222222222222,0.121111111111111,0.86,0.94,-0.180564337238731,0.372931373225857,0.61,1000,100,"shared","11","Cortex","stratified_Cortex"
0.0777777777777778,0.46927374301676,0.00780379041248606,0.0936454849498328,0.83,0.95,-0.168269476683834,0.400531094837813,0.58,997,100,"shared","11","Hippocampus","stratified_Hippocampus"
0.173076923076923,0.457831325301205,0.0200445434298441,0.0846325167037862,0.86,0.9,-0.223966963346184,0.430184547634428,0.55,998,100,"shared","11","Olfactory","stratified_Olfactory"
0.149425287356322,0.516483516483517,0.0144766146993318,0.10467706013363,0.74,0.88,-0.277823927863284,0.495076354321266,0.55,998,100,"shared","11","Striatum","stratified_Striatum"
0.341666666666667,0.579646017699115,0.0455555555555556,0.145555555555556,0.79,0.95,-0.209195917706879,0.448389753394034,0.53,1000,100,"shared","12","Cerebellum","stratified_Cerebellum"
0.412587412587413,0.592274678111588,0.0655555555555556,0.153333333333333,0.84,0.95,-0.236837084382733,0.398831018879904,0.49,1000,100,"shared","12","Cortex","stratified_Cortex"
0.409090909090909,0.593886462882096,0.06,0.151111111111111,0.78,0.93,-0.267176399243787,0.475437558058457,0.45,1000,100,"shared","12","Hippocampus","stratified_Hippocampus"
0.412587412587413,0.595744680851064,0.0655555555555556,0.155555555555556,0.84,0.95,-0.193693421752216,0.387417537186372,0.55,1000,100,"shared","12","Olfactory","stratified_Olfactory"
0.388059701492537,0.579185520361991,0.0577777777777778,0.142222222222222,0.82,0.93,-0.199029714390762,0.463572256085742,0.54,1000,100,"shared","12","Striatum","stratified_Striatum"
0.314285714285714,0.583732057416268,0.0367892976588629,0.136008918617614,0.72,0.87,-0.29897589037113,0.484225394021021,0.43,997,100,"shared","13","Cerebellum","stratified_Cerebellum"
0.397163120567376,0.59051724137931,0.0622914349276974,0.152391546162403,0.85,0.95,-0.210422675110945,0.389575712375909,0.51,999,100,"shared","13","Cortex","stratified_Cortex"
0.304347826086957,0.584821428571429,0.0390189520624303,0.146042363433668,0.8,0.93,-0.214947663199318,0.4376746299832,0.55,997,100,"shared","13","Hippocampus","stratified_Hippocampus"
0.460526315789474,0.606060606060606,0.0780379041248606,0.156075808249721,0.82,0.91,-0.309243559597537,0.491107955207756,0.43,997,100,"shared","13","Olfactory","stratified_Olfactory"
0.41958041958042,0.585585585585586,0.0668896321070234,0.144927536231884,0.83,0.92,-0.170782374320968,0.455355100420142,0.5,997,100,"shared","13","Striatum","stratified_Striatum"
0.236363636363636,0.510309278350515,0.0288888888888889,0.11,0.84,0.95,-0.0835220105446185,0.459003680708189,0.51,1000,100,"shared","14","Cerebellum","stratified_Cerebellum"
0.277777777777778,0.538095238095238,0.0389321468298109,0.125695216907675,0.91,0.97,-0.165315218492376,0.377081688527755,0.53,999,100,"shared","14","Cortex","stratified_Cortex"
0.20353982300885,0.522613065326633,0.0255839822024472,0.115684093437152,0.9,0.95,-0.156273558014063,0.380492813427287,0.5,999,100,"shared","14","Hippocampus","stratified_Hippocampus"
0.193877551020408,0.526315789473684,0.0211581291759465,0.111358574610245,0.79,0.9,-0.240746975092244,0.452174059706778,0.45,998,100,"shared","14","Olfactory","stratified_Olfactory"
0.258928571428571,0.550239234449761,0.032293986636971,0.128062360801782,0.83,0.94,-0.196154642849193,0.440770783580567,0.46,998,100,"shared","14","Striatum","stratified_Striatum"
0.183673469387755,0.48876404494382,0.02,0.0966666666666667,0.8,0.91,-0.252772203609438,0.440211829874125,0.47,1000,100,"shared","15","Cerebellum","stratified_Cerebellum"
0.386206896551724,0.594827586206897,0.0622222222222222,0.153333333333333,0.89,0.94,-0.184847098045113,0.436987340689053,0.49,1000,100,"shared","15","Cortex","stratified_Cortex"
0.267241379310345,0.54228855721393,0.0344444444444444,0.121111111111111,0.85,0.92,-0.184550622948643,0.471531488317068,0.42,1000,100,"shared","15","Hippocampus","stratified_Hippocampus"
0.25,0.567441860465116,0.0311111111111111,0.135555555555556,0.84,0.93,-0.203918803626579,0.421314624909665,0.44,1000,100,"shared","15","Olfactory","stratified_Olfactory"
0.191919191919192,0.555,0.0211111111111111,0.123333333333333,0.8,0.89,-0.245869620377164,0.453139437871784,0.4,1000,100,"shared","15","Striatum","stratified_Striatum"
0.214285714285714,0.590717299578059,0.0266666666666667,0.155555555555556,0.88,0.97,-0.208684310473658,0.36333888052935,0.5,1000,100,"shared","16","Cortex","stratified_Cortex"
0.352517985611511,0.603305785123967,0.05456570155902,0.162583518930958,0.9,0.96,-0.203975164304759,0.37419570900169,0.45,998,100,"shared","16","Hippocampus","stratified_Hippocampus"
0.26890756302521,0.58974358974359,0.0356347438752784,0.153674832962138,0.87,0.96,-0.162831537244754,0.418595479194391,0.45,998,100,"shared","16","Olfactory","stratified_Olfactory"
0.212389380530973,0.571428571428571,0.0266963292547275,0.146829810901001,0.89,0.99,-0.123383112616058,0.394275285560237,0.44,999,100,"shared","16","Striatum","stratified_Striatum"
0.212962962962963,0.523560209424084,0.0255555555555556,0.111111111111111,0.85,0.91,-0.251146068851357,0.44262198638269,0.52,1000,100,"shared","17","Cerebellum","stratified_Cerebellum"
0.325757575757576,0.588235294117647,0.0477777777777778,0.144444444444444,0.89,0.91,-0.261623272932885,0.419205380169307,0.51,1000,100,"shared","17","Cortex","stratified_Cortex"
0.213592233009709,0.551724137931034,0.0244444444444444,0.124444444444444,0.81,0.91,-0.278112420565717,0.448486492104756,0.5,1000,100,"shared","17","Hippocampus","stratified_Hippocampus"
0.358778625954198,0.54040404040404,0.0522222222222222,0.118888888888889,0.84,0.91,-0.251629440072817,0.479191241444168,0.49,1000,100,"shared","17","Olfactory","stratified_Olfactory"
0.274336283185841,0.476190476190476,0.0344444444444444,0.0888888888888889,0.82,0.88,-0.218316196817364,0.45905865398067,0.48,1000,100,"shared","17","Striatum","stratified_Striatum"
0.455128205128205,0.638132295719844,0.0790645879732739,0.182628062360802,0.85,0.93,-0.222013012033156,0.466747372877711,0.45,998,100,"shared","18","Cerebellum","stratified_Cerebellum"
0.35036496350365,0.589958158995816,0.0534521158129176,0.157015590200445,0.89,0.98,-0.226587121107342,0.376051444970407,0.52,998,100,"shared","18","Cortex","stratified_Cortex"
0.368,0.620408163265306,0.0512820512820513,0.169453734671126,0.79,0.93,-0.28925228982916,0.435963779584098,0.44,997,100,"shared","18","Hippocampus","stratified_Hippocampus"
0.301724137931034,0.569444444444444,0.0389755011135857,0.136971046770601,0.81,0.93,-0.263297399095438,0.42399680495605,0.51,998,100,"shared","18","Olfactory","stratified_Olfactory"
0.343283582089552,0.6,0.0512249443207127,0.160356347438753,0.88,0.96,-0.242457092246895,0.39678002960702,0.51,998,100,"shared","18","Striatum","stratified_Striatum"
0.346153846153846,0.593073593073593,0.050055617352614,0.152391546162403,0.858585858585859,0.94949494949495,-0.21485450073203,0.443934952498755,0.555555555555556,998,99,"shared","19","Cerebellum","stratified_Cerebellum"
0.228070175438596,0.557077625570776,0.0288888888888889,0.135555555555556,0.88,0.97,-0.184608038245411,0.428023730767051,0.48,1000,100,"shared","19","Cortex","stratified_Cortex"
0.194174757281553,0.520408163265306,0.0222469410456062,0.113459399332592,0.83,0.94,-0.228442109830446,0.431556725244855,0.55,999,100,"shared","19","Hippocampus","stratified_Hippocampus"
0.375,0.594827586206897,0.0567296996662959,0.153503893214683,0.858585858585859,0.94949494949495,-0.228315707311978,0.46415611658166,0.505050505050505,998,99,"shared","19","Olfactory","stratified_Olfactory"
0.330645161290323,0.546728971962617,0.0455555555555556,0.13,0.838383838383838,0.97979797979798,-0.219076906156671,0.441828152544125,0.515151515151515,999,99,"shared","19","Striatum","stratified_Striatum"
0.424242424242424,0.593073593073593,0.0622222222222222,0.152222222222222,0.76,0.94,-0.307139382300435,0.489378577440883,0.46,1000,100,"shared","2","Cerebellum","stratified_Cerebellum"
0.289719626168224,0.555555555555556,0.0344444444444444,0.127777777777778,0.76,0.92,-0.276095394289508,0.455173746080976,0.54,1000,100,"shared","2","Cortex","stratified_Cortex"
0.313559322033898,0.53921568627451,0.0411111111111111,0.122222222222222,0.81,0.94,-0.251225177028583,0.402609089415254,0.56,1000,100,"shared","2","Hippocampus","stratified_Hippocampus"
0.422535211267606,0.617021276595745,0.0666666666666667,0.161111111111111,0.82,0.9,-0.225806305515356,0.456762443929368,0.5,1000,100,"shared","2","Olfactory","stratified_Olfactory"
0.346456692913386,0.600877192982456,0.0489432703003337,0.152391546162403,0.83,0.91,-0.222431934435809,0.453139960890184,0.53,999,100,"shared","2","Striatum","stratified_Striatum"
0.376,0.625,0.0522222222222222,0.166666666666667,0.78,0.9,-0.28110036533869,0.498602773053593,0.46,1000,100,"shared","20","Cerebellum","stratified_Cerebellum"
0.380281690140845,0.604081632653061,0.06,0.164444444444444,0.88,0.97,-0.199825983862274,0.437823901507142,0.49,1000,100,"shared","20","Cortex","stratified_Cortex"
0.415384615384615,0.612334801762115,0.06,0.154444444444444,0.76,0.88,-0.313288937426996,0.502935856734904,0.45,1000,100,"shared","20","Hippocampus","stratified_Hippocampus"
0.451388888888889,0.618257261410788,0.0722222222222222,0.165555555555556,0.79,0.92,-0.230916286255773,0.468709408503315,0.5,1000,100,"shared","20","Olfactory","stratified_Olfactory"
0.387096774193548,0.612334801762115,0.0533333333333333,0.154444444444444,0.76,0.88,-0.281789295570607,0.571871413466202,0.45,1000,100,"shared","20","Striatum","stratified_Striatum"
0.452830188679245,0.601694915254237,0.08,0.157777777777778,0.87,0.94,-0.225910780338626,0.389783503315771,0.45,1000,100,"shared","21","Cortex","stratified_Cortex"
0.292035398230089,0.561904761904762,0.0366666666666667,0.131111111111111,0.8,0.92,-0.21211390314311,0.44131340843518,0.47,1000,100,"shared","21","Hippocampus","stratified_Hippocampus"
0.254237288135593,0.571428571428571,0.0333333333333333,0.137777777777778,0.88,0.93,-0.130275113051913,0.415078979692245,0.5,1000,100,"shared","21","Olfactory","stratified_Olfactory"
0.377777777777778,0.564814814814815,0.0566666666666667,0.135555555555556,0.84,0.94,-0.249423791047372,0.444795097033747,0.4,1000,100,"shared","21","Striatum","stratified_Striatum"
0.300884955752212,0.574074074074074,0.0377777777777778,0.137777777777778,0.79,0.92,-0.181702956888067,0.451716595788275,0.52,1000,100,"shared","22","Cerebellum","stratified_Cerebellum"
0.341463414634146,0.541463414634146,0.0466666666666667,0.123333333333333,0.81,0.94,-0.218376504988152,0.419362354218062,0.53,1000,100,"shared","22","Cortex","stratified_Cortex"
0.309734513274336,0.54726368159204,0.0388888888888889,0.122222222222222,0.78,0.91,-0.232411577492779,0.49250859805669,0.45,1000,100,"shared","22","Hippocampus","stratified_Hippocampus"
0.368,0.555023923444976,0.0511111111111111,0.128888888888889,0.79,0.93,-0.218624414433347,0.513711036160415,0.54,1000,100,"shared","22","Olfactory","stratified_Olfactory"
0.284313725490196,0.57345971563981,0.0322222222222222,0.134444444444444,0.73,0.9,-0.20803251966869,0.483479042144415,0.54,1000,100,"shared","22","Striatum","stratified_Striatum"
0.148936170212766,0.422619047619048,0.0155728587319244,0.0789766407119021,0.8,0.97,-0.172060063487258,0.433947420773234,0.46,999,100,"shared","23","Cerebellum","stratified_Cerebellum"
0.225225225225225,0.534313725490196,0.0277777777777778,0.121111111111111,0.86,0.95,-0.256865291882158,0.421877727414009,0.43,1000,100,"shared","23","Cortex","stratified_Cortex"
0.205882352941176,0.463276836158192,0.0233853006681514,0.0913140311804009,0.81,0.95,-0.237394934827386,0.477473759166432,0.46,998,100,"shared","23","Hippocampus","stratified_Hippocampus"
0.0930232558139535,0.466292134831461,0.0089086859688196,0.0924276169265033,0.78,0.95,-0.289886021222903,0.507041143950074,0.41,998,100,"shared","23","Olfactory","stratified_Olfactory"
0.204081632653061,0.491891891891892,0.022271714922049,0.101336302895323,0.78,0.94,-0.251423953692133,0.433403875994169,0.49,998,100,"shared","23","Striatum","stratified_Striatum"
0.1875,0.471264367816092,0.02,0.0911111111111111,0.78,0.92,-0.212224176155479,0.503685929157532,0.4,1000,100,"shared","24","Cerebellum","stratified_Cerebellum"
0.172727272727273,0.454022988505747,0.0211581291759465,0.0879732739420935,0.91,0.95,-0.237823406469792,0.417703767553675,0.47,998,100,"shared","24","Cortex","stratified_Cortex"
0.168421052631579,0.505434782608696,0.017797552836485,0.103448275862069,0.79,0.91,-0.287285506730159,0.486300450140511,0.46,999,100,"shared","24","Hippocampus","stratified_Hippocampus"
0.144444444444444,0.5,0.0144444444444444,0.105555555555556,0.77,0.95,-0.201925140762538,0.453266926480296,0.5,1000,100,"shared","24","Olfactory","stratified_Olfactory"
0.196078431372549,0.535,0.0222469410456062,0.119021134593993,0.82,0.93,-0.218442073512121,0.450896489626189,0.52,999,100,"shared","24","Striatum","stratified_Striatum"
0.354330708661417,0.547619047619048,0.05,0.127777777777778,0.82,0.95,-0.228989521991666,0.413567221658956,0.52,1000,100,"shared","25","Cortex","stratified_Cortex"
0.354330708661417,0.577777777777778,0.050055617352614,0.144605116796441,0.82,0.95,-0.263889159999517,0.474525548835952,0.46,999,100,"shared","25","Hippocampus","stratified_Hippocampus"
0.308411214953271,0.563380281690141,0.0366666666666667,0.133333333333333,0.74,0.93,-0.271505975253868,0.494588796769573,0.49,1000,100,"shared","25","Olfactory","stratified_Olfactory"
0.352941176470588,0.5625,0.0466666666666667,0.13,0.77,0.91,-0.264800132872232,0.508379110192444,0.44,1000,100,"shared","25","Striatum","stratified_Striatum"
0.327731092436975,0.544117647058823,0.0433333333333333,0.123333333333333,0.8,0.93,-0.223198974342876,0.423068290743079,0.52,1000,100,"shared","26","Cerebellum","stratified_Cerebellum"
0.409722222222222,0.5662100456621,0.0655555555555556,0.137777777777778,0.85,0.95,-0.230885600813106,0.383354571175509,0.58,1000,100,"shared","26","Cortex","stratified_Cortex"
0.310924369747899,0.569444444444444,0.0411111111111111,0.136666666666667,0.82,0.93,-0.236241993032372,0.427684466473459,0.52,1000,100,"shared","26","Hippocampus","stratified_Hippocampus"
0.31496062992126,0.536231884057971,0.0444444444444444,0.123333333333333,0.87,0.96,-0.226323080341681,0.382845135343029,0.58,1000,100,"shared","26","Olfactory","stratified_Olfactory"
0.169811320754717,0.484042553191489,0.02,0.101111111111111,0.88,0.97,-0.0486703118373971,0.438357590362994,0.54,1000,100,"shared","26","Striatum","stratified_Striatum"
0.238938053097345,0.517766497461929,0.0300333704115684,0.113459399332592,0.86,0.95,-0.210409930290784,0.444894801648487,0.51,999,100,"shared","27","Cerebellum","stratified_Cerebellum"
0.226086956521739,0.538834951456311,0.0289210233592881,0.123470522803115,0.89,0.95,-0.181218288660657,0.372950298484645,0.59,999,100,"shared","27","Cortex","stratified_Cortex"
0.173076923076923,0.494736842105263,0.0200222469410456,0.104560622914349,0.86,0.96,-0.108859926796342,0.366102089278333,0.59,999,100,"shared","27","Hippocampus","stratified_Hippocampus"
0.243478260869565,0.53,0.0311111111111111,0.117777777777778,0.87,0.94,-0.224180161213567,0.420019821886304,0.5,1000,100,"shared","27","Olfactory","stratified_Olfactory"
0.230769230769231,0.5,0.0300668151447661,0.106904231625835,0.9,0.96,-0.190868134249675,0.439848619418492,0.54,998,100,"shared","27","Striatum","stratified_Striatum"
0.297520661157025,0.559633027522936,0.04,0.135555555555556,0.85,0.96,-0.255922452251725,0.471937068630845,0.48,1000,100,"shared","28","Cerebellum","stratified_Cerebellum"
0.365671641791045,0.567567567567568,0.0544444444444444,0.14,0.85,0.96,-0.223735820036117,0.410524898364282,0.49,1000,100,"shared","28","Cortex","stratified_Cortex"
0.207547169811321,0.491891891891892,0.0244444444444444,0.101111111111111,0.84,0.94,-0.237651044858872,0.416086247806555,0.51,1000,100,"shared","28","Hippocampus","stratified_Hippocampus"
0.205607476635514,0.513089005235602,0.0244444444444444,0.108888888888889,0.85,0.93,-0.228060788135993,0.473404018006485,0.54,1000,100,"shared","28","Olfactory","stratified_Olfactory"
0.298387096774194,0.520833333333333,0.0411111111111111,0.111111111111111,0.87,0.92,-0.225241774250447,0.449230824811199,0.48,1000,100,"shared","28","Striatum","stratified_Striatum"
0.366906474820144,0.579646017699115,0.0568561872909699,0.146042363433668,0.88,0.95,-0.0749614350877446,0.388827921463051,0.53,997,100,"shared","29","Cerebellum","stratified_Cerebellum"
0.368055555555556,0.553488372093023,0.0589543937708565,0.132369299221357,0.91,0.96,-0.14269455825289,0.343783074774095,0.63,999,100,"shared","29","Cortex","stratified_Cortex"
0.4375,0.57847533632287,0.0779510022271715,0.143652561247216,0.9,0.94,-0.143581165454105,0.386714457679462,0.58,998,100,"shared","29","Hippocampus","stratified_Hippocampus"
0.315384615384615,0.561643835616438,0.0457079152731327,0.137123745819398,0.89,0.96,-0.119310018177685,0.371389241913187,0.59,997,100,"shared","29","Olfactory","stratified_Olfactory"
0.394366197183099,0.594713656387665,0.0624303232998885,0.150501672240803,0.86,0.92,-0.171020532021322,0.383780163687035,0.6,997,100,"shared","29","Striatum","stratified_Striatum"
0.353448275862069,0.555555555555556,0.0456062291434928,0.127919911012236,0.75,0.92,-0.244837640733281,0.433744973428129,0.53,999,100,"shared","3","Cerebellum","stratified_Cerebellum"
0.288288288288288,0.53,0.0355555555555556,0.117777777777778,0.79,0.94,-0.229580325355854,0.419278558767268,0.51,1000,100,"shared","3","Cortex","stratified_Cortex"
0.292035398230089,0.574766355140187,0.0367074527252503,0.136818687430478,0.8,0.91,-0.211453623736218,0.4536934446583,0.52,999,100,"shared","3","Hippocampus","stratified_Hippocampus"
0.252336448598131,0.521052631578947,0.03,0.11,0.8,0.91,-0.181052417371548,0.445487828481761,0.57,1000,100,"shared","3","Olfactory","stratified_Olfactory"
0.407142857142857,0.551724137931034,0.0633333333333333,0.124444444444444,0.83,0.91,-0.232420972703441,0.445953505692557,0.57,1000,100,"shared","3","Striatum","stratified_Striatum"
0.373015873015873,0.563981042654028,0.0522803114571746,0.132369299221357,0.79,0.92,-0.242313189024724,0.454515396622002,0.5,999,100,"shared","30","Cerebellum","stratified_Cerebellum"
0.370629370629371,0.558035714285714,0.0588888888888889,0.138888888888889,0.9,0.99,-0.181538273998795,0.398489835720996,0.5,1000,100,"shared","30","Cortex","stratified_Cortex"
0.427586206896552,0.583710407239819,0.0690423162583519,0.143652561247216,0.83,0.92,-0.250498669708969,0.466917881180674,0.48,998,100,"shared","30","Hippocampus","stratified_Hippocampus"
0.433823529411765,0.587443946188341,0.0656284760845384,0.145717463848721,0.77,0.92,-0.232477335177793,0.485326636271509,0.48,999,100,"shared","30","Olfactory","stratified_Olfactory"
0.315789473684211,0.543589743589744,0.0400890868596882,0.11804008908686,0.78,0.89,-0.231604325377806,0.48796142685671,0.51,998,100,"shared","30","Striatum","stratified_Striatum"
0.267241379310345,0.531400966183575,0.0344444444444444,0.122222222222222,0.85,0.97,-0.170385373665772,0.370137818656408,0.57,1000,100,"shared","31","Cerebellum","stratified_Cerebellum"
0.152380952380952,0.51530612244898,0.0177777777777778,0.112222222222222,0.89,0.95,-0.165500188424516,0.401693777899047,0.5,1000,100,"shared","31","Cortex","stratified_Cortex"
0.227272727272727,0.54679802955665,0.0277777777777778,0.123333333333333,0.85,0.92,-0.226776067270338,0.420019669114338,0.55,1000,100,"shared","31","Hippocampus","stratified_Hippocampus"
0.285714285714286,0.581497797356828,0.04,0.146666666666667,0.9,0.95,-0.230548227420932,0.414726153157324,0.54,1000,100,"shared","31","Olfactory","stratified_Olfactory"
0.238532110091743,0.526041666666667,0.0288888888888889,0.112222222222222,0.83,0.91,-0.260542873845628,0.452054839556609,0.46,1000,100,"shared","31","Striatum","stratified_Striatum"
0.264705882352941,0.54,0.03,0.12,0.75,0.92,-0.214395903467215,0.491045547821191,0.51,1000,100,"shared","32","Cerebellum","stratified_Cerebellum"
0.164948453608247,0.450867052023121,0.0177777777777778,0.0866666666666667,0.81,0.95,-0.138478211124332,0.39132958595645,0.53,1000,100,"shared","32","Cortex","stratified_Cortex"
0.195402298850575,0.526595744680851,0.0188888888888889,0.11,0.7,0.89,-0.292799432907083,0.498072785955679,0.52,1000,100,"shared","32","Hippocampus","stratified_Hippocampus"
0.293577981651376,0.525773195876289,0.0355555555555556,0.113333333333333,0.77,0.92,-0.243612598251912,0.457897109198178,0.51,1000,100,"shared","32","Olfactory","stratified_Olfactory"
0.336206896551724,0.54,0.0433333333333333,0.12,0.77,0.92,-0.284541582082751,0.500076484655617,0.5,1000,100,"shared","32","Striatum","stratified_Striatum"
0.2,0.48936170212766,0.0244444444444444,0.102222222222222,0.888888888888889,0.96969696969697,-0.182728521483673,0.381949660343702,0.545454545454545,999,99,"shared","33","Cerebellum","stratified_Cerebellum"
0.194444444444444,0.512690355329949,0.0233333333333333,0.112222222222222,0.87,0.96,-0.239510060455062,0.419551282957907,0.51,1000,100,"shared","33","Cortex","stratified_Cortex"
0.232142857142857,0.494791666666667,0.0288888888888889,0.105555555555556,0.86,0.97,-0.266075151549796,0.394264548459748,0.51,1000,100,"shared","33","Hippocampus","stratified_Hippocampus"
0.185185185185185,0.492146596858639,0.0222222222222222,0.104444444444444,0.88,0.97,-0.242115053889103,0.405012769132257,0.58,1000,100,"shared","33","Olfactory","stratified_Olfactory"
0.184466019417476,0.480874316939891,0.0211111111111111,0.0977777777777778,0.84,0.95,-0.198628652775324,0.488656371221126,0.49,1000,100,"shared","33","Striatum","stratified_Striatum"
0.387323943661972,0.581081081081081,0.0611790878754171,0.14349276974416,0.87,0.93,-0.220656711520284,0.398660433274653,0.52,999,100,"shared","34","Cortex","stratified_Cortex"
0.288135593220339,0.570776255707763,0.0378197997775306,0.139043381535039,0.84,0.94,-0.198203900411809,0.445017369000416,0.52,999,100,"shared","34","Hippocampus","stratified_Hippocampus"
0.275229357798165,0.567307692307692,0.0333704115684093,0.131256952169077,0.79,0.9,-0.262695277375483,0.560305389794675,0.47,999,100,"shared","34","Olfactory","stratified_Olfactory"
0.359375,0.595555555555556,0.0511679644048943,0.149054505005562,0.82,0.91,-0.261595043651809,0.473744043972383,0.54,999,100,"shared","34","Striatum","stratified_Striatum"
0.328,0.591111111111111,0.0455555555555556,0.147777777777778,0.84,0.92,-0.205156637596442,0.475586514215554,0.55,1000,100,"shared","35","Cerebellum","stratified_Cerebellum"
0.357664233576642,0.559633027522936,0.0544444444444444,0.135555555555556,0.88,0.96,-0.195556645047926,0.364042579197314,0.58,1000,100,"shared","35","Cortex","stratified_Cortex"
0.345864661654135,0.587719298245614,0.0511111111111111,0.148888888888889,0.878787878787879,0.94949494949495,-0.204635664872816,0.393743790977061,0.545454545454545,999,99,"shared","35","Hippocampus","stratified_Hippocampus"
0.392592592592593,0.594017094017094,0.0588888888888889,0.154444444444444,0.82,0.95,-0.224561188233543,0.387938086830476,0.61,1000,100,"shared","35","Olfactory","stratified_Olfactory"
0.198198198198198,0.51010101010101,0.0244444444444444,0.112222222222222,0.898989898989899,0.97979797979798,-0.107698840262256,0.439245919168017,0.616161616161616,999,99,"shared","35","Striatum","stratified_Striatum"
0.402777777777778,0.600877192982456,0.0645161290322581,0.152391546162403,0.86,0.91,-0.207850756480075,0.427722627556445,0.59,999,100,"shared","36","Cerebellum","stratified_Cerebellum"
0.409722222222222,0.591111111111111,0.0656284760845384,0.147942157953281,0.85,0.92,-0.188157664070319,0.374127504492586,0.59,999,100,"shared","36","Cortex","stratified_Cortex"
0.388888888888889,0.574660633484163,0.0622914349276974,0.1412680756396,0.88,0.94,-0.169575715658335,0.35819159828297,0.6,999,100,"shared","36","Hippocampus","stratified_Hippocampus"
0.410596026490066,0.606837606837607,0.0689655172413793,0.157953281423804,0.89,0.92,-0.138801661061012,0.436685634139545,0.56,999,100,"shared","36","Olfactory","stratified_Olfactory"
0.394160583941606,0.584474885844749,0.0601336302895323,0.142538975501114,0.83,0.91,-0.185300045181777,0.451099329482303,0.52,998,100,"shared","36","Striatum","stratified_Striatum"
0.358778625954198,0.531707317073171,0.0522222222222222,0.121111111111111,0.84,0.96,-0.195142290240523,0.444413589937424,0.5,1000,100,"shared","37","Cerebellum","stratified_Cerebellum"
0.340740740740741,0.5311004784689,0.0511111111111111,0.123333333333333,0.89,0.98,-0.206053454274618,0.410697077954265,0.46,1000,100,"shared","37","Cortex","stratified_Cortex"
0.385185185185185,0.524752475247525,0.0577777777777778,0.117777777777778,0.83,0.96,-0.214287866650402,0.49698366770601,0.48,1000,100,"shared","37","Hippocampus","stratified_Hippocampus"
0.304347826086957,0.548076923076923,0.0388888888888889,0.126666666666667,0.8,0.94,-0.253590101463282,0.489160556511086,0.45,1000,100,"shared","37","Olfactory","stratified_Olfactory"
0.385185185185185,0.551219512195122,0.0577777777777778,0.125555555555556,0.83,0.92,-0.203685024401656,0.442523202282636,0.48,1000,100,"shared","37","Striatum","stratified_Striatum"
0.385245901639344,0.607142857142857,0.0524553571428571,0.151785714285714,0.75,0.88,-0.294254664795964,0.533005720218916,0.47,996,100,"shared","38","Cerebellum","stratified_Cerebellum"
0.382352941176471,0.599137931034483,0.0579710144927536,0.154960981047938,0.84,0.93,-0.243949655238802,0.47185629919766,0.46,997,100,"shared","38","Cortex","stratified_Cortex"
0.419847328244275,0.608510638297872,0.0613839285714286,0.159598214285714,0.76,0.92,-0.3246794081855,0.580219659497477,0.43,996,100,"shared","38","Hippocampus","stratified_Hippocampus"
0.431654676258993,0.636363636363636,0.0669642857142857,0.171875,0.79,0.88,-0.278969058605662,0.562016066992843,0.46,996,100,"shared","38","Olfactory","stratified_Olfactory"
0.40625,0.607305936073059,0.0579064587973274,0.148106904231626,0.76,0.86,-0.256077353635238,0.554769705807071,0.42,998,100,"shared","38","Striatum","stratified_Striatum"
0.316239316239316,0.545893719806763,0.0411568409343715,0.125695216907675,0.8,0.94,-0.176208955857986,0.447230336303836,0.48,999,100,"shared","39","Cerebellum","stratified_Cerebellum"
0.245454545454545,0.53,0.03,0.117777777777778,0.83,0.94,-0.230652308864111,0.417408866121549,0.48,1000,100,"shared","39","Cortex","stratified_Cortex"
0.159574468085106,0.489247311827957,0.0166852057842047,0.101223581757508,0.79,0.95,-0.238707781921777,0.424715866600837,0.57,999,100,"shared","39","Hippocampus","stratified_Hippocampus"
0.142857142857143,0.466292134831461,0.014460511679644,0.0923248053392658,0.78,0.95,-0.244677752843083,0.462689789264711,0.48,999,100,"shared","39","Olfactory","stratified_Olfactory"
0.221153846153846,0.51530612244898,0.0255555555555556,0.112222222222222,0.81,0.95,-0.256167118512457,0.46013767505993,0.52,1000,100,"shared","39","Striatum","stratified_Striatum"
0.2,0.513513513513513,0.0222469410456062,0.10567296996663,0.8,0.9,-0.245959479276637,0.466095783163829,0.5,999,100,"shared","4","Cerebellum","stratified_Cerebellum"
0.15,0.5,0.0166666666666667,0.105555555555556,0.85,0.95,-0.201027297133934,0.383574369379341,0.6,1000,100,"shared","4","Cortex","stratified_Cortex"
0.119565217391304,0.479041916167665,0.0122222222222222,0.0888888888888889,0.81,0.87,-0.226908348210007,0.484094067407007,0.55,1000,100,"shared","4","Hippocampus","stratified_Hippocampus"
0.127659574468085,0.459770114942529,0.0133333333333333,0.0888888888888889,0.82,0.94,-0.225867364650379,0.443622942433533,0.49,1000,100,"shared","4","Olfactory","stratified_Olfactory"
0.121212121212121,0.439024390243902,0.0133333333333333,0.08,0.87,0.92,-0.164705075496206,0.413870177123122,0.54,1000,100,"shared","4","Striatum","stratified_Striatum"
0.277777777777778,0.528795811518325,0.0333333333333333,0.112222222222222,0.787878787878788,0.909090909090909,-0.179974775190049,0.501010037326934,0.454545454545455,999,99,"shared","40","Cerebellum","stratified_Cerebellum"
0.342857142857143,0.582608695652174,0.0533333333333333,0.148888888888889,0.92,0.96,-0.203612794377786,0.414743409165999,0.49,1000,100,"shared","40","Cortex","stratified_Cortex"
0.401459854014599,0.587443946188341,0.0611111111111111,0.145555555555556,0.82,0.92,-0.289935052351405,0.541689210154485,0.44,1000,100,"shared","40","Hippocampus","stratified_Hippocampus"
0.375,0.574766355140187,0.0533333333333333,0.136666666666667,0.808080808080808,0.919191919191919,-0.212752745078513,0.483543634073155,0.474747474747475,999,99,"shared","40","Olfactory","stratified_Olfactory"
0.360655737704918,0.587719298245614,0.0488888888888889,0.148888888888889,0.78,0.94,-0.225388767471916,0.471590438420821,0.5,1000,100,"shared","40","Striatum","stratified_Striatum"
0.325396825396825,0.560747663551402,0.0456570155902004,0.133630289532294,0.85,0.94,-0.230501906599753,0.426672073819328,0.51,998,100,"shared","41","Cerebellum","stratified_Cerebellum"
0.382352941176471,0.569506726457399,0.0577777777777778,0.141111111111111,0.84,0.96,-0.184171873817533,0.426500354902714,0.51,1000,100,"shared","41","Cortex","stratified_Cortex"
0.252173913043478,0.531400966183575,0.0322222222222222,0.122222222222222,0.86,0.97,-0.14465560607597,0.419199124031629,0.58,1000,100,"shared","41","Hippocampus","stratified_Hippocampus"
0.351145038167939,0.564220183486238,0.0511111111111111,0.136666666666667,0.85,0.95,-0.119800970688185,0.443693378122484,0.53,1000,100,"shared","41","Olfactory","stratified_Olfactory"
0.355555555555556,0.576576576576577,0.053392658509455,0.14238042269188,0.87,0.94,-0.199154348992797,0.427154543058895,0.58,999,100,"shared","41","Striatum","stratified_Striatum"
0.238095238095238,0.533333333333333,0.0277777777777778,0.115555555555556,0.8,0.91,-0.212706860859388,0.448606419545638,0.45,1000,100,"shared","42","Cerebellum","stratified_Cerebellum"
0.376811594202899,0.59656652360515,0.0577777777777778,0.154444444444444,0.86,0.94,-0.18429772072097,0.411120796831403,0.47,1000,100,"shared","42","Cortex","stratified_Cortex"
0.184466019417476,0.53,0.0211111111111111,0.117777777777778,0.84,0.94,-0.213129290511989,0.510352191369992,0.45,1000,100,"shared","42","Hippocampus","stratified_Hippocampus"
0.34375,0.558823529411765,0.0488888888888889,0.126666666666667,0.84,0.9,-0.255226298781811,0.456644206961813,0.47,1000,100,"shared","42","Olfactory","stratified_Olfactory"
0.267241379310345,0.528205128205128,0.0344444444444444,0.114444444444444,0.85,0.92,-0.179833307163726,0.45280686732321,0.4,1000,100,"shared","42","Striatum","stratified_Striatum"
0.235294117647059,0.50261780104712,0.0266666666666667,0.106666666666667,0.78,0.95,-0.244500601542184,0.436031342698894,0.53,1000,100,"shared","43","Cerebellum","stratified_Cerebellum"
0.233009708737864,0.535714285714286,0.0266666666666667,0.116666666666667,0.79,0.91,-0.28105554713991,0.433611695702053,0.46,1000,100,"shared","43","Cortex","stratified_Cortex"
0.301724137931034,0.559808612440191,0.0388888888888889,0.13,0.81,0.92,-0.253283624652122,0.462247845054065,0.47,1000,100,"shared","43","Hippocampus","stratified_Hippocampus"
0.252173913043478,0.491978609625668,0.0322222222222222,0.102222222222222,0.86,0.95,-0.174843259668585,0.438706273191191,0.53,1000,100,"shared","43","Olfactory","stratified_Olfactory"
0.178947368421053,0.464705882352941,0.0188888888888889,0.0877777777777778,0.78,0.91,-0.242147748417948,0.429618288462191,0.52,1000,100,"shared","43","Striatum","stratified_Striatum"
0.397058823529412,0.584821428571429,0.0601336302895323,0.145879732739421,0.82,0.93,-0.246237501592995,0.439249512537115,0.5,998,100,"shared","44","Cerebellum","stratified_Cerebellum"
0.373134328358209,0.600840336134454,0.0557413600891862,0.159420289855072,0.84,0.95,-0.228038902302054,0.39621307546441,0.58,997,100,"shared","44","Cortex","stratified_Cortex"
0.235849056603774,0.53030303030303,0.0278706800445931,0.117056856187291,0.81,0.93,-0.230035386380822,0.423489541381353,0.58,997,100,"shared","44","Hippocampus","stratified_Hippocampus"
0.310924369747899,0.535714285714286,0.0412486064659978,0.117056856187291,0.82,0.91,-0.211059368607048,0.445534927503385,0.6,997,100,"shared","44","Olfactory","stratified_Olfactory"
0.340579710144928,0.568281938325991,0.052396878483835,0.1438127090301,0.91,0.98,-0.146588188455761,0.369774048249768,0.63,997,100,"shared","44","Striatum","stratified_Striatum"
0.302752293577982,0.581730769230769,0.0366666666666667,0.134444444444444,0.76,0.87,-0.245379683642914,0.483334255077888,0.54,1000,100,"shared","45","Cerebellum","stratified_Cerebellum"
0.245614035087719,0.492063492063492,0.0311111111111111,0.103333333333333,0.86,0.96,-0.169910742378294,0.428137487759152,0.55,1000,100,"shared","45","Cortex","stratified_Cortex"
0.233009708737864,0.538461538461538,0.0266963292547275,0.116796440489433,0.79,0.9,-0.252037747616274,0.484627565720172,0.5,999,100,"shared","45","Hippocampus","stratified_Hippocampus"
0.25,0.568181818181818,0.0311457174638487,0.139043381535039,0.84,0.95,-0.239126030232941,0.421250022625358,0.59,999,100,"shared","45","Olfactory","stratified_Olfactory"
0.176470588235294,0.512953367875648,0.02,0.11,0.84,0.94,-0.229785974853081,0.430983665309402,0.56,1000,100,"shared","45","Striatum","stratified_Striatum"
0.381679389312977,0.572769953051643,0.0555555555555556,0.135555555555556,0.81,0.91,-0.20406252985084,0.40770396473695,0.52,1000,100,"shared","46","Cerebellum","stratified_Cerebellum"
0.317829457364341,0.557077625570776,0.0455555555555556,0.135555555555556,0.88,0.97,-0.175882382524893,0.380096847089094,0.56,1000,100,"shared","46","Cortex","stratified_Cortex"
0.381294964028777,0.589285714285714,0.0588888888888889,0.146666666666667,0.86,0.92,-0.197388562596396,0.431218414089777,0.51,1000,100,"shared","46","Hippocampus","stratified_Hippocampus"
0.344,0.579439252336449,0.0477777777777778,0.137777777777778,0.82,0.9,-0.169533162469358,0.430639482104075,0.52,1000,100,"shared","46","Olfactory","stratified_Olfactory"
0.247706422018349,0.549763033175355,0.03,0.128888888888889,0.82,0.95,-0.234617371170037,0.43704361665987,0.5,1000,100,"shared","46","Striatum","stratified_Striatum"
0.214953271028037,0.497326203208556,0.0255839822024472,0.103448275862069,0.84,0.94,-0.263253262795138,0.433258852731602,0.46,999,100,"shared","47","Cerebellum","stratified_Cerebellum"
0.172727272727273,0.548387096774194,0.0211345939933259,0.132369299221357,0.91,0.98,-0.220443077079141,0.404814919760071,0.5,999,100,"shared","47","Cortex","stratified_Cortex"
0.207547169811321,0.469613259668508,0.0244988864142539,0.0946547884187082,0.84,0.96,-0.285869054884452,0.444257822078023,0.46,998,100,"shared","47","Hippocampus","stratified_Hippocampus"
0.247863247863248,0.515151515151515,0.032293986636971,0.11358574610245,0.88,0.96,-0.238030927044769,0.501516546091559,0.42,998,100,"shared","47","Olfactory","stratified_Olfactory"
0.252100840336134,0.52020202020202,0.0334075723830735,0.114699331848552,0.89,0.95,-0.194903320270194,0.429441393562967,0.51,998,100,"shared","47","Striatum","stratified_Striatum"
0.336,0.574162679425837,0.0466666666666667,0.133333333333333,0.83,0.89,-0.299090389570928,0.484245980717986,0.53,1000,100,"shared","48","Cerebellum","stratified_Cerebellum"
0.340909090909091,0.585152838427948,0.05,0.148888888888889,0.87,0.95,-0.22575516603625,0.429175721032441,0.52,1000,100,"shared","48","Cortex","stratified_Cortex"
0.30952380952381,0.568807339449541,0.0433333333333333,0.137777777777778,0.87,0.94,-0.149603170922087,0.458937373996199,0.54,1000,100,"shared","48","Hippocampus","stratified_Hippocampus"
0.301724137931034,0.555555555555556,0.0388888888888889,0.127777777777778,0.81,0.92,-0.258552443343363,0.444474460082149,0.55,1000,100,"shared","48","Olfactory","stratified_Olfactory"
0.338709677419355,0.573394495412844,0.0466666666666667,0.138888888888889,0.82,0.93,-0.26234892811703,0.452054757092609,0.48,1000,100,"shared","48","Striatum","stratified_Striatum"
0.28099173553719,0.543269230769231,0.0377777777777778,0.125555555555556,0.87,0.95,-0.156675333620604,0.500835203566007,0.51,1000,100,"shared","49","Cerebellum","stratified_Cerebellum"
0.383561643835616,0.589519650655022,0.0622914349276974,0.150166852057842,0.9,0.94,-0.136871129733108,0.39967778271806,0.54,999,100,"shared","49","Cortex","stratified_Cortex"
0.256637168141593,0.515,0.032258064516129,0.114571746384872,0.848484848484849,0.97979797979798,-0.139514299594054,0.346573578904976,0.545454545454545,998,99,"shared","49","Hippocampus","stratified_Hippocampus"
0.353846153846154,0.574074074074074,0.0511679644048943,0.137931034482759,0.84,0.92,-0.258888427040738,0.466267359253038,0.51,999,100,"shared","49","Olfactory","stratified_Olfactory"
0.323076923076923,0.541463414634146,0.0467185761957731,0.123470522803115,0.88,0.94,-0.182366300624281,0.444183508266076,0.54,999,100,"shared","49","Striatum","stratified_Striatum"
0.299145299145299,0.522388059701492,0.0388888888888889,0.116666666666667,0.82,0.96,-0.195885619830735,0.390147413988292,0.49,1000,100,"shared","5","Cerebellum","stratified_Cerebellum"
0.276422764227642,0.507537688442211,0.0377777777777778,0.112222222222222,0.89,0.98,-0.14895629544731,0.356437713662412,0.57,1000,100,"shared","5","Cortex","stratified_Cortex"
0.316666666666667,0.549763033175355,0.0422222222222222,0.128888888888889,0.82,0.95,-0.160367658373905,0.396466069883168,0.56,1000,100,"shared","5","Hippocampus","stratified_Hippocampus"
0.288135593220339,0.550239234449761,0.0377777777777778,0.127777777777778,0.84,0.94,-0.176404548762596,0.373447954982425,0.58,1000,100,"shared","5","Olfactory","stratified_Olfactory"
0.330769230769231,0.55607476635514,0.0477777777777778,0.132222222222222,0.87,0.95,-0.15611257576637,0.367644658872012,0.59,1000,100,"shared","5","Striatum","stratified_Striatum"
0.357142857142857,0.545893719806763,0.050055617352614,0.125695216907675,0.81,0.94,-0.192245081897395,0.431037367161045,0.61,999,100,"shared","50","Cerebellum","stratified_Cerebellum"
0.28448275862069,0.525,0.0367074527252503,0.116796440489433,0.83,0.95,-0.241206543861881,0.394750270375651,0.63,999,100,"shared","50","Cortex","stratified_Cortex"
0.27027027027027,0.547619047619048,0.0334075723830735,0.128062360801782,0.81,0.95,-0.210448084949335,0.421966869788221,0.59,998,100,"shared","50","Hippocampus","stratified_Hippocampus"
0.379032258064516,0.562189054726368,0.0523385300668151,0.125835189309577,0.77,0.88,-0.285244215582165,0.493801748649822,0.49,998,100,"shared","50","Olfactory","stratified_Olfactory"
0.289473684210526,0.550724637681159,0.0367483296213808,0.126948775055679,0.81,0.93,-0.202364778563467,0.43600078170403,0.58,998,100,"shared","50","Striatum","stratified_Striatum"
0.307017543859649,0.564356435643564,0.0389321468298109,0.126807563959956,0.79,0.88,-0.276313543145406,0.489537341745303,0.53,999,100,"shared","6","Cerebellum","stratified_Cerebellum"
0.217391304347826,0.547169811320755,0.0277777777777778,0.128888888888889,0.9,0.96,-0.0924615673307266,0.377538405777624,0.56,1000,100,"shared","6","Cortex","stratified_Cortex"
0.280373831775701,0.54950495049505,0.0333704115684093,0.123470522803115,0.77,0.91,-0.235914484729629,0.423965048809268,0.57,999,100,"shared","6","Hippocampus","stratified_Hippocampus"
0.159574468085106,0.477011494252874,0.0166852057842047,0.0923248053392658,0.79,0.91,-0.194674721635014,0.403015404508561,0.58,999,100,"shared","6","Olfactory","stratified_Olfactory"
0.321739130434783,0.563725490196078,0.0411568409343715,0.127919911012236,0.78,0.89,-0.248309625306735,0.474261195466616,0.53,999,100,"shared","6","Striatum","stratified_Striatum"
0.319327731092437,0.543689320388349,0.0422691879866518,0.124582869855395,0.81,0.94,-0.255647365778075,0.434392028237827,0.49,999,100,"shared","7","Cerebellum","stratified_Cerebellum"
0.213675213675214,0.521951219512195,0.0278396436525612,0.119153674832962,0.92,0.98,-0.161900030695557,0.371613935215013,0.5,998,100,"shared","7","Cortex","stratified_Cortex"
0.245614035087719,0.481081081081081,0.0311804008908686,0.099109131403118,0.86,0.96,-0.228314404588628,0.452060214995783,0.53,998,100,"shared","7","Hippocampus","stratified_Hippocampus"
0.195876288659794,0.50531914893617,0.0211345939933259,0.10567296996663,0.78,0.93,-0.222421779956871,0.451506187684773,0.47,999,100,"shared","7","Olfactory","stratified_Olfactory"
0.236363636363636,0.51063829787234,0.0289532293986637,0.106904231625835,0.84,0.92,-0.164936100333488,0.437207431117725,0.51,998,100,"shared","7","Striatum","stratified_Striatum"
0.28695652173913,0.553921568627451,0.0367074527252503,0.125695216907675,0.82,0.91,-0.233306139179264,0.464278332924413,0.48,999,100,"shared","8","Cerebellum","stratified_Cerebellum"
0.263157894736842,0.567441860465116,0.0334075723830735,0.135857461024499,0.84,0.93,-0.282801974893589,0.429549865415465,0.5,998,100,"shared","8","Cortex","stratified_Cortex"
0.219298245614035,0.51980198019802,0.0278396436525612,0.116926503340757,0.89,0.97,-0.176751124664524,0.43375073735566,0.55,998,100,"shared","8","Hippocampus","stratified_Hippocampus"
0.295081967213115,0.548543689320388,0.0400444938820912,0.125695216907675,0.86,0.93,-0.274772952354885,0.48212868282668,0.48,999,100,"shared","8","Olfactory","stratified_Olfactory"
0.144329896907216,0.532663316582915,0.0155902004454343,0.11804008908686,0.83,0.93,-0.244758868531363,0.460527825039946,0.49,998,100,"shared","8","Striatum","stratified_Striatum"
0.178217821782178,0.508021390374332,0.02,0.105555555555556,0.83,0.92,-0.180036343557588,0.4049754028898,0.47,1000,100,"shared","9","Cerebellum","stratified_Cerebellum"
0.137254901960784,0.411042944785276,0.0155555555555556,0.0744444444444444,0.88,0.96,-0.188285193479805,0.394907839813165,0.41,1000,100,"shared","9","Cortex","stratified_Cortex"
0.18348623853211,0.474576271186441,0.0222222222222222,0.0933333333333333,0.89,0.93,-0.161812493522714,0.452295083236661,0.47,1000,100,"shared","9","Hippocampus","stratified_Hippocampus"
0.148514851485149,0.453488372093023,0.0166666666666667,0.0866666666666667,0.86,0.94,-0.162863630158939,0.415127628351346,0.49,1000,100,"shared","9","Olfactory","stratified_Olfactory"
0.0736842105263158,0.422619047619048,0.00777777777777778,0.0788888888888889,0.88,0.97,-0.183919682672423,0.445985319603555,0.51,1000,100,"shared","9","Striatum","stratified_Striatum"
1,0.952380952380952,0.00222222222222222,0.0666666666666667,0,0.03,-1.48108363025136,1.48828782069302,0,1000,100,"region_specific","1","Cerebellum","stratified_Cerebellum"
0.383647798742138,0.596707818930041,0.0677777777777778,0.161111111111111,0.98,0.98,-0.291502175016882,0.4791984477979,0.57,1000,100,"region_specific","1","Cortex","stratified_Cortex"
0.833333333333333,0.952380952380952,0.00555555555555556,0.0666666666666667,0.01,0.03,-1.48364326904721,1.49183633161496,0,1000,100,"region_specific","1","Hippocampus","stratified_Hippocampus"
0.857142857142857,0.885245901639344,0.00666666666666667,0.06,0.01,0.07,-1.4962897515434,1.50546846523307,0,1000,100,"region_specific","1","Olfactory","stratified_Olfactory"
0.666666666666667,0.904761904761905,0.00222222222222222,0.0633333333333333,0.01,0.06,-1.49224048354631,1.5006174983173,0,1000,100,"region_specific","1","Striatum","stratified_Striatum"
0.75,0.944444444444444,0.00333333333333333,0.0755555555555556,0.01,0.04,-1.48435003560445,1.49352029598944,0,1000,100,"region_specific","10","Cerebellum","stratified_Cerebellum"
0.319444444444444,0.553571428571429,0.0511111111111111,0.137777777777778,0.98,1,-0.269614120852853,0.479673261924534,0.52,1000,100,"region_specific","10","Cortex","stratified_Cortex"
1,0.92,0.00444444444444444,0.0766666666666667,0,0.06,-1.48158062180011,1.49140522460073,0,1000,100,"region_specific","10","Hippocampus","stratified_Hippocampus"
0.666666666666667,0.92,0.00444444444444444,0.0766666666666667,0.02,0.06,-1.48361213240638,1.49358148751326,0,1000,100,"region_specific","10","Olfactory","stratified_Olfactory"
0.857142857142857,0.904761904761905,0.00666666666666667,0.0844444444444444,0.01,0.08,-1.47713153792731,1.48734984478587,0,1000,100,"region_specific","10","Striatum","stratified_Striatum"
0.875,0.9,0.00779510022271715,0.0601336302895323,0.01,0.06,-1.48616564164547,1.49581243495779,0,998,100,"region_specific","11","Cerebellum","stratified_Cerebellum"
0.321678321678322,0.5625,0.0511111111111111,0.14,0.97,0.98,-0.283730364780698,0.482451401034785,0.61,1000,100,"region_specific","11","Cortex","stratified_Cortex"
0.5,0.911764705882353,0.00111482720178372,0.0691192865105909,0.01,0.06,-1.48420743621396,1.49353306186972,0,997,100,"region_specific","11","Hippocampus","stratified_Hippocampus"
NA,0.859375,0,0.0612472160356347,0,0.09,-1.50327394233073,1.51342793393071,0,998,100,"region_specific","11","Olfactory","stratified_Olfactory"
1,0.844827586206897,0.0022271714922049,0.05456570155902,0,0.09,-1.50214361140577,1.51223993172746,0,998,100,"region_specific","11","Striatum","stratified_Striatum"
NA,0.896103896103896,0,0.0766666666666667,0,0.08,-1.51684169798854,1.52617555660317,0,1000,100,"region_specific","12","Cerebellum","stratified_Cerebellum"
0.473404255319149,0.637362637362637,0.0988888888888889,0.193333333333333,0.99,0.99,-0.308944607539903,0.484034264897851,0.5,1000,100,"region_specific","12","Cortex","stratified_Cortex"
1,0.888888888888889,0.00555555555555556,0.08,0,0.09,-1.52252395362973,1.53171596040169,0,1000,100,"region_specific","12","Hippocampus","stratified_Hippocampus"
1,0.873417721518987,0.00333333333333333,0.0766666666666667,0,0.1,-1.51162864118751,1.52079328255891,0,1000,100,"region_specific","12","Olfactory","stratified_Olfactory"
NA,0.891891891891892,0,0.0733333333333333,0,0.08,-1.51331881827277,1.52224017608086,0,1000,100,"region_specific","12","Striatum","stratified_Striatum"
1,0.931034482758621,0.00222965440356745,0.0602006688963211,0,0.04,-1.50579525326078,1.51364861022146,0,997,100,"region_specific","13","Cerebellum","stratified_Cerebellum"
0.455555555555556,0.628787878787879,0.0912124582869855,0.184649610678532,0.98,0.98,-0.330097932917427,0.516368416087164,0.52,999,100,"region_specific","13","Cortex","stratified_Cortex"
1,0.90625,0.00557413600891862,0.064659977703456,0,0.06,-1.50086411490968,1.50862182736532,0,997,100,"region_specific","13","Hippocampus","stratified_Hippocampus"
1,0.884615384615385,0.00557413600891862,0.0769230769230769,0,0.09,-1.50209208228732,1.50974584232311,0,997,100,"region_specific","13","Olfactory","stratified_Olfactory"
1,0.909090909090909,0.00445930880713489,0.0780379041248606,0,0.07,-1.49286161871767,1.50042269415025,0,997,100,"region_specific","13","Striatum","stratified_Striatum"
0.777777777777778,0.894117647058824,0.00777777777777778,0.0844444444444444,0.02,0.09,-1.46762417674518,1.47887915547708,0,1000,100,"region_specific","14","Cerebellum","stratified_Cerebellum"
0.363636363636364,0.583333333333333,0.0622914349276974,0.155728587319244,0.98,1,-0.241356695887874,0.458848726015029,0.61,999,100,"region_specific","14","Cortex","stratified_Cortex"
1,0.893333333333333,0.00111234705228031,0.0745272525027809,0,0.08,-1.4857415696735,1.49790455349681,0,999,100,"region_specific","14","Hippocampus","stratified_Hippocampus"
0.5,0.864197530864197,0.00111358574610245,0.0779510022271715,0.01,0.11,-1.47105686511665,1.48242472702876,0,998,100,"region_specific","14","Olfactory","stratified_Olfactory"
1,0.893617021276596,0.0022271714922049,0.0935412026726058,0,0.1,-1.48046712720613,1.49173685161584,0,998,100,"region_specific","14","Striatum","stratified_Striatum"
1,0.840579710144927,0.00333333333333333,0.0644444444444444,0,0.11,-1.52021391559127,1.53105287868737,0,1000,100,"region_specific","15","Cerebellum","stratified_Cerebellum"
0.442528735632184,0.637037037037037,0.0855555555555556,0.191111111111111,0.97,0.98,-0.299517974231951,0.499326732796252,0.54,1000,100,"region_specific","15","Cortex","stratified_Cortex"
0,0.876712328767123,0,0.0711111111111111,0.01,0.09,-1.50846807779275,1.51860371872333,0,1000,100,"region_specific","15","Hippocampus","stratified_Hippocampus"
1,0.861111111111111,0.00222222222222222,0.0688888888888889,0,0.1,-1.50615949432633,1.51668345879626,0,1000,100,"region_specific","15","Olfactory","stratified_Olfactory"
1,0.878378378378378,0.00111111111111111,0.0722222222222222,0,0.09,-1.50753877017899,1.51867815782425,0,1000,100,"region_specific","15","Striatum","stratified_Striatum"
0.34,0.622137404580153,0.0566666666666667,0.181111111111111,0.99,0.99,-0.256067870729533,0.429741704299257,0.56,1000,100,"region_specific","16","Cortex","stratified_Cortex"
1,0.892857142857143,0.0022271714922049,0.0835189309576837,0,0.09,-1.48909685986644,1.49831773656044,0,998,100,"region_specific","16","Hippocampus","stratified_Hippocampus"
NA,0.853333333333333,0,0.0712694877505568,0,0.11,-1.4961086924928,1.5048203919233,0,998,100,"region_specific","16","Olfactory","stratified_Olfactory"
1,0.872093023255814,0.00222469410456062,0.0834260289210234,0,0.11,-1.49191163845789,1.50117720278442,0,999,100,"region_specific","16","Striatum","stratified_Striatum"
1,0.971830985915493,0.00777777777777778,0.0766666666666667,0,0.02,-1.51071706707313,1.51692199095603,0,1000,100,"region_specific","17","Cerebellum","stratified_Cerebellum"
0.340425531914894,0.605042016806723,0.0533333333333333,0.16,0.93,0.94,-0.347629260113434,0.566188368930564,0.47,1000,100,"region_specific","17","Cortex","stratified_Cortex"
1,0.971014492753623,0.00111111111111111,0.0744444444444444,0,0.02,-1.49877874704739,1.50500702636453,0,1000,100,"region_specific","17","Hippocampus","stratified_Hippocampus"
1,0.944444444444444,0.00333333333333333,0.0755555555555556,0,0.04,-1.50434793086033,1.51033533557602,0,1000,100,"region_specific","17","Olfactory","stratified_Olfactory"
1,0.971014492753623,0.00555555555555556,0.0744444444444444,0,0.02,-1.49808151701561,1.50429913567429,0,1000,100,"region_specific","17","Striatum","stratified_Striatum"
1,0.860759493670886,0.0022271714922049,0.0757238307349666,0,0.11,-1.5395951725333,1.54863684407342,0,998,100,"region_specific","18","Cerebellum","stratified_Cerebellum"
0.481481481481481,0.654929577464789,0.101336302895323,0.207126948775056,0.98,0.98,-0.325095219802342,0.471868596427746,0.44,998,100,"region_specific","18","Cortex","stratified_Cortex"
1,0.897727272727273,0.00557413600891862,0.0880713489409142,0,0.09,-1.52824190239655,1.53801835579344,0,997,100,"region_specific","18","Hippocampus","stratified_Hippocampus"
0.666666666666667,0.831168831168831,0.0022271714922049,0.0712694877505568,0.01,0.13,-1.53372523508348,1.54362611128743,0,998,100,"region_specific","18","Olfactory","stratified_Olfactory"
NA,0.892857142857143,0,0.0835189309576837,0,0.09,-1.53657409499618,1.54685062892276,0,998,100,"region_specific","18","Striatum","stratified_Striatum"
0.8,0.9125,0.00444938820912125,0.0812013348164627,0.0101010101010101,0.0707070707070707,-1.48606572744819,1.49418425686198,0,998,99,"region_specific","19","Cerebellum","stratified_Cerebellum"
0.367741935483871,0.611764705882353,0.0633333333333333,0.173333333333333,0.98,0.99,-0.307495803970267,0.505113327225793,0.52,1000,100,"region_specific","19","Cortex","stratified_Cortex"
1,0.945945945945946,0.00222469410456062,0.0778642936596218,0,0.04,-1.49683736058451,1.50439099532322,0,999,100,"region_specific","19","Hippocampus","stratified_Hippocampus"
0.75,0.866666666666667,0.00333704115684093,0.0723025583982203,0.01,0.1,-1.49425717039124,1.50262259023395,0,999,100,"region_specific","19","Olfactory","stratified_Olfactory"
0.75,0.91044776119403,0.00333333333333333,0.0677777777777778,0.0101010101010101,0.0606060606060606,-1.4893655664518,1.49675172567403,0,999,99,"region_specific","19","Striatum","stratified_Striatum"
1,0.912087912087912,0.00222222222222222,0.0922222222222222,0,0.08,-1.52457842982368,1.53470717263205,0,1000,100,"region_specific","2","Cerebellum","stratified_Cerebellum"
0.384615384615385,0.608695652173913,0.0666666666666667,0.171111111111111,0.96,0.99,-0.368226094490626,0.554248610777155,0.52,1000,100,"region_specific","2","Cortex","stratified_Cortex"
1,0.91566265060241,0.00444444444444444,0.0844444444444444,0,0.07,-1.53388376773624,1.5434543797147,0,1000,100,"region_specific","2","Hippocampus","stratified_Hippocampus"
0,0.905263157894737,0,0.0955555555555556,0.01,0.09,-1.52709915221225,1.53657375107018,0,1000,100,"region_specific","2","Olfactory","stratified_Olfactory"
1,0.909090909090909,0.00333704115684093,0.100111234705228,0,0.09,-1.53159559298399,1.54104783267783,0,999,100,"region_specific","2","Striatum","stratified_Striatum"
1,0.941860465116279,0.00111111111111111,0.09,0,0.05,-1.4740621054073,1.48307056871091,0,1000,100,"region_specific","20","Cerebellum","stratified_Cerebellum"
0.415094339622642,0.633204633204633,0.0733333333333333,0.182222222222222,0.93,0.95,-0.351895293451726,0.599785118663274,0.52,1000,100,"region_specific","20","Cortex","stratified_Cortex"
1,0.935064935064935,0.00222222222222222,0.08,0,0.05,-1.47259587184002,1.48102759845528,0,1000,100,"region_specific","20","Hippocampus","stratified_Hippocampus"
1,0.918604651162791,0.00888888888888889,0.0877777777777778,0,0.07,-1.48048532245183,1.48900177101948,0,1000,100,"region_specific","20","Olfactory","stratified_Olfactory"
1,0.928571428571429,0.00222222222222222,0.0866666666666667,0,0.06,-1.47186623142456,1.48069306173074,0,1000,100,"region_specific","20","Striatum","stratified_Striatum"
NA,0.828947368421053,0,0.07,0,0.13,-1.49990061767179,1.51205535501929,0,1000,100,"region_specific","21","Cerebellum","stratified_Cerebellum"
0.473118279569892,0.631970260223048,0.0977777777777778,0.188888888888889,0.98,0.99,-0.289486123195191,0.479124233337104,0.46,1000,100,"region_specific","21","Cortex","stratified_Cortex"
0.5,0.8375,0.00111111111111111,0.0744444444444444,0.01,0.13,-1.49330894940525,1.50564185644787,0,1000,100,"region_specific","21","Hippocampus","stratified_Hippocampus"
NA,0.831325301204819,0,0.0766666666666667,0,0.14,-1.50418294685206,1.51578047796732,0,1000,100,"region_specific","21","Olfactory","stratified_Olfactory"
0.75,0.833333333333333,0.00333333333333333,0.0777777777777778,0.01,0.14,-1.50671699578254,1.51783395032051,0,1000,100,"region_specific","21","Striatum","stratified_Striatum"
1,0.916666666666667,0.00222222222222222,0.0733333333333333,0,0.06,-1.4859593365685,1.49567509922433,0,1000,100,"region_specific","22","Cerebellum","stratified_Cerebellum"
0.409937888198758,0.629343629343629,0.0733333333333333,0.181111111111111,0.95,0.96,-0.324413085227618,0.525160154118405,0.55,1000,100,"region_specific","22","Cortex","stratified_Cortex"
1,0.939024390243902,0.00111111111111111,0.0855555555555556,0,0.05,-1.49593966479987,1.50580122487193,0,1000,100,"region_specific","22","Hippocampus","stratified_Hippocampus"
1,0.945205479452055,0.00111111111111111,0.0766666666666667,0,0.04,-1.49513012954374,1.50491500792324,0,1000,100,"region_specific","22","Olfactory","stratified_Olfactory"
1,0.928571428571429,0.00222222222222222,0.0722222222222222,0,0.05,-1.49461441729101,1.50379774954644,0,1000,100,"region_specific","22","Striatum","stratified_Striatum"
0.625,0.869565217391304,0.00556173526140156,0.0667408231368187,0.03,0.09,-1.51670284688122,1.52526957623888,0,999,100,"region_specific","23","Cerebellum","stratified_Cerebellum"
0.108108108108108,0.487179487179487,0.0133333333333333,0.105555555555556,0.99,1,-0.317320190923083,0.495082496458172,0.43,1000,100,"region_specific","23","Cortex","stratified_Cortex"
0.714285714285714,0.887323943661972,0.00556792873051225,0.0701559020044543,0.02,0.08,-1.51447050900986,1.52291847220317,0,998,100,"region_specific","23","Hippocampus","stratified_Hippocampus"
0.666666666666667,0.841269841269841,0.0022271714922049,0.0590200445434298,0.01,0.1,-1.5247813920124,1.53361687004451,0,998,100,"region_specific","23","Olfactory","stratified_Olfactory"
0.666666666666667,0.831168831168831,0.0044543429844098,0.0712694877505568,0.02,0.13,-1.52779097601358,1.53584282852374,0,998,100,"region_specific","23","Striatum","stratified_Striatum"
0,0.89041095890411,0,0.0722222222222222,0.01,0.08,-1.49324601673197,1.50259179233934,0,1000,100,"region_specific","24","Cerebellum","stratified_Cerebellum"
0.26865671641791,0.556561085972851,0.0400890868596882,0.136971046770601,0.98,0.98,-0.338265556283513,0.546784435245669,0.48,998,100,"region_specific","24","Cortex","stratified_Cortex"
NA,0.904761904761905,0,0.0634037819799778,0,0.06,-1.4943099219166,1.50304572472966,0,999,100,"region_specific","24","Hippocampus","stratified_Hippocampus"
0,0.90625,0,0.0644444444444444,0.02,0.06,-1.485571737972,1.49457231156174,0,1000,100,"region_specific","24","Olfactory","stratified_Olfactory"
0.666666666666667,0.916666666666667,0.00222469410456062,0.0734149054505006,0.01,0.06,-1.48639375188404,1.49546285638653,0,999,100,"region_specific","24","Striatum","stratified_Striatum"
1,0.91304347826087,0.00555555555555556,0.07,0,0.06,-1.52097040805833,1.52969919577203,0,1000,100,"region_specific","25","Cerebellum","stratified_Cerebellum"
0.423529411764706,0.623574144486692,0.08,0.182222222222222,0.98,0.99,-0.328640119008292,0.483069024323409,0.47,1000,100,"region_specific","25","Cortex","stratified_Cortex"
NA,0.902777777777778,0,0.0723025583982203,0,0.07,-1.53047904857821,1.53956748030036,0,999,100,"region_specific","25","Hippocampus","stratified_Hippocampus"
1,0.890625,0.00222222222222222,0.0633333333333333,0,0.07,-1.52253333730922,1.53149440675536,0,1000,100,"region_specific","25","Olfactory","stratified_Olfactory"
NA,0.92,0,0.0766666666666667,0,0.06,-1.52719650255497,1.5356118575596,0,1000,100,"region_specific","25","Striatum","stratified_Striatum"
1,0.923076923076923,0.00222222222222222,0.0666666666666667,0,0.05,-1.50451693470804,1.51239966560733,0,1000,100,"region_specific","26","Cerebellum","stratified_Cerebellum"
0.408536585365854,0.581196581196581,0.0744444444444444,0.151111111111111,0.97,0.98,-0.277845309479111,0.426546635439671,0.57,1000,100,"region_specific","26","Cortex","stratified_Cortex"
1,0.972602739726027,0.00111111111111111,0.0788888888888889,0,0.02,-1.50832137668679,1.51602335360373,0,1000,100,"region_specific","26","Hippocampus","stratified_Hippocampus"
1,0.929577464788732,0.00777777777777778,0.0733333333333333,0,0.05,-1.50950881298394,1.51813177287361,0,1000,100,"region_specific","26","Olfactory","stratified_Olfactory"
1,0.935483870967742,0.00333333333333333,0.0644444444444444,0,0.04,-1.51422127329105,1.52233260887857,0,1000,100,"region_specific","26","Striatum","stratified_Striatum"
1,0.907894736842105,0.00556173526140156,0.0767519466073415,0,0.07,-1.46702624863645,1.47478807804328,0,999,100,"region_specific","27","Cerebellum","stratified_Cerebellum"
0.377358490566038,0.602409638554217,0.0667408231368187,0.166852057842047,0.99,0.99,-0.265305854870564,0.481852930987708,0.6,999,100,"region_specific","27","Cortex","stratified_Cortex"
1,0.917808219178082,0.00222469410456062,0.0745272525027809,0,0.06,-1.47260695703073,1.479610676163,0,999,100,"region_specific","27","Hippocampus","stratified_Hippocampus"
1,0.909090909090909,0.00222222222222222,0.0666666666666667,0,0.06,-1.475318514065,1.482493358833,0,1000,100,"region_specific","27","Olfactory","stratified_Olfactory"
0.8,0.893333333333333,0.0044543429844098,0.0746102449888641,0.01,0.08,-1.46494724003081,1.47280714522674,0,998,100,"region_specific","27","Striatum","stratified_Striatum"
0.818181818181818,0.936708860759494,0.01,0.0822222222222222,0.02,0.05,-1.51466505682308,1.52374403538294,0,1000,100,"region_specific","28","Cerebellum","stratified_Cerebellum"
0.408284023668639,0.595141700404858,0.0766666666666667,0.163333333333333,1,1,-0.318909827555006,0.501006161779048,0.53,1000,100,"region_specific","28","Cortex","stratified_Cortex"
0.888888888888889,0.878048780487805,0.00888888888888889,0.08,0.01,0.1,-1.52009889268639,1.52837468412902,0,1000,100,"region_specific","28","Hippocampus","stratified_Hippocampus"
1,0.909090909090909,0.00444444444444444,0.0777777777777778,0,0.07,-1.52718670756169,1.53586958858073,0,1000,100,"region_specific","28","Olfactory","stratified_Olfactory"
1,0.894736842105263,0.0111111111111111,0.0755555555555556,0,0.08,-1.51978372458052,1.52853565993872,0,1000,100,"region_specific","28","Striatum","stratified_Striatum"
1,0.883495145631068,0.00668896321070234,0.101449275362319,0,0.12,-1.45385360034321,1.46347196000818,0,997,100,"region_specific","29","Cerebellum","stratified_Cerebellum"
0.4375,0.632352941176471,0.085650723025584,0.191323692992214,0.99,1,-0.200591093171396,0.395928912479008,0.64,999,100,"region_specific","29","Cortex","stratified_Cortex"
1,0.848484848484849,0.00111358574610245,0.0935412026726058,0,0.15,-1.46380093796868,1.47405737702401,0,998,100,"region_specific","29","Hippocampus","stratified_Hippocampus"
1,0.868131868131868,0.00111482720178372,0.0880713489409142,0,0.12,-1.46198107866713,1.47249885784143,0,997,100,"region_specific","29","Olfactory","stratified_Olfactory"
NA,0.872093023255814,0,0.0836120401337793,0,0.11,-1.45939830527683,1.46988251830738,0,997,100,"region_specific","29","Striatum","stratified_Striatum"
0.888888888888889,0.928571428571429,0.00889877641824249,0.0723025583982203,0.01,0.05,-1.49731609557795,1.50595528769343,0,999,100,"region_specific","3","Cerebellum","stratified_Cerebellum"
0.255639097744361,0.473684210526316,0.0377777777777778,0.1,0.99,1,-0.253653724270743,0.496772970690638,0.57,1000,100,"region_specific","3","Cortex","stratified_Cortex"
0.8,0.929411764705882,0.0133481646273637,0.0878754171301446,0.03,0.06,-1.49722291181481,1.50678966994106,0,999,100,"region_specific","3","Hippocampus","stratified_Hippocampus"
1,0.934210526315789,0.00666666666666667,0.0788888888888889,0,0.05,-1.49179964164153,1.50051921320951,0,1000,100,"region_specific","3","Olfactory","stratified_Olfactory"
0.9,0.945054945054945,0.01,0.0955555555555556,0.01,0.05,-1.49641616729384,1.50612795199989,0,1000,100,"region_specific","3","Striatum","stratified_Striatum"
0.5,0.897435897435897,0.00111234705228031,0.0778642936596218,0.01,0.08,-1.51253538332883,1.52290722983454,0,999,100,"region_specific","30","Cerebellum","stratified_Cerebellum"
0.456043956043956,0.635036496350365,0.0922222222222222,0.193333333333333,0.99,1,-0.315845624970043,0.490171387171725,0.5,1000,100,"region_specific","30","Cortex","stratified_Cortex"
1,0.878048780487805,0.010022271714922,0.0801781737193764,0,0.1,-1.52071524821127,1.5298094021971,0,998,100,"region_specific","30","Hippocampus","stratified_Hippocampus"
1,0.878378378378378,0.00111234705228031,0.0723025583982203,0,0.09,-1.51858882243325,1.52831552390104,0,999,100,"region_specific","30","Olfactory","stratified_Olfactory"
1,0.876712328767123,0.0066815144766147,0.0712694877505568,0,0.09,-1.52189715726898,1.53177839100193,0,998,100,"region_specific","30","Striatum","stratified_Striatum"
1,0.928571428571429,0.00333333333333333,0.0722222222222222,0,0.05,-1.49023340641327,1.49688610174274,0,1000,100,"region_specific","31","Cerebellum","stratified_Cerebellum"
0.357142857142857,0.600806451612903,0.0611111111111111,0.165555555555556,0.99,0.99,-0.295626417814629,0.471803426522813,0.59,1000,100,"region_specific","31","Cortex","stratified_Cortex"
1,0.939024390243902,0.00444444444444444,0.0855555555555556,0,0.05,-1.48622740022293,1.49295515319079,0,1000,100,"region_specific","31","Hippocampus","stratified_Hippocampus"
1,0.890243902439024,0.00333333333333333,0.0811111111111111,0,0.09,-1.47916481777886,1.48596149516145,0,1000,100,"region_specific","31","Olfactory","stratified_Olfactory"
1,0.941176470588235,0.00333333333333333,0.0711111111111111,0,0.04,-1.4823228284727,1.48864650206435,0,1000,100,"region_specific","31","Striatum","stratified_Striatum"
0.8,0.858974358974359,0.00444444444444444,0.0744444444444444,0.01,0.11,-1.49296849580503,1.50310149248836,0,1000,100,"region_specific","32","Cerebellum","stratified_Cerebellum"
0.351351351351351,0.586206896551724,0.0577777777777778,0.151111111111111,0.96,0.96,-0.325208308809125,0.516572808555057,0.53,1000,100,"region_specific","32","Cortex","stratified_Cortex"
0.714285714285714,0.848101265822785,0.00555555555555556,0.0744444444444444,0.02,0.12,-1.49373755910319,1.50321212819979,0,1000,100,"region_specific","32","Hippocampus","stratified_Hippocampus"
NA,0.837837837837838,0,0.0688888888888889,0,0.12,-1.50000873907399,1.50942537816044,0,1000,100,"region_specific","32","Olfactory","stratified_Olfactory"
1,0.875,0.00333333333333333,0.0777777777777778,0,0.1,-1.49606189463499,1.50591735910126,0,1000,100,"region_specific","32","Striatum","stratified_Striatum"
1,0.882352941176471,0.00333333333333333,0.0833333333333333,0,0.101010101010101,-1.48476763887129,1.4933688460822,0,999,99,"region_specific","33","Cerebellum","stratified_Cerebellum"
0.19672131147541,0.507389162561576,0.0266666666666667,0.114444444444444,0.98,1,-0.309508671324885,0.507057227428091,0.52,1000,100,"region_specific","33","Cortex","stratified_Cortex"
1,0.896551724137931,0.00222222222222222,0.0866666666666667,0,0.09,-1.47854499733289,1.48688300184432,0,1000,100,"region_specific","33","Hippocampus","stratified_Hippocampus"
1,0.931506849315068,0.00111111111111111,0.0755555555555556,0,0.05,-1.49152376012379,1.50028834654797,0,1000,100,"region_specific","33","Olfactory","stratified_Olfactory"
1,0.862068965517241,0.00333333333333333,0.0833333333333333,0,0.12,-1.48343184202102,1.49246992554643,0,1000,100,"region_specific","33","Striatum","stratified_Striatum"
1,0.902777777777778,0.0100111234705228,0.0723025583982203,0,0.07,-1.49065368145603,1.49995818175836,0,999,100,"region_specific","34","Cerebellum","stratified_Cerebellum"
0.441860465116279,0.643636363636364,0.0845383759733037,0.196885428253615,0.96,0.98,-0.34811178468891,0.522413570542272,0.43,999,100,"region_specific","34","Cortex","stratified_Cortex"
1,0.896551724137931,0.00111234705228031,0.0867630700778643,0,0.09,-1.50837258333451,1.51803437400914,0,999,100,"region_specific","34","Hippocampus","stratified_Hippocampus"
1,0.92,0.00222469410456062,0.0767519466073415,0,0.06,-1.49610613017927,1.50597139467646,0,999,100,"region_specific","34","Olfactory","stratified_Olfactory"
1,0.896103896103896,0.00444938820912125,0.0767519466073415,0,0.08,-1.49782159754215,1.50773676693589,0,999,100,"region_specific","34","Striatum","stratified_Striatum"
1,0.911392405063291,0.00333333333333333,0.08,0,0.07,-1.4908912983896,1.49834988754575,0,1000,100,"region_specific","35","Cerebellum","stratified_Cerebellum"
0.425287356321839,0.625468164794007,0.0822222222222222,0.185555555555556,1,1,-0.273021391174716,0.446812973309837,0.53,1000,100,"region_specific","35","Cortex","stratified_Cortex"
1,0.890243902439024,0.00111111111111111,0.0811111111111111,0,0.0909090909090909,-1.48965055854874,1.49748575613663,0,999,99,"region_specific","35","Hippocampus","stratified_Hippocampus"
NA,0.89873417721519,0,0.0788888888888889,0,0.08,-1.49332519653755,1.50053413026733,0,1000,100,"region_specific","35","Olfactory","stratified_Olfactory"
NA,0.89873417721519,0,0.0788888888888889,0,0.0808080808080808,-1.48751957111751,1.49425110601898,0,999,99,"region_specific","35","Striatum","stratified_Striatum"
0.5,0.89041095890411,0.00111234705228031,0.0723025583982203,0.01,0.08,-1.48555011466983,1.49788663761522,0,999,100,"region_specific","36","Cerebellum","stratified_Cerebellum"
0.448863636363636,0.630597014925373,0.0878754171301446,0.187986651835373,0.97,0.99,-0.266380258237514,0.430701076734081,0.58,999,100,"region_specific","36","Cortex","stratified_Cortex"
0.666666666666667,0.892307692307692,0.00222469410456062,0.0645161290322581,0.01,0.07,-1.49228161182032,1.50306394584956,0,999,100,"region_specific","36","Hippocampus","stratified_Hippocampus"
1,0.880597014925373,0.00444938820912125,0.0656284760845384,0,0.08,-1.49141655313512,1.50311106049753,0,999,100,"region_specific","36","Olfactory","stratified_Olfactory"
1,0.880597014925373,0.0044543429844098,0.0657015590200445,0,0.08,-1.48920877707359,1.5009605850208,0,998,100,"region_specific","36","Striatum","stratified_Striatum"
1,0.814285714285714,0.00111111111111111,0.0633333333333333,0,0.13,-1.5006183403809,1.50906016789679,0,1000,100,"region_specific","37","Cerebellum","stratified_Cerebellum"
0.423529411764706,0.611111111111111,0.08,0.171111111111111,0.98,0.98,-0.312707242750713,0.503048946655331,0.49,1000,100,"region_specific","37","Cortex","stratified_Cortex"
NA,0.808219178082192,0,0.0655555555555556,0,0.14,-1.49607297482904,1.50512026114877,0,1000,100,"region_specific","37","Hippocampus","stratified_Hippocampus"
1,0.847222222222222,0.00444444444444444,0.0677777777777778,0,0.11,-1.49464245680464,1.50411803206228,0,1000,100,"region_specific","37","Olfactory","stratified_Olfactory"
1,0.837837837837838,0.00777777777777778,0.0688888888888889,0,0.12,-1.48999213250483,1.49903974575324,0,1000,100,"region_specific","37","Striatum","stratified_Striatum"
0.875,0.927710843373494,0.0078125,0.0859375,0.01,0.06,-1.50540768324952,1.51412478899161,0,996,100,"region_specific","38","Cerebellum","stratified_Cerebellum"
0.4375,0.635658914728682,0.0780379041248606,0.182831661092531,0.9,0.94,-0.391779956263255,0.630161263457672,0.5,997,100,"region_specific","38","Cortex","stratified_Cortex"
1,0.870967741935484,0.00223214285714286,0.0904017857142857,0,0.12,-1.5068810575598,1.51515584071847,0,996,100,"region_specific","38","Hippocampus","stratified_Hippocampus"
1,0.896551724137931,0.0078125,0.0870535714285714,0,0.09,-1.50415258547201,1.51263303806756,0,996,100,"region_specific","38","Olfactory","stratified_Olfactory"
0.8,0.942528735632184,0.0044543429844098,0.0913140311804009,0.01,0.05,-1.50644610225803,1.51532052100432,0,998,100,"region_specific","38","Striatum","stratified_Striatum"
1,0.896551724137931,0.00111234705228031,0.0578420467185762,0,0.06,-1.5034253923904,1.51257542556104,0,999,100,"region_specific","39","Cerebellum","stratified_Cerebellum"
0.344827586206897,0.596707818930041,0.0555555555555556,0.161111111111111,0.95,0.98,-0.33616580679102,0.534337028970042,0.49,1000,100,"region_specific","39","Cortex","stratified_Cortex"
NA,0.91304347826087,0,0.0467185761957731,0,0.04,-1.5003285068456,1.50915213482855,0,999,100,"region_specific","39","Hippocampus","stratified_Hippocampus"
NA,0.92,0,0.0511679644048943,0,0.04,-1.50368951806656,1.51173201666126,0,999,100,"region_specific","39","Olfactory","stratified_Olfactory"
1,0.901960784313726,0.00111111111111111,0.0511111111111111,0,0.0505050505050505,-1.50590605271914,1.51436116930893,0,999,99,"region_specific","39","Striatum","stratified_Striatum"
0,0.866666666666667,0,0.0433815350389321,0.01,0.06,-1.50807518603668,1.5169300568961,0,999,100,"region_specific","4","Cerebellum","stratified_Cerebellum"
0.335664335664336,0.598326359832636,0.0533333333333333,0.158888888888889,0.95,0.96,-0.298342330444393,0.481437815878003,0.55,1000,100,"region_specific","4","Cortex","stratified_Cortex"
0.666666666666667,0.814814814814815,0.00444444444444444,0.0488888888888889,0.02,0.1,-1.50815252596405,1.51772194627867,0,1000,100,"region_specific","4","Hippocampus","stratified_Hippocampus"
0.666666666666667,0.82,0.00222222222222222,0.0455555555555556,0.01,0.09,-1.50632861293257,1.51611818031335,0,1000,100,"region_specific","4","Olfactory","stratified_Olfactory"
0.5,0.816666666666667,0.00111111111111111,0.0544444444444444,0.01,0.11,-1.51015593225207,1.51946102499357,0,1000,100,"region_specific","4","Striatum","stratified_Striatum"
0,0.864864864864865,0,0.0711111111111111,0.0204081632653061,0.102040816326531,-1.48306282050071,1.494451866535,0,998,98,"region_specific","40","Cerebellum","stratified_Cerebellum"
0.335616438356164,0.617760617760618,0.0544444444444444,0.177777777777778,0.97,0.99,-0.309712885274487,0.54673362688032,0.52,1000,100,"region_specific","40","Cortex","stratified_Cortex"
0.5,0.880597014925373,0.00222222222222222,0.0655555555555556,0.0202020202020202,0.0808080808080808,-1.49238811862182,1.50311426420217,0,999,99,"region_specific","40","Hippocampus","stratified_Hippocampus"
0,0.865671641791045,0,0.0644444444444444,0.0102040816326531,0.0918367346938776,-1.48648967638893,1.49703776885209,0,998,98,"region_specific","40","Olfactory","stratified_Olfactory"
1,0.896103896103896,0.00888888888888889,0.0766666666666667,0,0.0808080808080808,-1.4911538699366,1.50176034076448,0,999,99,"region_specific","40","Striatum","stratified_Striatum"
0.5,0.777777777777778,0.00111358574610245,0.0623608017817372,0.01,0.16,-1.48171700813085,1.49136890480649,0,998,100,"region_specific","41","Cerebellum","stratified_Cerebellum"
0.481481481481481,0.638686131386861,0.101111111111111,0.194444444444444,0.98,0.99,-0.285755603370603,0.478659107641341,0.51,1000,100,"region_specific","41","Cortex","stratified_Cortex"
NA,0.849315068493151,0,0.0688888888888889,0,0.11,-1.47918177268484,1.48901643631274,0,1000,100,"region_specific","41","Hippocampus","stratified_Hippocampus"
1,0.84,0.00888888888888889,0.07,0,0.12,-1.48187348078188,1.49177105455862,0,1000,100,"region_specific","41","Olfactory","stratified_Olfactory"
NA,0.838235294117647,0,0.0634037819799778,0,0.11,-1.47967183816465,1.48944877915414,0,999,100,"region_specific","41","Striatum","stratified_Striatum"
1,0.840579710144927,0.00333333333333333,0.0644444444444444,0,0.11,-1.48600199033403,1.49640912602937,0,1000,100,"region_specific","42","Cerebellum","stratified_Cerebellum"
0.403726708074534,0.618110236220472,0.0722222222222222,0.174444444444444,0.96,0.97,-0.290226896640144,0.510116072046651,0.45,1000,100,"region_specific","42","Cortex","stratified_Cortex"
1,0.875,0.00222222222222222,0.0777777777777778,0,0.1,-1.48347225268812,1.49395766110559,0,1000,100,"region_specific","42","Hippocampus","stratified_Hippocampus"
0.8,0.866666666666667,0.00444444444444444,0.0722222222222222,0.01,0.1,-1.47957468129986,1.49042869869667,0,1000,100,"region_specific","42","Olfactory","stratified_Olfactory"
0.666666666666667,0.849315068493151,0.00222222222222222,0.0688888888888889,0.01,0.11,-1.4855540188452,1.49627713468162,0,1000,100,"region_specific","42","Striatum","stratified_Striatum"
NA,0.836734693877551,0,0.0455555555555556,0,0.08,-1.50346131746733,1.51132262065533,0,1000,100,"region_specific","43","Cerebellum","stratified_Cerebellum"
0.291970802919708,0.571428571428571,0.0444444444444444,0.146666666666667,0.97,0.99,-0.342453692912843,0.531459192197196,0.52,1000,100,"region_specific","43","Cortex","stratified_Cortex"
1,0.865671641791045,0.00222222222222222,0.0644444444444444,0,0.0909090909090909,-1.518463394305,1.52630120574417,0,999,99,"region_specific","43","Hippocampus","stratified_Hippocampus"
0.666666666666667,0.859375,0.00444444444444444,0.0611111111111111,0.02,0.09,-1.49630238149903,1.504306320746,0,1000,100,"region_specific","43","Olfactory","stratified_Olfactory"
1,0.866666666666667,0.00222222222222222,0.0577777777777778,0,0.08,-1.49946676670935,1.50675201493735,0,1000,100,"region_specific","43","Striatum","stratified_Striatum"
1,0.917647058823529,0.00334075723830735,0.0868596881959911,0,0.07,-1.49950978420092,1.50846563150672,0,998,100,"region_specific","44","Cerebellum","stratified_Cerebellum"
0.41566265060241,0.625,0.0769230769230769,0.183946488294314,0.97,0.99,-0.302091953759116,0.48010793226946,0.54,997,100,"region_specific","44","Cortex","stratified_Cortex"
1,0.91358024691358,0.00445930880713489,0.0824972129319955,0,0.07,-1.50618724198494,1.51541674927493,0,997,100,"region_specific","44","Hippocampus","stratified_Hippocampus"
1,0.904109589041096,0.00111482720178372,0.0735785953177258,0,0.07,-1.49865453020812,1.50821152279551,0,997,100,"region_specific","44","Olfactory","stratified_Olfactory"
1,0.918604651162791,0.00111482720178372,0.0880713489409142,0,0.07,-1.50149904302927,1.51130977550478,0,997,100,"region_specific","44","Striatum","stratified_Striatum"
1,0.952380952380952,0.00555555555555556,0.0888888888888889,0,0.04,-1.47787352309379,1.48408853651474,0,1000,100,"region_specific","45","Cerebellum","stratified_Cerebellum"
0.344594594594595,0.62109375,0.0566666666666667,0.176666666666667,0.97,0.97,-0.322904976978692,0.529150191235562,0.57,1000,100,"region_specific","45","Cortex","stratified_Cortex"
1,0.954022988505747,0.00778642936596218,0.0923248053392658,0,0.04,-1.48799782981875,1.49420933242633,0,999,100,"region_specific","45","Hippocampus","stratified_Hippocampus"
1,0.935897435897436,0.00333704115684093,0.0812013348164627,0,0.05,-1.47925874706476,1.48573775037146,0,999,100,"region_specific","45","Olfactory","stratified_Olfactory"
1,0.958904109589041,0.00444444444444444,0.0777777777777778,0,0.03,-1.48152376903227,1.48791673643714,0,1000,100,"region_specific","45","Striatum","stratified_Striatum"
0.75,0.905263157894737,0.00333333333333333,0.0955555555555556,0.01,0.09,-1.49296235934645,1.50157144260777,0,1000,100,"region_specific","46","Cerebellum","stratified_Cerebellum"
0.439306358381503,0.615686274509804,0.0844444444444444,0.174444444444444,0.97,0.98,-0.271716899976113,0.470941794352076,0.51,1000,100,"region_specific","46","Cortex","stratified_Cortex"
0.8,0.904109589041096,0.00444444444444444,0.0733333333333333,0.01,0.07,-1.4950557702035,1.50327949158418,0,1000,100,"region_specific","46","Hippocampus","stratified_Hippocampus"
0.666666666666667,0.882352941176471,0.00222222222222222,0.0666666666666667,0.01,0.08,-1.49046949724882,1.49928259193525,0,1000,100,"region_specific","46","Olfactory","stratified_Olfactory"
NA,0.864864864864865,0,0.0711111111111111,0,0.1,-1.4981064110375,1.50624733154927,0,1000,100,"region_specific","46","Striatum","stratified_Striatum"
1,0.857142857142857,0.00333704115684093,0.0600667408231368,0,0.09,-1.52765938586241,1.53729133957746,0,999,100,"region_specific","47","Cerebellum","stratified_Cerebellum"
0.310344827586207,0.615384615384615,0.050055617352614,0.17797552836485,1,1,-0.325430766845255,0.46932733642695,0.43,999,100,"region_specific","47","Cortex","stratified_Cortex"
1,0.871794871794872,0.0044543429844098,0.0757238307349666,0,0.1,-1.53207828673589,1.54107923564972,0,998,100,"region_specific","47","Hippocampus","stratified_Hippocampus"
0.875,0.895522388059702,0.00779510022271715,0.066815144766147,0.01,0.07,-1.5132130219944,1.5226278044541,0,998,100,"region_specific","47","Olfactory","stratified_Olfactory"
1,0.864864864864865,0.00556792873051225,0.0712694877505568,0,0.1,-1.53131715146204,1.54026242913239,0,998,100,"region_specific","47","Striatum","stratified_Striatum"
1,0.917808219178082,0.00555555555555556,0.0744444444444444,0,0.06,-1.49807450542141,1.50669089696924,0,1000,100,"region_specific","48","Cerebellum","stratified_Cerebellum"
0.445086705202312,0.630597014925373,0.0855555555555556,0.187777777777778,0.96,0.99,-0.337384455798565,0.536177643021755,0.5,1000,100,"region_specific","48","Cortex","stratified_Cortex"
1,0.901234567901235,0.00111111111111111,0.0811111111111111,0,0.08,-1.50993290459943,1.51835635818815,0,1000,100,"region_specific","48","Hippocampus","stratified_Hippocampus"
1,0.9125,0.00555555555555556,0.0811111111111111,0,0.07,-1.50601562888161,1.5150346798203,0,1000,100,"region_specific","48","Olfactory","stratified_Olfactory"
1,0.91025641025641,0.00222222222222222,0.0788888888888889,0,0.07,-1.50321429421151,1.51179356562148,0,1000,100,"region_specific","48","Striatum","stratified_Striatum"
1,0.892857142857143,0.00666666666666667,0.0833333333333333,0,0.09,-1.47230353084762,1.48282633354639,0,1000,100,"region_specific","49","Cerebellum","stratified_Cerebellum"
0.234375,0.492307692307692,0.0333704115684093,0.10678531701891,0.98,0.99,-0.196695047067527,0.42893561138034,0.63,999,100,"region_specific","49","Cortex","stratified_Cortex"
1,0.831325301204819,0.00222469410456062,0.0767519466073415,0,0.14,-1.47125548347189,1.48107002765381,0,999,100,"region_specific","49","Hippocampus","stratified_Hippocampus"
1,0.890243902439024,0.00222469410456062,0.0812013348164627,0,0.09,-1.47605019533917,1.48609566299948,0,999,100,"region_specific","49","Olfactory","stratified_Olfactory"
1,0.894117647058824,0.00333704115684093,0.0845383759733037,0,0.09,-1.48101752641603,1.49033814804445,0,999,100,"region_specific","49","Striatum","stratified_Striatum"
1,0.871428571428571,0.00333333333333333,0.0677777777777778,0,0.09,-1.49080405756814,1.49982967003531,0,1000,100,"region_specific","5","Cerebellum","stratified_Cerebellum"
0.396341463414634,0.590163934426229,0.0722222222222222,0.16,0.99,1,-0.244960145578891,0.406787688078344,0.6,1000,100,"region_specific","5","Cortex","stratified_Cortex"
1,0.847457627118644,0.00111111111111111,0.0555555555555556,0,0.09,-1.49169518724036,1.50093294169555,0,1000,100,"region_specific","5","Hippocampus","stratified_Hippocampus"
0.666666666666667,0.864406779661017,0.00444444444444444,0.0566666666666667,0.02,0.08,-1.49065149568088,1.50039498029195,0,1000,100,"region_specific","5","Olfactory","stratified_Olfactory"
NA,0.84375,0,0.06,0,0.1,-1.48093732479894,1.49093695205863,0,1000,100,"region_specific","5","Striatum","stratified_Striatum"
0.75,0.951807228915663,0.00333704115684093,0.0878754171301446,0.0101010101010101,0.0404040404040404,-1.51261216329591,1.51880744949046,0,998,99,"region_specific","50","Cerebellum","stratified_Cerebellum"
0.283582089552239,0.543778801843318,0.0422691879866518,0.131256952169077,0.96,0.99,-0.301640229700269,0.514927315987436,0.62,999,100,"region_specific","50","Cortex","stratified_Cortex"
1,0.946666666666667,0.0044543429844098,0.0790645879732739,0,0.0404040404040404,-1.51928564697348,1.52511320439388,0,997,99,"region_specific","50","Hippocampus","stratified_Hippocampus"
0.5,0.945652173913043,0.00111358574610245,0.0968819599109131,0.0101010101010101,0.0505050505050505,-1.51860092385781,1.52488199989846,0,997,99,"region_specific","50","Olfactory","stratified_Olfactory"
1,0.941176470588235,0.00334075723830735,0.089086859688196,0,0.0505050505050505,-1.5168828694891,1.52288093202614,0,997,99,"region_specific","50","Striatum","stratified_Striatum"
0.8,0.842857142857143,0.00444938820912125,0.0656284760845384,0.0101010101010101,0.111111111111111,-1.48361683771255,1.49236389765291,0,998,99,"region_specific","6","Cerebellum","stratified_Cerebellum"
0.269230769230769,0.593220338983051,0.0388888888888889,0.155555555555556,0.95,0.96,-0.257625789710079,0.489025672107412,0.61,1000,100,"region_specific","6","Cortex","stratified_Cortex"
1,0.863013698630137,0.00444938820912125,0.0700778642936596,0,0.101010101010101,-1.47933601145664,1.48792627879118,0,998,99,"region_specific","6","Hippocampus","stratified_Hippocampus"
0.75,0.91566265060241,0.00333704115684093,0.0845383759733037,0.0101010101010101,0.0707070707070707,-1.48434193699109,1.49331516628004,0,998,99,"region_specific","6","Olfactory","stratified_Olfactory"
1,0.860759493670886,0.00333704115684093,0.0756395995550612,0,0.111111111111111,-1.48155971743223,1.49082725458116,0,998,99,"region_specific","6","Striatum","stratified_Striatum"
1,0.914285714285714,0.00222469410456062,0.0711902113459399,0,0.06,-1.51684429878487,1.52709727027419,0,999,100,"region_specific","7","Cerebellum","stratified_Cerebellum"
0.354838709677419,0.553571428571429,0.0612472160356347,0.138084632516704,1,1,-0.267098414835047,0.44475370279267,0.5,998,100,"region_specific","7","Cortex","stratified_Cortex"
NA,0.911764705882353,0,0.0690423162583519,0,0.06,-1.50338478898722,1.51361782277745,0,998,100,"region_specific","7","Hippocampus","stratified_Hippocampus"
NA,0.913793103448276,0,0.0589543937708565,0,0.05,-1.51384061763229,1.52433914652375,0,999,100,"region_specific","7","Olfactory","stratified_Olfactory"
1,0.915492957746479,0.0044543429844098,0.0723830734966592,0,0.06,-1.50484650966308,1.51553288469735,0,998,100,"region_specific","7","Striatum","stratified_Striatum"
1,0.887323943661972,0.00111234705228031,0.0700778642936596,0,0.08,-1.53584795753253,1.54476819211886,0,999,100,"region_specific","8","Cerebellum","stratified_Cerebellum"
0.274074074074074,0.559471365638767,0.0412026726057906,0.141425389755011,0.98,1,-0.328272923875024,0.512526221474441,0.5,998,100,"region_specific","8","Cortex","stratified_Cortex"
1,0.888888888888889,0.00111358574610245,0.0623608017817372,0,0.07,-1.52999377385979,1.53857381199878,0,998,100,"region_specific","8","Hippocampus","stratified_Hippocampus"
NA,0.887096774193548,0,0.0611790878754171,0,0.07,-1.52952017246828,1.53816115630165,0,999,100,"region_specific","8","Olfactory","stratified_Olfactory"
NA,0.859154929577465,0,0.0679287305122494,0,0.1,-1.53419640526042,1.54259412527037,0,998,100,"region_specific","8","Striatum","stratified_Striatum"
0,0.853333333333333,0,0.0711111111111111,0.01,0.11,-1.48821706487075,1.50008104599058,0,1000,100,"region_specific","9","Cerebellum","stratified_Cerebellum"
0.2265625,0.476439790575916,0.0322222222222222,0.101111111111111,0.99,1,-0.259867962270149,0.458607306741137,0.47,1000,100,"region_specific","9","Cortex","stratified_Cortex"
1,0.839506172839506,0.00222222222222222,0.0755555555555556,0,0.13,-1.48176584426836,1.49359523109409,0,1000,100,"region_specific","9","Hippocampus","stratified_Hippocampus"
1,0.811594202898551,0.00555555555555556,0.0622222222222222,0,0.13,-1.48538940332315,1.49728279581099,0,1000,100,"region_specific","9","Olfactory","stratified_Olfactory"
0.833333333333333,0.786885245901639,0.00555555555555556,0.0533333333333333,0.01,0.13,-1.48928671279339,1.50066057223308,0,1000,100,"region_specific","9","Striatum","stratified_Striatum"
1,0.952380952380952,0.00222222222222222,0.0666666666666667,0,0.03,-1.48108363018798,1.48828782062858,0,1000,100,"interaction","1","Cerebellum","stratified_Cerebellum"
0.379746835443038,0.59504132231405,0.0666666666666667,0.16,0.98,0.98,-0.286943235905997,0.474877180364069,0.59,1000,100,"interaction","1","Cortex","stratified_Cortex"
0.300699300699301,0.5260663507109,0.0477777777777778,0.123333333333333,1,1,-2.64415556566939,2.67644909908853,0,1000,100,"interaction","1","Hippocampus","stratified_Hippocampus"
0.857142857142857,0.885245901639344,0.00666666666666667,0.06,0.01,0.07,-1.49628975154701,1.50546846523397,0,1000,100,"interaction","1","Olfactory","stratified_Olfactory"
0.666666666666667,0.904761904761905,0.00222222222222222,0.0633333333333333,0.01,0.06,-1.49224048353118,1.50061749829811,0,1000,100,"interaction","1","Striatum","stratified_Striatum"
0.75,0.944444444444444,0.00333333333333333,0.0755555555555556,0.01,0.04,-1.48435003561262,1.49352029599563,0,1000,100,"interaction","10","Cerebellum","stratified_Cerebellum"
0.359477124183007,0.570815450643777,0.0611111111111111,0.147777777777778,0.98,1,-0.275700660383984,0.48178073118557,0.52,1000,100,"interaction","10","Cortex","stratified_Cortex"
0.237704918032787,0.50761421319797,0.0322222222222222,0.111111111111111,0.93,0.97,-2.64622842995822,2.68329400619003,0,1000,100,"interaction","10","Hippocampus","stratified_Hippocampus"
0.666666666666667,0.92,0.00444444444444444,0.0766666666666667,0.02,0.06,-1.48361213242006,1.49358148752512,0,1000,100,"interaction","10","Olfactory","stratified_Olfactory"
0.857142857142857,0.904761904761905,0.00666666666666667,0.0844444444444444,0.01,0.08,-1.47713153787745,1.48734984473225,0,1000,100,"interaction","10","Striatum","stratified_Striatum"
0.875,0.9,0.00779510022271715,0.0601336302895323,0.01,0.06,-1.48616564167363,1.49581243499332,0,998,100,"interaction","11","Cerebellum","stratified_Cerebellum"
0.330985915492958,0.58008658008658,0.0522222222222222,0.148888888888889,0.95,0.97,-0.289913221988067,0.488592517523217,0.58,1000,100,"interaction","11","Cortex","stratified_Cortex"
0.179487179487179,0.50259067357513,0.0234113712374582,0.108138238573021,0.96,0.96,-2.67838091824625,2.71534967473803,0,997,100,"interaction","11","Hippocampus","stratified_Hippocampus"
NA,0.859375,0,0.0612472160356347,0,0.09,-1.5032739423157,1.5134279339126,0,998,100,"interaction","11","Olfactory","stratified_Olfactory"
1,0.844827586206897,0.0022271714922049,0.05456570155902,0,0.09,-1.50214361139508,1.51223993171637,0,998,100,"interaction","11","Striatum","stratified_Striatum"
NA,0.896103896103896,0,0.0766666666666667,0,0.08,-1.51684169797522,1.52617555658933,0,1000,100,"interaction","12","Cerebellum","stratified_Cerebellum"
0.510204081632653,0.672185430463576,0.111111111111111,0.225555555555556,0.96,0.99,-0.336477343844812,0.502569189055131,0.47,1000,100,"interaction","12","Cortex","stratified_Cortex"
0.184873949579832,0.50253807106599,0.0244444444444444,0.11,0.97,0.98,-2.75206699503426,2.78683013854199,0,1000,100,"interaction","12","Hippocampus","stratified_Hippocampus"
1,0.873417721518987,0.00333333333333333,0.0766666666666667,0,0.1,-1.51162864121025,1.52079328258424,0,1000,100,"interaction","12","Olfactory","stratified_Olfactory"
NA,0.891891891891892,0,0.0733333333333333,0,0.08,-1.51331881829795,1.52224017610619,0,1000,100,"interaction","12","Striatum","stratified_Striatum"
1,0.931034482758621,0.00222965440356745,0.0602006688963211,0,0.04,-1.50579525329403,1.51364861025396,0,997,100,"interaction","13","Cerebellum","stratified_Cerebellum"
0.448275862068966,0.628787878787879,0.0867630700778643,0.184649610678532,0.96,0.98,-0.321656045008715,0.512238052025897,0.52,999,100,"interaction","13","Cortex","stratified_Cortex"
0.191304347826087,0.52970297029703,0.0245261984392419,0.119286510590858,0.93,0.95,-2.7073013840677,2.74540131318258,0,997,100,"interaction","13","Hippocampus","stratified_Hippocampus"
1,0.884615384615385,0.00557413600891862,0.0769230769230769,0,0.09,-1.50209208227382,1.50974584230532,0,997,100,"interaction","13","Olfactory","stratified_Olfactory"
1,0.909090909090909,0.00445930880713489,0.0780379041248606,0,0.07,-1.49286161873771,1.50042269417144,0,997,100,"interaction","13","Striatum","stratified_Striatum"
0.777777777777778,0.894117647058824,0.00777777777777778,0.0844444444444444,0.02,0.09,-1.46762417674063,1.47887915547448,0,1000,100,"interaction","14","Cerebellum","stratified_Cerebellum"
0.3,0.575107296137339,0.0467185761957731,0.149054505005562,0.98,0.99,-0.23487645251216,0.458286398248915,0.6,999,100,"interaction","14","Cortex","stratified_Cortex"
0.222222222222222,0.539170506912442,0.0311457174638487,0.130144605116796,0.98,1,-2.69547363477792,2.72735711305047,0,999,100,"interaction","14","Hippocampus","stratified_Hippocampus"
0.5,0.864197530864197,0.00111358574610245,0.0779510022271715,0.01,0.11,-1.47105686509858,1.4824247270028,0,998,100,"interaction","14","Olfactory","stratified_Olfactory"
1,0.893617021276596,0.0022271714922049,0.0935412026726058,0,0.1,-1.4804671271692,1.49173685158266,0,998,100,"interaction","14","Striatum","stratified_Striatum"
1,0.840579710144927,0.00333333333333333,0.0644444444444444,0,0.11,-1.52021391560183,1.53105287869668,0,1000,100,"interaction","15","Cerebellum","stratified_Cerebellum"
0.40506329113924,0.612648221343874,0.0711111111111111,0.172222222222222,0.94,0.98,-0.284590870894488,0.489221112235483,0.53,1000,100,"interaction","15","Cortex","stratified_Cortex"
0.210084033613445,0.529126213592233,0.0277777777777778,0.121111111111111,0.94,0.97,-2.68441985057745,2.7216355574971,0,1000,100,"interaction","15","Hippocampus","stratified_Hippocampus"
1,0.861111111111111,0.00222222222222222,0.0688888888888889,0,0.1,-1.50615949429234,1.51668345875823,0,1000,100,"interaction","15","Olfactory","stratified_Olfactory"
1,0.878378378378378,0.00111111111111111,0.0722222222222222,0,0.09,-1.507538770151,1.51867815779482,0,1000,100,"interaction","15","Striatum","stratified_Striatum"
1,0.883116883116883,0.00111358574610245,0.0757238307349666,0,0.09,-1.49725007223426,1.50599959189662,0,998,100,"interaction","16","Cerebellum","stratified_Cerebellum"
0.418604651162791,0.62962962962963,0.08,0.188888888888889,1,1,-0.26223787697027,0.433383061606595,0.54,1000,100,"interaction","16","Cortex","stratified_Cortex"
0.253846153846154,0.5260663507109,0.0367483296213808,0.123608017817372,0.97,1,-2.71186311469021,2.74394655108962,0,998,100,"interaction","16","Hippocampus","stratified_Hippocampus"
NA,0.853333333333333,0,0.0712694877505568,0,0.11,-1.49610869249474,1.50482039192839,0,998,100,"interaction","16","Olfactory","stratified_Olfactory"
1,0.872093023255814,0.00222469410456062,0.0834260289210234,0,0.11,-1.4919116384648,1.50117720279433,0,999,100,"interaction","16","Striatum","stratified_Striatum"
1,0.971830985915493,0.00777777777777778,0.0766666666666667,0,0.02,-1.51071706709868,1.5169219909805,0,1000,100,"interaction","17","Cerebellum","stratified_Cerebellum"
0.271317829457364,0.553488372093023,0.0388888888888889,0.132222222222222,0.94,0.96,-0.330474856021926,0.554615163111951,0.49,1000,100,"interaction","17","Cortex","stratified_Cortex"
0.198275862068966,0.467391304347826,0.0255555555555556,0.0955555555555556,0.93,0.98,-2.63333259413851,2.67840330454302,0,1000,100,"interaction","17","Hippocampus","stratified_Hippocampus"
1,0.944444444444444,0.00333333333333333,0.0755555555555556,0,0.04,-1.50434793086704,1.51033533558323,0,1000,100,"interaction","17","Olfactory","stratified_Olfactory"
1,0.971014492753623,0.00555555555555556,0.0744444444444444,0,0.02,-1.49808151702636,1.50429913568443,0,1000,100,"interaction","17","Striatum","stratified_Striatum"
1,0.860759493670886,0.0022271714922049,0.0757238307349666,0,0.11,-1.53959517255157,1.54863684409732,0,998,100,"interaction","18","Cerebellum","stratified_Cerebellum"
0.486910994764398,0.656140350877193,0.103563474387528,0.208240534521158,0.98,0.98,-0.324106365100138,0.473592170886579,0.46,998,100,"interaction","18","Cortex","stratified_Cortex"
0.302158273381295,0.554054054054054,0.0468227424749164,0.137123745819398,0.97,0.99,-2.73685430322199,2.77257421531206,0,997,100,"interaction","18","Hippocampus","stratified_Hippocampus"
0.666666666666667,0.831168831168831,0.0022271714922049,0.0712694877505568,0.01,0.13,-1.53372523509019,1.54362611129865,0,998,100,"interaction","18","Olfactory","stratified_Olfactory"
NA,0.892857142857143,0,0.0835189309576837,0,0.09,-1.53657409500047,1.54685062892698,0,998,100,"interaction","18","Striatum","stratified_Striatum"
0.8,0.9125,0.00444938820912125,0.0812013348164627,0.0101010101010101,0.0707070707070707,-1.48606572739498,1.49418425680623,0,998,99,"interaction","19","Cerebellum","stratified_Cerebellum"
0.386075949367089,0.620689655172414,0.0677777777777778,0.18,0.97,0.99,-0.307658662036177,0.506817163519791,0.54,1000,100,"interaction","19","Cortex","stratified_Cortex"
0.246031746031746,0.5311004784689,0.0344827586206897,0.123470522803115,0.95,0.98,-2.68460880013308,2.72738483754612,0,999,100,"interaction","19","Hippocampus","stratified_Hippocampus"
0.75,0.866666666666667,0.00333704115684093,0.0723025583982203,0.01,0.1,-1.49425717039831,1.50262259024132,0,999,100,"interaction","19","Olfactory","stratified_Olfactory"
0.75,0.91044776119403,0.00333333333333333,0.0677777777777778,0.0101010101010101,0.0606060606060606,-1.48936556643441,1.49675172565373,0,999,99,"interaction","19","Striatum","stratified_Striatum"
1,0.912087912087912,0.00222222222222222,0.0922222222222222,0,0.08,-1.52457842984001,1.53470717264969,0,1000,100,"interaction","2","Cerebellum","stratified_Cerebellum"
0.431952662721893,0.641791044776119,0.0811111111111111,0.191111111111111,0.96,0.96,-0.377400753971936,0.560386714168371,0.5,1000,100,"interaction","2","Cortex","stratified_Cortex"
0.253846153846154,0.532710280373832,0.0366666666666667,0.126666666666667,0.97,1,-2.67977952871131,2.72317906739323,0,1000,100,"interaction","2","Hippocampus","stratified_Hippocampus"
0,0.905263157894737,0,0.0955555555555556,0.01,0.09,-1.52709915222464,1.5365737510835,0,1000,100,"interaction","2","Olfactory","stratified_Olfactory"
1,0.909090909090909,0.00333704115684093,0.100111234705228,0,0.09,-1.53159559295543,1.54104783264843,0,999,100,"interaction","2","Striatum","stratified_Striatum"
1,0.941860465116279,0.00111111111111111,0.09,0,0.05,-1.47406210536413,1.48307056866785,0,1000,100,"interaction","20","Cerebellum","stratified_Cerebellum"
0.43452380952381,0.642066420664207,0.0811111111111111,0.193333333333333,0.95,0.97,-0.359421644608034,0.604056068546539,0.49,1000,100,"interaction","20","Cortex","stratified_Cortex"
0.274809160305344,0.558035714285714,0.04,0.138888888888889,0.95,0.99,-2.63755597255126,2.68906321282439,0,1000,100,"interaction","20","Hippocampus","stratified_Hippocampus"
1,0.918604651162791,0.00888888888888889,0.0877777777777778,0,0.07,-1.48048532246185,1.48900177102764,0,1000,100,"interaction","20","Olfactory","stratified_Olfactory"
1,0.928571428571429,0.00222222222222222,0.0866666666666667,0,0.06,-1.47186623139274,1.48069306169816,0,1000,100,"interaction","20","Striatum","stratified_Striatum"
NA,0.828947368421053,0,0.07,0,0.13,-1.49990061767676,1.51205535502456,0,1000,100,"interaction","21","Cerebellum","stratified_Cerebellum"
0.470588235294118,0.631970260223048,0.0977777777777778,0.188888888888889,0.99,0.99,-0.289902881403192,0.480125559988425,0.48,1000,100,"interaction","21","Cortex","stratified_Cortex"
0.219512195121951,0.492307692307692,0.03,0.106666666666667,0.96,0.99,-2.69653142798969,2.73142253828355,0,1000,100,"interaction","21","Hippocampus","stratified_Hippocampus"
NA,0.831325301204819,0,0.0766666666666667,0,0.14,-1.50418294682961,1.51578047794343,0,1000,100,"interaction","21","Olfactory","stratified_Olfactory"
0.75,0.833333333333333,0.00333333333333333,0.0777777777777778,0.01,0.14,-1.50671699577431,1.51783395031774,0,1000,100,"interaction","21","Striatum","stratified_Striatum"
1,0.916666666666667,0.00222222222222222,0.0733333333333333,0,0.06,-1.48595933656324,1.49567509921825,0,1000,100,"interaction","22","Cerebellum","stratified_Cerebellum"
0.414634146341463,0.627906976744186,0.0755555555555556,0.18,0.96,0.96,-0.328440031596684,0.530209306431633,0.55,1000,100,"interaction","22","Cortex","stratified_Cortex"
0.27906976744186,0.572727272727273,0.04,0.14,0.93,0.94,-2.69242507613779,2.73463302896855,0,1000,100,"interaction","22","Hippocampus","stratified_Hippocampus"
1,0.945205479452055,0.00111111111111111,0.0766666666666667,0,0.04,-1.49513012956282,1.5049150079445,0,1000,100,"interaction","22","Olfactory","stratified_Olfactory"
1,0.928571428571429,0.00222222222222222,0.0722222222222222,0,0.05,-1.49461441736273,1.5037977496215,0,1000,100,"interaction","22","Striatum","stratified_Striatum"
0.625,0.869565217391304,0.00556173526140156,0.0667408231368187,0.03,0.09,-1.51670284685969,1.52526957622002,0,999,100,"interaction","23","Cerebellum","stratified_Cerebellum"
0.228346456692913,0.543778801843318,0.0322222222222222,0.131111111111111,0.98,0.99,-0.337935686987646,0.508094354220126,0.4,1000,100,"interaction","23","Cortex","stratified_Cortex"
0.270676691729323,0.558035714285714,0.0400890868596882,0.139198218262806,0.97,0.99,-2.67376377605201,2.71939071810014,0,998,100,"interaction","23","Hippocampus","stratified_Hippocampus"
0.666666666666667,0.841269841269841,0.0022271714922049,0.0590200445434298,0.01,0.1,-1.52478139204078,1.53361687007308,0,998,100,"interaction","23","Olfactory","stratified_Olfactory"
0.666666666666667,0.831168831168831,0.0044543429844098,0.0712694877505568,0.02,0.13,-1.52779097602132,1.5358428285325,0,998,100,"interaction","23","Striatum","stratified_Striatum"
0,0.89041095890411,0,0.0722222222222222,0.01,0.08,-1.49324601672375,1.50259179233064,0,1000,100,"interaction","24","Cerebellum","stratified_Cerebellum"
0.234375,0.514851485148515,0.0334075723830735,0.115812917594655,0.98,0.98,-0.322672070593171,0.537195942582266,0.52,998,100,"interaction","24","Cortex","stratified_Cortex"
0.128440366972477,0.481865284974093,0.0155728587319244,0.103448275862069,0.95,1,-2.62729698712345,2.67744738105459,0,999,100,"interaction","24","Hippocampus","stratified_Hippocampus"
0,0.90625,0,0.0644444444444444,0.02,0.06,-1.48557173795677,1.49457231155068,0,1000,100,"interaction","24","Olfactory","stratified_Olfactory"
0.666666666666667,0.916666666666667,0.00222469410456062,0.0734149054505006,0.01,0.06,-1.48639375190289,1.49546285640643,0,999,100,"interaction","24","Striatum","stratified_Striatum"
1,0.91304347826087,0.00555555555555556,0.07,0,0.06,-1.52097040808607,1.5296991957999,0,1000,100,"interaction","25","Cerebellum","stratified_Cerebellum"
0.398773006134969,0.606425702811245,0.0722222222222222,0.167777777777778,0.98,0.98,-0.320944777087753,0.47491447916515,0.48,1000,100,"interaction","25","Cortex","stratified_Cortex"
0.326530612244898,0.507389162561576,0.053392658509455,0.114571746384872,0.99,1,-2.80727118955055,2.83976379210427,0,999,100,"interaction","25","Hippocampus","stratified_Hippocampus"
1,0.890625,0.00222222222222222,0.0633333333333333,0,0.07,-1.52253333732436,1.53149440677164,0,1000,100,"interaction","25","Olfactory","stratified_Olfactory"
NA,0.92,0,0.0766666666666667,0,0.06,-1.52719650253523,1.53561185753731,0,1000,100,"interaction","25","Striatum","stratified_Striatum"
1,0.923076923076923,0.00222222222222222,0.0666666666666667,0,0.05,-1.50451693473617,1.51239966563205,0,1000,100,"interaction","26","Cerebellum","stratified_Cerebellum"
0.448863636363636,0.623076923076923,0.0877777777777778,0.18,0.97,0.98,-0.296440913892742,0.437631480981096,0.56,1000,100,"interaction","26","Cortex","stratified_Cortex"
0.183333333333333,0.481865284974093,0.0244444444444444,0.103333333333333,0.98,1,-2.75366780780793,2.78397936349288,0,1000,100,"interaction","26","Hippocampus","stratified_Hippocampus"
1,0.929577464788732,0.00777777777777778,0.0733333333333333,0,0.05,-1.5095088129331,1.51813177282607,0,1000,100,"interaction","26","Olfactory","stratified_Olfactory"
1,0.935483870967742,0.00333333333333333,0.0644444444444444,0,0.04,-1.51422127328708,1.52233260887347,0,1000,100,"interaction","26","Striatum","stratified_Striatum"
1,0.907894736842105,0.00556173526140156,0.0767519466073415,0,0.07,-1.46702624859542,1.47478807800861,0,999,100,"interaction","27","Cerebellum","stratified_Cerebellum"
0.392638036809816,0.602409638554217,0.0711902113459399,0.166852057842047,0.99,0.99,-0.263955074305903,0.480028066247417,0.57,999,100,"interaction","27","Cortex","stratified_Cortex"
0.223140495867769,0.524509803921569,0.0300333704115684,0.119021134593993,0.94,0.97,-2.6273017931857,2.66667441741179,0,999,100,"interaction","27","Hippocampus","stratified_Hippocampus"
1,0.909090909090909,0.00222222222222222,0.0666666666666667,0,0.06,-1.47531851407291,1.48249335884485,0,1000,100,"interaction","27","Olfactory","stratified_Olfactory"
0.8,0.893333333333333,0.0044543429844098,0.0746102449888641,0.01,0.08,-1.46494724003287,1.47280714522663,0,998,100,"interaction","27","Striatum","stratified_Striatum"
0.818181818181818,0.936708860759494,0.01,0.0822222222222222,0.02,0.05,-1.51466505679593,1.52374403535647,0,1000,100,"interaction","28","Cerebellum","stratified_Cerebellum"
0.342105263157895,0.570815450643777,0.0577777777777778,0.147777777777778,1,1,-0.3090670579623,0.494884451583095,0.58,1000,100,"interaction","28","Cortex","stratified_Cortex"
0.23015873015873,0.473684210526316,0.0322222222222222,0.1,0.97,1,-2.74669769807791,2.78868829154942,0,1000,100,"interaction","28","Hippocampus","stratified_Hippocampus"
1,0.909090909090909,0.00444444444444444,0.0777777777777778,0,0.07,-1.52718670757387,1.53586958859434,0,1000,100,"interaction","28","Olfactory","stratified_Olfactory"
1,0.894736842105263,0.0111111111111111,0.0755555555555556,0,0.08,-1.51978372458744,1.5285356599471,0,1000,100,"interaction","28","Striatum","stratified_Striatum"
1,0.883495145631068,0.00668896321070234,0.101449275362319,0,0.12,-1.45385360034299,1.46347196000394,0,997,100,"interaction","29","Cerebellum","stratified_Cerebellum"
0.467741935483871,0.640287769784173,0.0967741935483871,0.197997775305895,0.99,1,-0.206515042396881,0.397431778773604,0.64,999,100,"interaction","29","Cortex","stratified_Cortex"
0.314685314685315,0.545454545454545,0.0501113585746102,0.133630289532294,0.98,1,-2.70187163498284,2.73131017348433,0,998,100,"interaction","29","Hippocampus","stratified_Hippocampus"
1,0.868131868131868,0.00111482720178372,0.0880713489409142,0,0.12,-1.46198107865033,1.47249885782573,0,997,100,"interaction","29","Olfactory","stratified_Olfactory"
NA,0.872093023255814,0,0.0836120401337793,0,0.11,-1.45939830525714,1.4698825182889,0,997,100,"interaction","29","Striatum","stratified_Striatum"
0.888888888888889,0.928571428571429,0.00889877641824249,0.0723025583982203,0.01,0.05,-1.49731609557653,1.50595528769376,0,999,100,"interaction","3","Cerebellum","stratified_Cerebellum"
0.340136054421769,0.559090909090909,0.0555555555555556,0.136666666666667,0.97,0.97,-0.29685869382057,0.520305466350617,0.53,1000,100,"interaction","3","Cortex","stratified_Cortex"
0.290780141843972,0.541284403669725,0.0456062291434928,0.131256952169077,1,1,-2.68843219119967,2.72893546230099,0,999,100,"interaction","3","Hippocampus","stratified_Hippocampus"
1,0.934210526315789,0.00666666666666667,0.0788888888888889,0,0.05,-1.49179964164585,1.50051921321481,0,1000,100,"interaction","3","Olfactory","stratified_Olfactory"
0.9,0.945054945054945,0.01,0.0955555555555556,0.01,0.05,-1.49641616729124,1.50612795199804,0,1000,100,"interaction","3","Striatum","stratified_Striatum"
0.5,0.897435897435897,0.00111234705228031,0.0778642936596218,0.01,0.08,-1.51253538335379,1.52290722985799,0,999,100,"interaction","30","Cerebellum","stratified_Cerebellum"
0.464864864864865,0.647887323943662,0.0955555555555556,0.204444444444444,0.99,1,-0.324828536679527,0.497412134901167,0.5,1000,100,"interaction","30","Cortex","stratified_Cortex"
0.265151515151515,0.535545023696682,0.0389755011135857,0.125835189309577,0.97,0.98,-2.73410021789197,2.76767608267484,0,998,100,"interaction","30","Hippocampus","stratified_Hippocampus"
1,0.878378378378378,0.00111234705228031,0.0723025583982203,0,0.09,-1.51858882240262,1.52831552386721,0,999,100,"interaction","30","Olfactory","stratified_Olfactory"
1,0.876712328767123,0.0066815144766147,0.0712694877505568,0,0.09,-1.52189715728739,1.53177839102139,0,998,100,"interaction","30","Striatum","stratified_Striatum"
1,0.928571428571429,0.00333333333333333,0.0722222222222222,0,0.05,-1.4902334064128,1.49688610174118,0,1000,100,"interaction","31","Cerebellum","stratified_Cerebellum"
0.25,0.5850622406639,0.0366666666666667,0.156666666666667,0.99,1,-0.284478388162431,0.465893710646652,0.59,1000,100,"interaction","31","Cortex","stratified_Cortex"
0.309859154929577,0.504950495049505,0.0488888888888889,0.113333333333333,0.98,1,-2.6519106212785,2.6850347230887,0,1000,100,"interaction","31","Hippocampus","stratified_Hippocampus"
1,0.890243902439024,0.00333333333333333,0.0811111111111111,0,0.09,-1.47916481777005,1.48596149515392,0,1000,100,"interaction","31","Olfactory","stratified_Olfactory"
1,0.941176470588235,0.00333333333333333,0.0711111111111111,0,0.04,-1.48232282846085,1.48864650205484,0,1000,100,"interaction","31","Striatum","stratified_Striatum"
0.349315068493151,0.569506726457399,0.0566666666666667,0.141111111111111,0.95,0.96,-0.317030307571018,0.512110223483485,0.5,1000,100,"interaction","32","Cortex","stratified_Cortex"
0.177966101694915,0.492227979274611,0.0233333333333333,0.105555555555556,0.97,0.98,-2.7185729828775,2.75830688282619,0,1000,100,"interaction","32","Hippocampus","stratified_Hippocampus"
NA,0.837837837837838,0,0.0688888888888889,0,0.12,-1.50000873905127,1.50942537813794,0,1000,100,"interaction","32","Olfactory","stratified_Olfactory"
1,0.875,0.00333333333333333,0.0777777777777778,0,0.1,-1.49606189460798,1.50591735907368,0,1000,100,"interaction","32","Striatum","stratified_Striatum"
1,0.882352941176471,0.00333333333333333,0.0833333333333333,0,0.101010101010101,-1.48476763890366,1.49336884611217,0,999,99,"interaction","33","Cerebellum","stratified_Cerebellum"
0.19672131147541,0.51219512195122,0.0266666666666667,0.116666666666667,0.98,1,-0.309476238816729,0.509124372385613,0.5,1000,100,"interaction","33","Cortex","stratified_Cortex"
0.235772357723577,0.487046632124352,0.0322222222222222,0.104444444444444,0.94,0.99,-2.63942434708141,2.68260182967936,0,1000,100,"interaction","33","Hippocampus","stratified_Hippocampus"
1,0.931506849315068,0.00111111111111111,0.0755555555555556,0,0.05,-1.49152376011637,1.50028834654375,0,1000,100,"interaction","33","Olfactory","stratified_Olfactory"
1,0.862068965517241,0.00333333333333333,0.0833333333333333,0,0.12,-1.4834318419575,1.49246992548551,0,1000,100,"interaction","33","Striatum","stratified_Striatum"
1,0.902777777777778,0.0100111234705228,0.0723025583982203,0,0.07,-1.49065368141656,1.49995818172229,0,999,100,"interaction","34","Cerebellum","stratified_Cerebellum"
0.43452380952381,0.623529411764706,0.0812013348164627,0.17686318131257,0.95,0.96,-0.337337303732855,0.516096984206559,0.46,999,100,"interaction","34","Cortex","stratified_Cortex"
0.23015873015873,0.530805687203792,0.032258064516129,0.124582869855395,0.97,0.99,-2.71615655392906,2.75626583992266,0,999,100,"interaction","34","Hippocampus","stratified_Hippocampus"
1,0.92,0.00222469410456062,0.0767519466073415,0,0.06,-1.49610613017578,1.50597139467107,0,999,100,"interaction","34","Olfactory","stratified_Olfactory"
1,0.896103896103896,0.00444938820912125,0.0767519466073415,0,0.08,-1.4978215975674,1.50773676696215,0,999,100,"interaction","34","Striatum","stratified_Striatum"
1,0.911392405063291,0.00333333333333333,0.08,0,0.07,-1.49089129847643,1.4983498876286,0,1000,100,"interaction","35","Cerebellum","stratified_Cerebellum"
0.418604651162791,0.625468164794007,0.08,0.185555555555556,1,1,-0.277344782660539,0.448044991191808,0.52,1000,100,"interaction","35","Cortex","stratified_Cortex"
0.208,0.50251256281407,0.0288888888888889,0.111111111111111,0.99,0.99,-2.75939579454238,2.79093969180754,0,1000,100,"interaction","35","Hippocampus","stratified_Hippocampus"
NA,0.89873417721519,0,0.0788888888888889,0,0.08,-1.49332519652345,1.50053413025496,0,1000,100,"interaction","35","Olfactory","stratified_Olfactory"
NA,0.89873417721519,0,0.0788888888888889,0,0.0808080808080808,-1.4875195711306,1.4942511060345,0,999,99,"interaction","35","Striatum","stratified_Striatum"
0.5,0.89041095890411,0.00111234705228031,0.0723025583982203,0.01,0.08,-1.48555011469896,1.49788663764269,0,999,100,"interaction","36","Cerebellum","stratified_Cerebellum"
0.522167487684729,0.666666666666667,0.117908787541713,0.21579532814238,0.97,0.97,-0.284327465893448,0.441341746223106,0.56,999,100,"interaction","36","Cortex","stratified_Cortex"
0.21551724137931,0.512562814070352,0.0278086763070078,0.113459399332592,0.91,0.97,-2.76137544084824,2.7930260979571,0,999,100,"interaction","36","Hippocampus","stratified_Hippocampus"
1,0.880597014925373,0.00444938820912125,0.0656284760845384,0,0.08,-1.49141655313201,1.50311106049009,0,999,100,"interaction","36","Olfactory","stratified_Olfactory"
1,0.880597014925373,0.0044543429844098,0.0657015590200445,0,0.08,-1.4892087770692,1.5009605850152,0,998,100,"interaction","36","Striatum","stratified_Striatum"
1,0.814285714285714,0.00111111111111111,0.0633333333333333,0,0.13,-1.50061834034914,1.50906016786538,0,1000,100,"interaction","37","Cerebellum","stratified_Cerebellum"
0.439306358381503,0.628787878787879,0.0844444444444444,0.184444444444444,0.97,0.98,-0.317425063798165,0.504917412573293,0.47,1000,100,"interaction","37","Cortex","stratified_Cortex"
0.253846153846154,0.568888888888889,0.0366666666666667,0.142222222222222,0.97,0.97,-2.70810378271241,2.74552625745818,0,1000,100,"interaction","37","Hippocampus","stratified_Hippocampus"
1,0.847222222222222,0.00444444444444444,0.0677777777777778,0,0.11,-1.49464245680566,1.50411803206532,0,1000,100,"interaction","37","Olfactory","stratified_Olfactory"
1,0.837837837837838,0.00777777777777778,0.0688888888888889,0,0.12,-1.48999213251347,1.49903974576439,0,1000,100,"interaction","37","Striatum","stratified_Striatum"
0.451807228915663,0.631782945736434,0.0836120401337793,0.181716833890747,0.91,0.95,-0.395448479310568,0.633473812452437,0.51,997,100,"interaction","38","Cortex","stratified_Cortex"
0.247933884297521,0.478723404255319,0.0334821428571429,0.100446428571429,0.91,0.98,-2.65238995389089,2.70725580888333,0,996,100,"interaction","38","Hippocampus","stratified_Hippocampus"
1,0.896551724137931,0.0078125,0.0870535714285714,0,0.09,-1.50415258545618,1.51263303805492,0,996,100,"interaction","38","Olfactory","stratified_Olfactory"
0.8,0.942528735632184,0.0044543429844098,0.0913140311804009,0.01,0.05,-1.5064461022558,1.51532052100089,0,998,100,"interaction","38","Striatum","stratified_Striatum"
1,0.896551724137931,0.00111234705228031,0.0578420467185762,0,0.06,-1.50342539240191,1.51257542557329,0,999,100,"interaction","39","Cerebellum","stratified_Cerebellum"
0.326241134751773,0.591489361702128,0.0511111111111111,0.154444444444444,0.95,0.96,-0.330202057366527,0.532121043384722,0.53,1000,100,"interaction","39","Cortex","stratified_Cortex"
0.142857142857143,0.44,0.017797552836485,0.085650723025584,0.96,0.98,-2.68697497528212,2.72907199102629,0,999,100,"interaction","39","Hippocampus","stratified_Hippocampus"
NA,0.92,0,0.0511679644048943,0,0.04,-1.50368951809968,1.51173201669364,0,999,100,"interaction","39","Olfactory","stratified_Olfactory"
1,0.901960784313726,0.00111111111111111,0.0511111111111111,0,0.0505050505050505,-1.50590605271189,1.51436116929871,0,999,99,"interaction","39","Striatum","stratified_Striatum"
0,0.866666666666667,0,0.0433815350389321,0.01,0.06,-1.50807518601809,1.51693005687937,0,999,100,"interaction","4","Cerebellum","stratified_Cerebellum"
0.28030303030303,0.576419213973799,0.0411111111111111,0.146666666666667,0.95,0.97,-0.292269965489412,0.478451711726003,0.54,1000,100,"interaction","4","Cortex","stratified_Cortex"
0.168067226890756,0.487046632124352,0.0222222222222222,0.104444444444444,0.99,0.99,-2.6858130158476,2.72691371281677,0,1000,100,"interaction","4","Hippocampus","stratified_Hippocampus"
0.666666666666667,0.82,0.00222222222222222,0.0455555555555556,0.01,0.09,-1.50632861297892,1.51611818035638,0,1000,100,"interaction","4","Olfactory","stratified_Olfactory"
0.5,0.816666666666667,0.00111111111111111,0.0544444444444444,0.01,0.11,-1.51015593227144,1.5194610250149,0,1000,100,"interaction","4","Striatum","stratified_Striatum"
0,0.864864864864865,0,0.0711111111111111,0.0204081632653061,0.102040816326531,-1.48306282052633,1.49445186655883,0,998,98,"interaction","40","Cerebellum","stratified_Cerebellum"
0.340136054421769,0.610236220472441,0.0555555555555556,0.172222222222222,0.97,0.99,-0.307038670330502,0.547528359320643,0.53,1000,100,"interaction","40","Cortex","stratified_Cortex"
0.136363636363636,0.445714285714286,0.0166666666666667,0.0866666666666667,0.95,0.97,-2.67258134009937,2.72017764323205,0,1000,100,"interaction","40","Hippocampus","stratified_Hippocampus"
0,0.865671641791045,0,0.0644444444444444,0.0102040816326531,0.0918367346938776,-1.48648967637082,1.49703776883589,0,998,98,"interaction","40","Olfactory","stratified_Olfactory"
1,0.896103896103896,0.00888888888888889,0.0766666666666667,0,0.0808080808080808,-1.49115386993935,1.50176034076488,0,999,99,"interaction","40","Striatum","stratified_Striatum"
0.5,0.777777777777778,0.00111358574610245,0.0623608017817372,0.01,0.16,-1.48171700808768,1.49136890476215,0,998,100,"interaction","41","Cerebellum","stratified_Cerebellum"
0.478947368421053,0.637362637362637,0.101111111111111,0.193333333333333,0.99,0.99,-0.28130391672136,0.475175473622882,0.52,1000,100,"interaction","41","Cortex","stratified_Cortex"
0.319148936170213,0.62109375,0.05,0.176666666666667,0.96,0.97,-2.63674696089582,2.67212231687338,0,1000,100,"interaction","41","Hippocampus","stratified_Hippocampus"
1,0.84,0.00888888888888889,0.07,0,0.12,-1.48187348075918,1.49177105453444,0,1000,100,"interaction","41","Olfactory","stratified_Olfactory"
NA,0.838235294117647,0,0.0634037819799778,0,0.11,-1.47967183821583,1.48944877920667,0,999,100,"interaction","41","Striatum","stratified_Striatum"
1,0.840579710144927,0.00333333333333333,0.0644444444444444,0,0.11,-1.48600199033274,1.49640912602353,0,1000,100,"interaction","42","Cerebellum","stratified_Cerebellum"
0.302158273381295,0.566964285714286,0.0466666666666667,0.141111111111111,0.97,0.97,-0.278435525012613,0.500664550371247,0.46,1000,100,"interaction","42","Cortex","stratified_Cortex"
0.258064516129032,0.524509803921569,0.0355555555555556,0.118888888888889,0.92,0.97,-2.65100125914262,2.69448263911293,0,1000,100,"interaction","42","Hippocampus","stratified_Hippocampus"
0.8,0.866666666666667,0.00444444444444444,0.0722222222222222,0.01,0.1,-1.47957468129326,1.49042869869109,0,1000,100,"interaction","42","Olfactory","stratified_Olfactory"
0.666666666666667,0.849315068493151,0.00222222222222222,0.0688888888888889,0.01,0.11,-1.48555401884993,1.49627713468741,0,1000,100,"interaction","42","Striatum","stratified_Striatum"
NA,0.836734693877551,0,0.0455555555555556,0,0.08,-1.5034613174361,1.51132262062825,0,1000,100,"interaction","43","Cerebellum","stratified_Cerebellum"
0.283582089552239,0.600806451612903,0.0422222222222222,0.165555555555556,0.96,0.99,-0.348802291030081,0.533500235623133,0.51,1000,100,"interaction","43","Cortex","stratified_Cortex"
0.192982456140351,0.443820224719101,0.0244444444444444,0.0877777777777778,0.92,0.99,-2.65483797089004,2.69971887015304,0,1000,100,"interaction","43","Hippocampus","stratified_Hippocampus"
0.666666666666667,0.859375,0.00444444444444444,0.0611111111111111,0.02,0.09,-1.49630238149384,1.50430632073859,0,1000,100,"interaction","43","Olfactory","stratified_Olfactory"
1,0.866666666666667,0.00222222222222222,0.0577777777777778,0,0.08,-1.49946676673442,1.50675201496351,0,1000,100,"interaction","43","Striatum","stratified_Striatum"
1,0.917647058823529,0.00334075723830735,0.0868596881959911,0,0.07,-1.49950978418753,1.5084656314938,0,998,100,"interaction","44","Cerebellum","stratified_Cerebellum"
0.419161676646707,0.629213483146067,0.0780379041248606,0.187290969899666,0.97,0.99,-0.297993400166778,0.479264983571735,0.52,997,100,"interaction","44","Cortex","stratified_Cortex"
0.309859154929577,0.559471365638767,0.0490523968784838,0.141583054626533,0.98,1,-2.70530224857752,2.74017204565962,0,997,100,"interaction","44","Hippocampus","stratified_Hippocampus"
1,0.904109589041096,0.00111482720178372,0.0735785953177258,0,0.07,-1.4986545302189,1.50821152280412,0,997,100,"interaction","44","Olfactory","stratified_Olfactory"
1,0.918604651162791,0.00111482720178372,0.0880713489409142,0,0.07,-1.50149904301269,1.51130977548649,0,997,100,"interaction","44","Striatum","stratified_Striatum"
1,0.952380952380952,0.00555555555555556,0.0888888888888889,0,0.04,-1.47787352306037,1.48408853648779,0,1000,100,"interaction","45","Cerebellum","stratified_Cerebellum"
0.379746835443038,0.624521072796935,0.0666666666666667,0.181111111111111,0.98,0.98,-0.321418550794998,0.526617428679608,0.56,1000,100,"interaction","45","Cortex","stratified_Cortex"
0.283582089552239,0.532710280373832,0.0422691879866518,0.126807563959956,0.96,1,-2.61203097952156,2.65567720294316,0,999,100,"interaction","45","Hippocampus","stratified_Hippocampus"
1,0.935897435897436,0.00333704115684093,0.0812013348164627,0,0.05,-1.4792587470474,1.48573775035418,0,999,100,"interaction","45","Olfactory","stratified_Olfactory"
1,0.958904109589041,0.00444444444444444,0.0777777777777778,0,0.03,-1.48152376905585,1.48791673645834,0,1000,100,"interaction","45","Striatum","stratified_Striatum"
0.75,0.905263157894737,0.00333333333333333,0.0955555555555556,0.01,0.09,-1.49296235931509,1.50157144257694,0,1000,100,"interaction","46","Cerebellum","stratified_Cerebellum"
0.455056179775281,0.628787878787879,0.09,0.184444444444444,0.97,0.98,-0.2802432680849,0.474731219272661,0.5,1000,100,"interaction","46","Cortex","stratified_Cortex"
0.259259259259259,0.504950495049505,0.0388888888888889,0.113333333333333,1,1,-2.71936849836791,2.75124331713197,0,1000,100,"interaction","46","Hippocampus","stratified_Hippocampus"
0.666666666666667,0.882352941176471,0.00222222222222222,0.0666666666666667,0.01,0.08,-1.49046949722833,1.49928259191577,0,1000,100,"interaction","46","Olfactory","stratified_Olfactory"
NA,0.864864864864865,0,0.0711111111111111,0,0.1,-1.49810641106041,1.50624733157738,0,1000,100,"interaction","46","Striatum","stratified_Striatum"
1,0.857142857142857,0.00333704115684093,0.0600667408231368,0,0.09,-1.52765938583068,1.53729133954418,0,999,100,"interaction","47","Cerebellum","stratified_Cerebellum"
0.363057324840764,0.63768115942029,0.0634037819799778,0.195773081201335,1,1,-0.332779789054642,0.476356957992223,0.43,999,100,"interaction","47","Cortex","stratified_Cortex"
0.2,0.521531100478469,0.0278396436525612,0.121380846325167,1,1,-2.73659996371042,2.77634626265323,0,998,100,"interaction","47","Hippocampus","stratified_Hippocampus"
0.875,0.895522388059702,0.00779510022271715,0.066815144766147,0.01,0.07,-1.51321302203223,1.52262780449147,0,998,100,"interaction","47","Olfactory","stratified_Olfactory"
1,0.864864864864865,0.00556792873051225,0.0712694877505568,0,0.1,-1.53131715141939,1.54026242908858,0,998,100,"interaction","47","Striatum","stratified_Striatum"
1,0.917808219178082,0.00555555555555556,0.0744444444444444,0,0.06,-1.49807450543843,1.50669089699223,0,1000,100,"interaction","48","Cerebellum","stratified_Cerebellum"
0.434285714285714,0.630597014925373,0.0844444444444444,0.187777777777778,0.99,0.99,-0.334461715341336,0.530886375680461,0.5,1000,100,"interaction","48","Cortex","stratified_Cortex"
0.246031746031746,0.565022421524664,0.0344444444444444,0.14,0.95,0.97,-2.68358695847404,2.7221289768865,0,1000,100,"interaction","48","Hippocampus","stratified_Hippocampus"
1,0.9125,0.00555555555555556,0.0811111111111111,0,0.07,-1.50601562884939,1.51503467978453,0,1000,100,"interaction","48","Olfactory","stratified_Olfactory"
1,0.91025641025641,0.00222222222222222,0.0788888888888889,0,0.07,-1.503214294218,1.51179356562761,0,1000,100,"interaction","48","Striatum","stratified_Striatum"
1,0.892857142857143,0.00666666666666667,0.0833333333333333,0,0.09,-1.47230353086261,1.48282633356419,0,1000,100,"interaction","49","Cerebellum","stratified_Cerebellum"
0.473118279569892,0.629213483146067,0.0978865406006674,0.186874304783092,0.98,0.99,-0.253131753543938,0.455178743962074,0.55,999,100,"interaction","49","Cortex","stratified_Cortex"
0.234375,0.512315270935961,0.0333704115684093,0.115684093437152,0.98,0.99,-2.70977706355466,2.74361429419074,0,999,100,"interaction","49","Hippocampus","stratified_Hippocampus"
1,0.890243902439024,0.00222469410456062,0.0812013348164627,0,0.09,-1.47605019532225,1.48609566298499,0,999,100,"interaction","49","Olfactory","stratified_Olfactory"
1,0.894117647058824,0.00333704115684093,0.0845383759733037,0,0.09,-1.48101752643044,1.49033814805854,0,999,100,"interaction","49","Striatum","stratified_Striatum"
1,0.871428571428571,0.00333333333333333,0.0677777777777778,0,0.09,-1.4908040575863,1.49982967005546,0,1000,100,"interaction","5","Cerebellum","stratified_Cerebellum"
0.361290322580645,0.591836734693878,0.0622222222222222,0.161111111111111,0.99,1,-0.244315090711311,0.408065783481019,0.6,1000,100,"interaction","5","Cortex","stratified_Cortex"
0.141592920353982,0.447513812154696,0.0177777777777778,0.09,0.97,1,-2.74627146252618,2.77612185145024,0,1000,100,"interaction","5","Hippocampus","stratified_Hippocampus"
0.666666666666667,0.864406779661017,0.00444444444444444,0.0566666666666667,0.02,0.08,-1.49065149568946,1.50039498029625,0,1000,100,"interaction","5","Olfactory","stratified_Olfactory"
NA,0.84375,0,0.06,0,0.1,-1.48093732478915,1.49093695204818,0,1000,100,"interaction","5","Striatum","stratified_Striatum"
0.75,0.951807228915663,0.00333704115684093,0.0878754171301446,0.0101010101010101,0.0404040404040404,-1.51261216329824,1.51880744949463,0,998,99,"interaction","50","Cerebellum","stratified_Cerebellum"
0.361842105263158,0.573275862068966,0.0611790878754171,0.147942157953281,0.97,0.99,-0.316685008927713,0.52904006853329,0.58,999,100,"interaction","50","Cortex","stratified_Cortex"
0.25,0.49238578680203,0.0356347438752784,0.108017817371938,0.96,1,-2.69038617999175,2.7304721010839,0,998,100,"interaction","50","Hippocampus","stratified_Hippocampus"
0.5,0.945652173913043,0.00111358574610245,0.0968819599109131,0.0101010101010101,0.0505050505050505,-1.51860092386037,1.5248819999031,0,997,99,"interaction","50","Olfactory","stratified_Olfactory"
1,0.941176470588235,0.00334075723830735,0.089086859688196,0,0.0505050505050505,-1.51688286948333,1.5228809320199,0,997,99,"interaction","50","Striatum","stratified_Striatum"
0.8,0.842857142857143,0.00444938820912125,0.0656284760845384,0.0101010101010101,0.111111111111111,-1.483616837745,1.49236389768433,0,998,99,"interaction","6","Cerebellum","stratified_Cerebellum"
0.321678321678322,0.60082304526749,0.0511111111111111,0.162222222222222,0.97,0.97,-0.263079732517516,0.490085252380624,0.61,1000,100,"interaction","6","Cortex","stratified_Cortex"
0.190082644628099,0.50990099009901,0.0255839822024472,0.114571746384872,0.98,0.99,-2.674916543748,2.70943804124786,0,999,100,"interaction","6","Hippocampus","stratified_Hippocampus"
0.75,0.91566265060241,0.00333704115684093,0.0845383759733037,0.0101010101010101,0.0707070707070707,-1.48434193701869,1.49331516630369,0,998,99,"interaction","6","Olfactory","stratified_Olfactory"
1,0.860759493670886,0.00333704115684093,0.0756395995550612,0,0.111111111111111,-1.48155971743585,1.49082725458201,0,998,99,"interaction","6","Striatum","stratified_Striatum"
1,0.914285714285714,0.00222469410456062,0.0711902113459399,0,0.06,-1.51684429876915,1.52709727026023,0,999,100,"interaction","7","Cerebellum","stratified_Cerebellum"
0.395061728395062,0.586776859504132,0.0712694877505568,0.158129175946548,0.98,1,-0.28300500516166,0.455205583883291,0.48,998,100,"interaction","7","Cortex","stratified_Cortex"
0.188034188034188,0.512437810945274,0.0244988864142539,0.114699331848552,0.95,0.98,-2.73708825245806,2.77393777999029,0,998,100,"interaction","7","Hippocampus","stratified_Hippocampus"
NA,0.913793103448276,0,0.0589543937708565,0,0.05,-1.51384061759381,1.52433914648543,0,999,100,"interaction","7","Olfactory","stratified_Olfactory"
1,0.915492957746479,0.0044543429844098,0.0723830734966592,0,0.06,-1.5048465096856,1.51553288472096,0,998,100,"interaction","7","Striatum","stratified_Striatum"
1,0.887323943661972,0.00111234705228031,0.0700778642936596,0,0.08,-1.53584795751597,1.54476819210184,0,999,100,"interaction","8","Cerebellum","stratified_Cerebellum"
0.25,0.56,0.0356347438752784,0.140311804008909,0.96,0.99,-0.323373487948827,0.512270801863918,0.53,998,100,"interaction","8","Cortex","stratified_Cortex"
0.19327731092437,0.487179487179487,0.0256124721603563,0.105790645879733,0.96,1,-2.71518807899196,2.75496268743844,0,998,100,"interaction","8","Hippocampus","stratified_Hippocampus"
NA,0.887096774193548,0,0.0611790878754171,0,0.07,-1.52952017245353,1.53816115628803,0,999,100,"interaction","8","Olfactory","stratified_Olfactory"
NA,0.859154929577465,0,0.0679287305122494,0,0.1,-1.53419640525417,1.5425941252652,0,998,100,"interaction","8","Striatum","stratified_Striatum"
0,0.853333333333333,0,0.0711111111111111,0.01,0.11,-1.48821706481952,1.50008104593675,0,1000,100,"interaction","9","Cerebellum","stratified_Cerebellum"
0.282608695652174,0.569565217391304,0.0433333333333333,0.145555555555556,0.99,0.99,-0.286511364822362,0.475490694078695,0.49,1000,100,"interaction","9","Cortex","stratified_Cortex"
0.21259842519685,0.49748743718593,0.03,0.11,1,1,-2.68285118716668,2.71708756797762,0,1000,100,"interaction","9","Hippocampus","stratified_Hippocampus"
1,0.811594202898551,0.00555555555555556,0.0622222222222222,0,0.13,-1.48538940332985,1.49728279581759,0,1000,100,"interaction","9","Olfactory","stratified_Olfactory"
0.833333333333333,0.786885245901639,0.00555555555555556,0.0533333333333333,0.01,0.13,-1.489286712795,1.50066057223583,0,1000,100,"interaction","9","Striatum","stratified_Striatum"
